Iterations:
0 1 2 3 4 5 6 7 8 9 10 11 12 13 14 15 16 17 18 19 20 21 22 23 24 25 26 27 28 29 30 31 32 33 34 35 36 37 38 39 40 41 42 43 44 45 46 47 48 49 50 51 52 53 54 55 56 57 58 59 60 61 62 63 64 65 66 67 68 69 70 71 72 73 74 75 76 77 78 79 80 81 82 83 84 85 86 87 88 89 90 91 92 93 94 95 96 97 98 99 100 101 102 103 104 105 106 107 108 109 110 111 112 113 114 115 116 117 118 119 120 121 122 123 124 125 126 127 128 129 130 131 132 133 134 135 136 137 138 139 140 141 142 143 144 145 146 147 148 149 150 151 152 153 154 155 156 157 158 159 160 161 162 163 164 165 166 167 168 169 170 171 172 173 174 175 176 177 178 179 180 181 182 183 184 185 186 187 188 189 190 191 192 193 194 195 196 197 198 199 200 201 202 203 204 205 206 207 208 209 210 211 212 213 214 215 216 217 218 219 220 221 222 223 224 225 226 227 228 229 230 231 232 233 234 235 236 237 238 239 240 241 242 243 244 245 246 247 248 249 250 251 252 253 254 255 256 257 258 259 260 261 262 263 264 265 266 267 268 269 270 271 272 273 274 275 276 277 278 279 280 281 282 283 284 285 286 287 288 289 290 291 292 293 294 295 296 297 298 299 300 301 302 303 304 305 306 307 308 309 310 311 312 313 314 315 316 317 318 319 320 321 322 323 324 325 326 327 328 329 330 331 332 333 334 335 336 337 338 339 340 341 342 343 344 345 346 347 348 349 350 351 352 353 354 355 356 357 358 359 360 361 362 363 364 365 366 367 368 369 370 371 372 373 374 375 376 377 378 379 380 381 382 383 384 385 386 387 388 389 390 391 392 393 394 395 396 397 398 399 400 401 402 403 404 405 406 407 408 409 410 411 412 413 414 415 416 417 418 419 420 421 422 423 424 425 426 427 428 429 430 431 432 433 434 435 436 437 438 439 440 441 442 443 444 445 446 447 448 449 450 451 452 453 454 455 456 457 458 459 460 461 462 463 464 465 466 467 468 469 470 471 472 473 474 475 476 477 478 479 480 481 482 483 484 485 486 487 488 489 490 491 492 493 494 495 496 497 498 499 500 501 502 503 504 505 506 507 508 509 510 511 512 513 514 515 516 517 518 519 520 521 522 523 524 525 526 527 528 529 530 531 532 533 534 535 536 537 538 539 540 541 542 543 544 545 546 547 548 549 550 551 552 553 554 555 556 557 558 559 560 561 562 563 564 565 566 567 568 569 570 571 572 573 574 575 576 577 578 579 580 581 582 583 584 585 586 587 588 589 590 591 592 593 594 595 596 597 598 599 600 601 602 603 604 605 606 607 608 609 610 611 612 613 614 615 616 617 618 619 620 621 622 623 624 625 626 627 628 629 630 631 632 633 634 635 636 637 638 639 640 641 642 643 644 645 646 647 648 649 650 651 652 653 654 655 656 657 658 659 660 661 662 663 664 665 666 667 668 669 670 671 672 673 674 675 676 677 678 679 680 681 682 683 684 685 686 687 688 689 690 691 692 693 694 695 696 697 698 699 700 701 702 703 704 705 706 707 708 709 710 711 712 713 714 715 716 717 718 719 720 721 722 723 724 725 726 727 728 729 730 731 732 733 734 735 736 737 738 739 740 741 742 743 744 745 746 747 748 749 750 751 752 753 754 755 756 757 758 759 760 761 762 763 764 765 766 767 768 769 770 771 772 773 774 775 776 777 778 779 780 781 782 783 784 785 786 787 788 789 790 791 792 793 794 795 796 797 798 799 800 801 802 803 804 805 806 807 808 809 810 811 812 813 814 815 816 817 818 819 820 821 822 823 824 825 826 827 828 829 830 831 832 833 834 835 836 837 838 839 840 841 842 843 844 845 846 847 848 849 850 851 852 853 854 855 856 857 858 859 860 861 862 863 864 865 866 867 868 869 870 871 872 873 874 875 876 877 878 879 880 881 882 883 884 885 886 887 888 889 890 891 892 893 894 895 896 897 898 899 900 901 902 903 904 905 906 907 908 909 910 911 912 913 914 915 916 917 918 919 920 921 922 923 924 925 926 927 928 929 930 931 932 933 934 935 936 937 938 939 940 941 942 943 944 945 946 947 948 949 950 951 952 953 954 955 956 957 958 959 960 961 962 963 964 965 966 967 968 969 970 971 972 973 974 975 976 977 978 979 980 981 982 983 984 985 986 987 988 989 990 991 992 993 994 995 996 997 998 999 1000 1001 1002 1003 1004 1005 1006 1007 1008 1009 1010 1011 1012 1013 1014 1015 1016 1017 1018 1019 1020 1021 1022 1023 1024 1025 1026 1027 1028 1029 1030 1031 1032 1033 1034 1035 1036 1037 1038 1039 1040 1041 1042 1043 1044 1045 1046 1047 1048 1049 1050 1051 1052 1053 1054 1055 1056 1057 1058 1059 1060 1061 1062 1063 1064 1065 1066 1067 1068 1069 1070 1071 1072 1073 1074 1075 1076 1077 1078 1079 1080 1081 1082 1083 1084 1085 1086 1087 1088 1089 1090 1091 1092 1093 1094 1095 1096 1097 1098 1099 1100 1101 1102 1103 1104 1105 1106 1107 1108 1109 1110 1111 1112 1113 1114 1115 1116 1117 1118 1119 1120 1121 1122 1123 1124 1125 1126 1127 1128 1129 1130 1131 1132 1133 1134 1135 1136 1137 1138 1139 1140 1141 1142 1143 1144 1145 1146 1147 1148 1149 1150 1151 1152 1153 1154 1155 1156 1157 1158 1159 1160 1161 1162 1163 1164 1165 1166 1167 1168 1169 1170 1171 1172 1173 1174 1175 1176 1177 1178 1179 1180 1181 1182 1183 1184 1185 1186 1187 1188 1189 1190 1191 1192 1193 1194 1195 1196 1197 1198 1199 1200 1201 1202 1203 1204 1205 1206 1207 1208 1209 1210 1211 1212 1213 1214 1215 1216 1217 1218 1219 1220 1221 1222 1223 1224 1225 1226 1227 1228 1229 1230 1231 1232 1233 1234 1235 1236 1237 1238 1239 1240 1241 1242 1243 1244 1245 1246 1247 1248 1249 1250 1251 1252 1253 1254 1255 1256 1257 1258 1259 1260 1261 1262 1263 1264 1265 1266 1267 1268 1269 1270 1271 1272 1273 1274 1275 1276 1277 1278 1279 1280 1281 1282 1283 1284 1285 1286 1287 1288 1289 1290 1291 1292 1293 1294 1295 1296 1297 1298 1299 1300 1301 1302 1303 1304 1305 1306 1307 1308 1309 1310 1311 1312 1313 1314 1315 1316 1317 1318 1319 1320 1321 1322 1323 1324 1325 1326 1327 1328 1329 1330 1331 1332 1333 1334 1335 1336 1337 1338 1339 1340 1341 1342 1343 1344 1345 1346 1347 1348 1349 1350 1351 1352 1353 1354 1355 1356 1357 1358 1359 1360 1361 1362 1363 1364 1365 1366 1367 1368 1369 1370 1371 1372 1373 1374 1375 1376 1377 1378 1379 1380 1381 1382 1383 1384 1385 1386 1387 1388 1389 1390 1391 1392 1393 1394 1395 1396 1397 1398 1399 1400 1401 1402 1403 1404 1405 1406 1407 1408 1409 1410 1411 1412 1413 1414 1415 1416 1417 1418 1419 1420 1421 1422 1423 1424 1425 1426 1427 1428 1429 1430 1431 1432 1433 1434 1435 1436 1437 1438 1439 1440 1441 1442 1443 1444 1445 1446 1447 1448 1449 1450 1451 1452 1453 1454 1455 1456 1457 1458 1459 1460 1461 1462 1463 1464 1465 1466 1467 1468 1469 1470 1471 1472 1473 1474 1475 1476 1477 1478 1479 1480 1481 1482 1483 1484 1485 1486 1487 1488 1489 1490 1491 1492 1493 1494 1495 1496 1497 1498 1499 1500 1501 1502 1503 1504 1505 1506 1507 1508 1509 1510 1511 1512 1513 1514 1515 1516 1517 1518 1519 1520 1521 1522 1523 1524 1525 1526 1527 1528 1529 1530 1531 1532 1533 1534 1535 1536 1537 1538 1539 1540 1541 1542 1543 1544 1545 1546 1547 1548 1549 1550 1551 1552 1553 1554 1555 1556 1557 1558 1559 1560 1561 1562 1563 1564 1565 1566 1567 1568 1569 1570 1571 1572 1573 1574 1575 1576 1577 1578 1579 1580 1581 1582 1583 1584 1585 1586 1587 1588 1589 1590 1591 1592 1593 1594 1595 1596 1597 1598 1599 1600 1601 1602 1603 1604 1605 1606 1607 1608 1609 1610 1611 1612 1613 1614 1615 1616 1617 1618 1619 1620 1621 1622 1623 1624 1625 1626 1627 1628 1629 1630 1631 1632 1633 1634 1635 1636 1637 1638 1639 1640 1641 1642 1643 1644 1645 1646 1647 1648 1649 1650 1651 1652 1653 1654 1655 1656 1657 1658 1659 1660 1661 1662 1663 1664 1665 1666 1667 1668 1669 1670 1671 1672 1673 1674 1675 1676 1677 1678 1679 1680 1681 1682 1683 1684 1685 1686 1687 1688 1689 1690 1691 1692 1693 1694 1695 1696 1697 1698 1699 1700 1701 1702 1703 1704 1705 1706 1707 1708 1709 1710 1711 1712 1713 1714 1715 1716 1717 1718 1719 1720 1721 1722 1723 1724 1725 1726 1727 1728 1729 1730 1731 1732 1733 1734 1735 1736 1737 1738 1739 1740 1741 1742 1743 1744 1745 1746 1747 1748 1749 1750 1751 1752 1753 1754 1755 1756 1757 1758 1759 1760 1761 1762 1763 1764 1765 1766 1767 1768 1769 1770 1771 1772 1773 1774 1775 1776 1777 1778 1779 1780 1781 1782 1783 1784 1785 1786 1787 1788 1789 1790 1791 1792 1793 1794 1795 1796 1797 1798 1799 1800 1801 1802 1803 1804 1805 1806 1807 1808 1809 1810 1811 1812 1813 1814 1815 1816 1817 1818 1819 1820 1821 1822 1823 1824 1825 1826 1827 1828 1829 1830 1831 1832 1833 1834 1835 1836 1837 1838 1839 1840 1841 1842 1843 1844 1845 1846 1847 1848 1849 1850 1851 1852 1853 1854 1855 1856 1857 1858 1859 1860 1861 1862 1863 1864 1865 1866 1867 1868 1869 1870 1871 1872 1873 1874 1875 1876 1877 1878 1879 1880 1881 1882 1883 1884 1885 1886 1887 1888 1889 1890 1891 1892 1893 1894 1895 1896 1897 1898 1899 1900 1901 1902 1903 1904 1905 1906 1907 1908 1909 1910 1911 1912 1913 1914 1915 1916 1917 1918 1919 1920 1921 1922 1923 1924 1925 1926 1927 1928 1929 1930 1931 1932 1933 1934 1935 1936 1937 1938 1939 1940 1941 1942 1943 1944 1945 1946 1947 1948 1949 1950 1951 1952 1953 1954 1955 1956 1957 1958 1959 1960 1961 1962 1963 1964 1965 1966 1967 1968 1969 1970 1971 1972 1973 1974 1975 1976 1977 1978 1979 1980 1981 1982 1983 1984 1985 1986 1987 1988 1989 1990 1991 1992 1993 1994 1995 1996 1997 1998 1999 2000 2001 2002 2003 2004 2005 2006 2007 2008 2009 2010 2011 2012 2013 2014 2015 2016 2017 2018 2019 2020 2021 2022 2023 2024 2025 2026 2027 2028 2029 2030 2031 2032 2033 2034 2035 2036 2037 2038 2039 2040 2041 2042 2043 2044 2045 2046 2047 2048 2049 2050 2051 2052 2053 2054 2055 2056 2057 2058 2059 2060 2061 2062 2063 2064 2065 2066 2067 2068 2069 2070 2071 2072 2073 2074 2075 2076 2077 2078 2079 2080 2081 2082 2083 2084 2085 2086 2087 2088 2089 2090 2091 2092 2093 2094 2095 2096 2097 2098 2099 2100 2101 2102 2103 2104 2105 2106 2107 2108 2109 2110 2111 2112 2113 2114 2115 2116 2117 2118 2119 2120 2121 2122 2123 2124 2125 2126 2127 2128 2129 2130 2131 2132 2133 2134 2135 2136 2137 2138 2139 2140 2141 2142 2143 2144 2145 2146 2147 2148 2149 2150 2151 2152 2153 2154 2155 2156 2157 2158 2159 2160 2161 2162 2163 2164 2165 2166 2167 2168 2169 2170 2171 2172 2173 2174 2175 2176 2177 2178 2179 2180 2181 2182 2183 2184 2185 2186 2187 2188 2189 2190 2191 2192 2193 2194 2195 2196 2197 2198 2199 2200 2201 2202 2203 2204 2205 2206 2207 2208 2209 2210 2211 2212 2213 2214 2215 2216 2217 2218 2219 2220 2221 2222 2223 2224 2225 2226 2227 2228 2229 2230 2231 2232 2233 2234 2235 2236 2237 2238 2239 2240 2241 2242 2243 2244 2245 2246 2247 2248 2249 2250 2251 2252 2253 2254 2255 2256 2257 2258 2259 2260 2261 2262 2263 2264 2265 2266 2267 2268 2269 2270 2271 2272 2273 2274 2275 2276 2277 2278 2279 2280 2281 2282 2283 2284 2285 2286 2287 2288 2289 2290 2291 2292 2293 2294 2295 2296 2297 2298 2299 2300 2301 2302 2303 2304 2305 2306 2307 2308 2309 2310 2311 2312 2313 2314 2315 2316 2317 2318 2319 2320 2321 2322 2323 2324 2325 2326 2327 2328 2329 2330 2331 2332 2333 2334 2335 2336 2337 2338 2339 2340 2341 2342 2343 2344 2345 2346 2347 2348 2349 2350 2351 2352 2353 2354 2355 2356 2357 2358 2359 2360 2361 2362 2363 2364 2365 2366 2367 2368 2369 2370 2371 2372 2373 2374 2375 2376 2377 2378 2379 2380 2381 2382 2383 2384 2385 2386 2387 2388 2389 2390 2391 2392 2393 2394 2395 2396 2397 2398 2399 2400 2401 2402 2403 2404 2405 2406 2407 2408 2409 2410 2411 2412 2413 2414 2415 2416 2417 2418 2419 2420 2421 2422 2423 2424 2425 2426 2427 2428 2429 2430 2431 2432 2433 2434 2435 2436 2437 2438 2439 2440 2441 2442 2443 2444 2445 2446 2447 2448 2449 2450 2451 2452 2453 2454 2455 2456 2457 2458 2459 2460 2461 2462 2463 2464 2465 2466 2467 2468 2469 2470 2471 2472 2473 2474 2475 2476 2477 2478 2479 2480 2481 2482 2483 2484 2485 2486 2487 2488 2489 2490 2491 2492 2493 2494 2495 2496 2497 2498 2499 2500 2501 2502 2503 2504 2505 2506 2507 2508 2509 2510 2511 2512 2513 2514 2515 2516 2517 2518 2519 2520 2521 2522 2523 2524 2525 2526 2527 2528 2529 2530 2531 2532 2533 2534 2535 2536 2537 2538 2539 2540 2541 2542 2543 2544 2545 2546 2547 2548 2549 2550 2551 2552 2553 2554 2555 2556 2557 2558 2559 2560 2561 2562 2563 2564 2565 2566 2567 2568 2569 2570 2571 2572 2573 2574 2575 2576 2577 2578 2579 2580 2581 2582 2583 2584 2585 2586 2587 2588 2589 2590 2591 2592 2593 2594 2595 2596 2597 2598 2599 2600 2601 2602 2603 2604 2605 2606 2607 2608 2609 2610 2611 2612 2613 2614 2615 2616 2617 2618 2619 2620 2621 2622 2623 2624 2625 2626 2627 2628 2629 2630 2631 2632 2633 2634 2635 2636 2637 2638 2639 2640 2641 2642 2643 2644 2645 2646 2647 2648 2649 2650 2651 2652 2653 2654 2655 2656 2657 2658 2659 2660 2661 2662 2663 2664 2665 2666 2667 2668 2669 2670 2671 2672 2673 2674 2675 2676 2677 2678 2679 2680 2681 2682 2683 2684 2685 2686 2687 2688 2689 2690 2691 2692 2693 2694 2695 2696 2697 2698 2699 2700 2701 2702 2703 2704 2705 2706 2707 2708 2709 2710 2711 2712 2713 2714 2715 2716 2717 2718 2719 2720 2721 2722 2723 2724 2725 2726 2727 2728 2729 2730 2731 2732 2733 2734 2735 2736 2737 2738 2739 2740 2741 2742 2743 2744 2745 2746 2747 2748 2749 2750 2751 2752 2753 2754 2755 2756 2757 2758 2759 2760 2761 2762 2763 2764 2765 2766 2767 2768 2769 2770 2771 2772 2773 2774 2775 2776 2777 2778 2779 2780 2781 2782 2783 2784 2785 2786 2787 2788 2789 2790 2791 2792 2793 2794 2795 2796 2797 2798 2799 2800 2801 2802 2803 2804 2805 2806 2807 2808 2809 2810 2811 2812 2813 2814 2815 2816 2817 2818 2819 2820 2821 2822 2823 2824 2825 2826 2827 2828 2829 2830 2831 2832 2833 2834 2835 2836 2837 2838 2839 2840 2841 2842 2843 2844 2845 2846 2847 2848 2849 2850 2851 2852 2853 2854 2855 2856 2857 2858 2859 2860 2861 2862 2863 2864 2865 2866 2867 2868 2869 2870 2871 2872 2873 2874 2875 2876 2877 2878 2879 2880 2881 2882 2883 2884 2885 2886 2887 2888 2889 2890 2891 2892 2893 2894 2895 2896 2897 2898 2899 2900 2901 2902 2903 2904 2905 2906 2907 2908 2909 2910 2911 2912 2913 2914 2915 2916 2917 2918 2919 2920 2921 2922 2923 2924 2925 2926 2927 2928 2929 2930 2931 2932 2933 2934 2935 2936 2937 2938 2939 2940 2941 2942 2943 2944 2945 2946 2947 2948 2949 2950 2951 2952 2953 2954 2955 2956 2957 2958 2959 2960 2961 2962 2963 2964 2965 2966 2967 2968 2969 2970 2971 2972 2973 2974 2975 2976 2977 2978 2979 2980 2981 2982 2983 2984 2985 2986 2987 2988 2989 2990 2991 2992 2993 2994 2995 2996 2997 2998 2999 3000 3001 3002 3003 3004 3005 3006 3007 3008 3009 3010 3011 3012 3013 3014 3015 3016 3017 3018 3019 3020 3021 3022 3023 3024 3025 3026 3027 3028 3029 3030 3031 3032 3033 3034 3035 3036 3037 3038 3039 3040 3041 3042 3043 3044 3045 3046 3047 3048 3049 3050 3051 3052 3053 3054 3055 3056 3057 3058 3059 3060 3061 3062 3063 3064 3065 3066 3067 3068 3069 3070 3071 3072 3073 3074 3075 3076 3077 3078 3079 3080 3081 3082 3083 3084 3085 3086 3087 3088 3089 3090 3091 3092 3093 3094 3095 3096 3097 3098 3099 3100 3101 3102 3103 3104 3105 3106 3107 3108 3109 3110 3111 3112 3113 3114 3115 3116 3117 3118 3119 3120 3121 3122 3123 3124 3125 3126 3127 3128 3129 3130 3131 3132 3133 3134 3135 3136 3137 3138 3139 3140 3141 3142 3143 3144 3145 3146 3147 3148 3149 3150 3151 3152 3153 3154 3155 3156 3157 3158 3159 3160 3161 3162 3163 3164 3165 3166 3167 3168 3169 3170 3171 3172 3173 3174 3175 3176 3177 3178 3179 3180 3181 3182 3183 3184 3185 3186 3187 3188 3189 3190 3191 3192 3193 3194 3195 3196 3197 3198 3199 3200 3201 3202 3203 3204 3205 3206 3207 3208 3209 3210 3211 3212 3213 3214 3215 3216 3217 3218 3219 3220 3221 3222 3223 3224 3225 3226 3227 3228 3229 3230 3231 3232 3233 3234 3235 3236 3237 3238 3239 3240 3241 3242 3243 3244 3245 3246 3247 3248 3249 3250 3251 3252 3253 3254 3255 3256 3257 3258 3259 3260 3261 3262 3263 3264 3265 3266 3267 3268 3269 3270 3271 3272 3273 3274 3275 3276 3277 3278 3279 3280 3281 3282 3283 3284 3285 3286 3287 3288 3289 3290 3291 3292 3293 3294 3295 3296 3297 3298 3299 3300 3301 3302 3303 3304 3305 3306 3307 3308 3309 3310 3311 3312 3313 3314 3315 3316 3317 3318 3319 3320 3321 3322 3323 3324 3325 3326 3327 3328 3329 3330 3331 3332 3333 3334 3335 3336 3337 3338 3339 3340 3341 3342 3343 3344 3345 3346 3347 3348 3349 3350 3351 3352 3353 3354 3355 3356 3357 3358 3359 3360 3361 3362 3363 3364 3365 3366 3367 3368 3369 3370 3371 3372 3373 3374 3375 3376 3377 3378 3379 3380 3381 3382 3383 3384 3385 3386 3387 3388 3389 3390 3391 3392 3393 3394 3395 3396 3397 3398 3399 3400 3401 3402 3403 3404 3405 3406 3407 3408 3409 3410 3411 3412 3413 3414 3415 3416 3417 3418 3419 3420 3421 3422 3423 3424 3425 3426 3427 3428 3429 3430 3431 3432 3433 3434 3435 3436 3437 3438 3439 3440 3441 3442 3443 3444 3445 3446 3447 3448 3449 3450 3451 3452 3453 3454 3455 3456 3457 3458 3459 3460 3461 3462 3463 3464 3465 3466 3467 3468 3469 3470 3471 3472 3473 3474 3475 3476 3477 3478 3479 3480 3481 3482 3483 3484 3485 3486 3487 3488 3489 3490 3491 3492 3493 3494 3495 3496 3497 3498 3499 3500 3501 3502 3503 3504 3505 3506 3507 3508 3509 3510 3511 3512 3513 3514 3515 3516 3517 3518 3519 3520 3521 3522 3523 3524 3525 3526 3527 3528 3529 3530 3531 3532 3533 3534 3535 3536 3537 3538 3539 3540 3541 3542 3543 3544 3545 3546 3547 3548 3549 3550 3551 3552 3553 3554 3555 3556 3557 3558 3559 3560 3561 3562 3563 3564 3565 3566 3567 3568 3569 3570 3571 3572 3573 3574 3575 3576 3577 3578 3579 3580 3581 3582 3583 3584 3585 3586 3587 3588 3589 3590 3591 3592 3593 3594 3595 3596 3597 3598 3599 3600 3601 3602 3603 3604 3605 3606 3607 3608 3609 3610 3611 3612 3613 3614 3615 3616 3617 3618 3619 3620 3621 3622 3623 3624 3625 3626 3627 3628 3629 3630 3631 3632 3633 3634 3635 3636 3637 3638 3639 3640 3641 3642 3643 3644 3645 3646 3647 3648 3649 3650 3651 3652 3653 3654 3655 3656 3657 3658 3659 3660 3661 3662 3663 3664 3665 3666 3667 3668 3669 3670 3671 3672 3673 3674 3675 3676 3677 3678 3679 3680 3681 3682 3683 3684 3685 3686 3687 3688 3689 3690 3691 3692 3693 3694 3695 3696 3697 3698 3699 3700 3701 3702 3703 3704 3705 3706 3707 3708 3709 3710 3711 3712 3713 3714 3715 3716 3717 3718 3719 3720 3721 3722 3723 3724 3725 3726 3727 3728 3729 3730 3731 3732 3733 3734 3735 3736 3737 3738 3739 3740 3741 3742 3743 3744 3745 3746 3747 3748 3749 3750 3751 3752 3753 3754 3755 3756 3757 3758 3759 3760 3761 3762 3763 3764 3765 3766 3767 3768 3769 3770 3771 3772 3773 3774 3775 3776 3777 3778 3779 3780 3781 3782 3783 3784 3785 3786 3787 3788 3789 3790 3791 3792 3793 3794 3795 3796 3797 3798 3799 3800 3801 3802 3803 3804 3805 3806 3807 3808 3809 3810 3811 3812 3813 3814 3815 3816 3817 3818 3819 3820 3821 3822 3823 3824 3825 3826 3827 3828 3829 3830 3831 3832 3833 3834 3835 3836 3837 3838 3839 3840 3841 3842 3843 3844 3845 3846 3847 3848 3849 3850 3851 3852 3853 3854 3855 3856 3857 3858 3859 3860 3861 3862 3863 3864 3865 3866 3867 3868 3869 3870 3871 3872 3873 3874 3875 3876 3877 3878 3879 3880 3881 3882 3883 3884 3885 3886 3887 3888 3889 3890 3891 3892 3893 3894 3895 3896 3897 3898 3899 3900 3901 3902 3903 3904 3905 3906 3907 3908 3909 3910 3911 3912 3913 3914 3915 3916 3917 3918 3919 3920 3921 3922 3923 3924 3925 3926 3927 3928 3929 3930 3931 3932 3933 3934 3935 3936 3937 3938 3939 3940 3941 3942 3943 3944 3945 3946 3947 3948 3949 3950 3951 3952 3953 3954 3955 3956 3957 3958 3959 3960 3961 3962 3963 3964 3965 3966 3967 3968 3969 3970 3971 3972 3973 3974 3975 3976 3977 3978 3979 3980 3981 3982 3983 3984 3985 3986 3987 3988 3989 3990 3991 3992 3993 3994 3995 3996 3997 3998 3999 4000 4001 4002 4003 4004 4005 4006 4007 4008 4009 4010 4011 4012 4013 4014 4015 4016 4017 4018 4019 4020 4021 4022 4023 4024 4025 4026 4027 4028 4029 4030 4031 4032 4033 4034 4035 4036 4037 4038 4039 4040 4041 4042 4043 4044 4045 4046 4047 4048 4049 4050 4051 4052 4053 4054 4055 4056 4057 4058 4059 4060 4061 4062 4063 4064 4065 4066 4067 4068 4069 4070 4071 4072 4073 4074 4075 4076 4077 4078 4079 4080 4081 4082 4083 4084 4085 4086 4087 4088 4089 4090 4091 4092 4093 4094 4095 4096 4097 4098 4099 4100 4101 4102 4103 4104 4105 4106 4107 4108 4109 4110 4111 4112 4113 4114 4115 4116 4117 4118 4119 4120 4121 4122 4123 4124 4125 4126 4127 4128 4129 4130 4131 4132 4133 4134 4135 4136 4137 4138 4139 4140 4141 4142 4143 4144 4145 4146 4147 4148 4149 4150 4151 4152 4153 4154 4155 4156 4157 4158 4159 4160 4161 4162 4163 4164 4165 4166 4167 4168 4169 4170 4171 4172 4173 4174 4175 4176 4177 4178 4179 4180 4181 4182 4183 4184 4185 4186 4187 4188 4189 4190 4191 4192 4193 4194 4195 4196 4197 4198 4199 4200 4201 4202 4203 4204 4205 4206 4207 4208 4209 4210 4211 4212 4213 4214 4215 4216 4217 4218 4219 4220 4221 4222 4223 4224 4225 4226 4227 4228 4229 4230 4231 4232 4233 4234 4235 4236 4237 4238 4239 4240 4241 4242 4243 4244 4245 4246 4247 4248 4249 4250 4251 4252 4253 4254 4255 4256 4257 4258 4259 4260 4261 4262 4263 4264 4265 4266 4267 4268 4269 4270 4271 4272 4273 4274 4275 4276 4277 4278 4279 4280 4281 4282 4283 4284 4285 4286 4287 4288 4289 4290 4291 4292 4293 4294 4295 4296 4297 4298 4299 4300 4301 4302 4303 4304 4305 4306 4307 4308 4309 4310 4311 4312 4313 4314 4315 4316 4317 4318 4319 4320 4321 4322 4323 4324 4325 4326 4327 4328 4329 4330 4331 4332 4333 4334 4335 4336 4337 4338 4339 4340 4341 4342 4343 4344 4345 4346 4347 4348 4349 4350 4351 4352 4353 4354 4355 4356 4357 4358 4359 4360 4361 4362 4363 4364 4365 4366 4367 4368 4369 4370 4371 4372 4373 4374 4375 4376 4377 4378 4379 4380 4381 4382 4383 4384 4385 4386 4387 4388 4389 4390 4391 4392 4393 4394 4395 4396 4397 4398 4399 4400 4401 4402 4403 4404 4405 4406 4407 4408 4409 4410 4411 4412 4413 4414 4415 4416 4417 4418 4419 4420 4421 4422 4423 4424 4425 4426 4427 4428 4429 4430 4431 4432 4433 4434 4435 4436 4437 4438 4439 4440 4441 4442 4443 4444 4445 4446 4447 4448 4449 4450 4451 4452 4453 4454 4455 4456 4457 4458 4459 4460 4461 4462 4463 4464 4465 4466 4467 4468 4469 4470 4471 4472 4473 4474 4475 4476 4477 4478 4479 4480 4481 4482 4483 4484 4485 4486 4487 4488 4489 4490 4491 4492 4493 4494 4495 4496 4497 4498 4499 4500 4501 4502 4503 4504 4505 4506 4507 4508 4509 4510 4511 4512 4513 4514 4515 4516 4517 4518 4519 4520 4521 4522 4523 4524 4525 4526 4527 4528 4529 4530 4531 4532 4533 4534 4535 4536 4537 4538 4539 4540 4541 4542 4543 4544 4545 4546 4547 4548 4549 4550 4551 4552 4553 4554 4555 4556 4557 4558 4559 4560 4561 4562 4563 4564 4565 4566 4567 4568 4569 4570 4571 4572 4573 4574 4575 4576 4577 4578 4579 4580 4581 4582 4583 4584 4585 4586 4587 4588 4589 4590 4591 4592 4593 4594 4595 4596 4597 4598 4599 4600 4601 4602 4603 4604 4605 4606 4607 4608 4609 4610 4611 4612 4613 4614 4615 4616 4617 4618 4619 4620 4621 4622 4623 4624 4625 4626 4627 4628 4629 4630 4631 4632 4633 4634 4635 4636 4637 4638 4639 4640 4641 4642 4643 4644 4645 4646 4647 4648 4649 4650 4651 4652 4653 4654 4655 4656 4657 4658 4659 4660 4661 4662 4663 4664 4665 4666 4667 4668 4669 4670 4671 4672 4673 4674 4675 4676 4677 4678 4679 4680 4681 4682 4683 4684 4685 4686 4687 4688 4689 4690 4691 4692 4693 4694 4695 4696 4697 4698 4699 4700 4701 4702 4703 4704 4705 4706 4707 4708 4709 4710 4711 4712 4713 4714 4715 4716 4717 4718 4719 4720 4721 4722 4723 4724 4725 4726 4727 4728 4729 4730 4731 4732 4733 4734 4735 4736 4737 4738 4739 4740 4741 4742 4743 4744 4745 4746 4747 4748 4749 4750 4751 4752 4753 4754 4755 4756 4757 4758 4759 4760 4761 4762 4763 4764 4765 4766 4767 4768 4769 4770 4771 4772 4773 4774 4775 4776 4777 4778 4779 4780 4781 4782 4783 4784 4785 4786 4787 4788 4789 4790 4791 4792 4793 4794 4795 4796 4797 4798 4799 4800 4801 4802 4803 4804 4805 4806 4807 4808 4809 4810 4811 4812 4813 4814 4815 4816 4817 4818 4819 4820 4821 4822 4823 4824 4825 4826 4827 4828 4829 4830 4831 4832 4833 4834 4835 4836 4837 4838 4839 4840 4841 4842 4843 4844 4845 4846 4847 4848 4849 4850 4851 4852 4853 4854 4855 4856 4857 4858 4859 4860 4861 4862 4863 4864 4865 4866 4867 4868 4869 4870 4871 4872 4873 4874 4875 4876 4877 4878 4879 4880 4881 4882 4883 4884 4885 4886 4887 4888 4889 4890 4891 4892 4893 4894 4895 4896 4897 4898 4899 4900 4901 4902 4903 4904 4905 4906 4907 4908 4909 4910 4911 4912 4913 4914 4915 4916 4917 4918 4919 4920 4921 4922 4923 4924 4925 4926 4927 4928 4929 4930 4931 4932 4933 4934 4935 4936 4937 4938 4939 4940 4941 4942 4943 4944 4945 4946 4947 4948 4949 4950 4951 4952 4953 4954 4955 4956 4957 4958 4959 4960 4961 4962 4963 4964 4965 4966 4967 4968 4969 4970 4971 4972 4973 4974 4975 4976 4977 4978 4979 4980 4981 4982 4983 4984 4985 4986 4987 4988 4989 4990 4991 4992 4993 4994 4995 4996 4997 4998 4999 5000 5001 5002 5003 5004 5005 5006 5007 5008 5009 5010 5011 5012 5013 5014 5015 5016 5017 5018 5019 5020 5021 5022 5023 5024 5025 5026 5027 5028 5029 5030 5031 5032 5033 5034 5035 5036 5037 5038 5039 5040 5041 5042 5043 5044 5045 5046 5047 5048 5049 5050 5051 5052 5053 5054 5055 5056 5057 5058 5059 5060 5061 5062 5063 5064 5065 5066 5067 5068 5069 5070 5071 5072 5073 5074 5075 5076 5077 5078 5079 5080 5081 5082 5083 5084 5085 5086 5087 5088 5089 5090 5091 5092 5093 5094 5095 5096 5097 5098 5099 5100 5101 5102 5103 5104 5105 5106 5107 5108 5109 5110 5111 5112 5113 5114 5115 5116 5117 5118 5119 5120 5121 5122 5123 5124 5125 5126 5127 5128 5129 5130 5131 5132 5133 5134 5135 5136 5137 5138 5139 5140 5141 5142 5143 5144 5145 5146 5147 5148 5149 5150 5151 5152 5153 5154 5155 5156 5157 5158 5159 5160 5161 5162 5163 5164 5165 5166 5167 5168 5169 5170 5171 5172 5173 5174 5175 5176 5177 5178 5179 5180 5181 5182 5183 5184 5185 5186 5187 5188 5189 5190 5191 5192 5193 5194 5195 5196 5197 5198 5199 5200 5201 5202 5203 5204 5205 5206 5207 5208 5209 5210 5211 5212 5213 5214 5215 5216 5217 5218 5219 5220 5221 5222 5223 5224 5225 5226 5227 5228 5229 5230 5231 5232 5233 5234 5235 5236 5237 5238 5239 5240 5241 5242 5243 5244 5245 5246 5247 5248 5249 5250 5251 5252 5253 5254 5255 5256 5257 5258 5259 5260 5261 5262 5263 5264 5265 5266 5267 5268 5269 5270 5271 5272 5273 5274 5275 5276 5277 5278 5279 5280 5281 5282 5283 5284 5285 5286 5287 5288 5289 5290 5291 5292 5293 5294 5295 5296 5297 5298 5299 5300 5301 5302 5303 5304 5305 5306 5307 5308 5309 5310 5311 5312 5313 5314 5315 5316 5317 5318 5319 5320 5321 5322 5323 5324 5325 5326 5327 5328 5329 5330 5331 5332 5333 5334 5335 5336 5337 5338 5339 5340 5341 5342 5343 5344 5345 5346 5347 5348 5349 5350 5351 5352 5353 5354 5355 5356 5357 5358 5359 5360 5361 5362 5363 5364 5365 5366 5367 5368 5369 5370 5371 5372 5373 5374 5375 5376 5377 5378 5379 5380 5381 5382 5383 5384 5385 5386 5387 5388 5389 5390 5391 5392 5393 5394 5395 5396 5397 5398 5399 5400 5401 5402 5403 5404 5405 5406 5407 5408 5409 5410 5411 5412 5413 5414 5415 5416 5417 5418 5419 5420 5421 5422 5423 5424 5425 5426 5427 5428 5429 5430 5431 5432 5433 5434 5435 5436 5437 5438 5439 5440 5441 5442 5443 5444 5445 5446 5447 5448 5449 5450 5451 5452 5453 5454 5455 5456 5457 5458 5459 5460 5461 5462 5463 5464 5465 5466 5467 5468 5469 5470 5471 5472 5473 5474 5475 5476 5477 5478 5479 5480 5481 5482 5483 5484 5485 5486 5487 5488 5489 5490 5491 5492 5493 5494 5495 5496 5497 5498 5499 5500 5501 5502 5503 5504 5505 5506 5507 5508 5509 5510 5511 5512 5513 5514 5515 5516 5517 5518 5519 5520 5521 5522 5523 5524 5525 5526 5527 5528 5529 5530 5531 5532 5533 5534 5535 5536 5537 5538 5539 5540 5541 5542 5543 5544 5545 5546 5547 5548 5549 5550 5551 5552 5553 5554 5555 5556 5557 5558 5559 5560 5561 5562 5563 5564 5565 5566 5567 5568 5569 5570 5571 5572 5573 5574 5575 5576 5577 5578 5579 5580 5581 5582 5583 5584 5585 5586 5587 5588 5589 5590 5591 5592 5593 5594 5595 5596 5597 5598 5599 5600 5601 5602 5603 5604 5605 5606 5607 5608 5609 5610 5611 5612 5613 5614 5615 5616 5617 5618 5619 5620 5621 5622 5623 5624 5625 5626 5627 5628 5629 5630 5631 5632 5633 5634 5635 5636 5637 5638 5639 5640 5641 5642 5643 5644 5645 5646 5647 5648 5649 5650 5651 5652 5653 5654 5655 5656 5657 5658 5659 5660 5661 5662 5663 5664 5665 5666 5667 5668 5669 5670 5671 5672 5673 5674 5675 5676 5677 5678 5679 5680 5681 5682 5683 5684 5685 5686 5687 5688 5689 5690 5691 5692 5693 5694 5695 5696 5697 5698 5699 5700 5701 5702 5703 5704 5705 5706 5707 5708 5709 5710 5711 5712 5713 5714 5715 5716 5717 5718 5719 5720 5721 5722 5723 5724 5725 5726 5727 5728 5729 5730 5731 5732 5733 5734 5735 5736 5737 5738 5739 5740 5741 5742 5743 5744 5745 5746 5747 5748 5749 5750 5751 5752 5753 5754 5755 5756 5757 5758 5759 5760 5761 5762 5763 5764 5765 5766 5767 5768 5769 5770 5771 5772 5773 5774 5775 5776 5777 5778 5779 5780 5781 5782 5783 5784 5785 5786 5787 5788 5789 5790 5791 5792 5793 5794 5795 5796 5797 5798 5799 5800 5801 5802 5803 5804 5805 5806 5807 5808 5809 5810 5811 5812 5813 5814 5815 5816 5817 5818 5819 5820 5821 5822 5823 5824 5825 5826 5827 5828 5829 5830 5831 5832 5833 5834 5835 5836 5837 5838 5839 5840 5841 5842 5843 5844 5845 5846 5847 5848 5849 5850 5851 5852 5853 5854 5855 5856 5857 5858 5859 5860 5861 5862 5863 5864 5865 5866 5867 5868 5869 5870 5871 5872 5873 5874 5875 5876 5877 5878 5879 5880 5881 5882 5883 5884 5885 5886 5887 5888 5889 5890 5891 5892 5893 5894 5895 5896 5897 5898 5899 5900 5901 5902 5903 5904 5905 5906 5907 5908 5909 5910 5911 5912 5913 5914 5915 5916 5917 5918 5919 5920 5921 5922 5923 5924 5925 5926 5927 5928 5929 5930 5931 5932 5933 5934 5935 5936 5937 5938 5939 5940 5941 5942 5943 5944 5945 5946 5947 5948 5949 5950 5951 5952 5953 5954 5955 5956 5957 5958 5959 5960 5961 5962 5963 5964 5965 5966 5967 5968 5969 5970 5971 5972 5973 5974 5975 5976 5977 5978 5979 5980 5981 5982 5983 5984 5985 5986 5987 5988 5989 5990 5991 5992 5993 5994 5995 5996 5997 5998 5999 6000 
Solution vector (q):
64 64 4
1.1202811896440348e+00
1.1013511852563633e+00
1.0764169937181955e+00
1.0570660227477020e+00
1.0411599473999691e+00
1.0270462455838523e+00
1.0139852915101026e+00
1.0018386471456104e+00
9.9026425653603456e-01
9.7908214965212170e-01
9.6802923649914940e-01
9.5691223427814875e-01
9.4559157862604459e-01
9.3396770631284376e-01
9.2189417986445232e-01
9.0912439483572394e-01
8.9552247875826640e-01
8.8144343627811406e-01
8.6816514845012871e-01
8.5762543101222855e-01
8.5178665811411003e-01
8.5192361373627890e-01
8.5835532927783154e-01
8.7074546002886499e-01
8.8893900295372241e-01
9.1354748996056434e-01
9.4650987664188047e-01
9.9170429334171817e-01
1.0547856211104583e+00
1.1431741300234513e+00
1.2496815150182370e+00
1.3122387216752622e+00
1.2538117787137848e+00
1.0936969062830033e+00
9.2851289309599816e-01
8.1160951764857558e-01
7.4041521974010638e-01
6.9910505195287542e-01
6.7523842881224194e-01
6.5907659889697645e-01
6.4531581012979633e-01
6.3194942126754550e-01
6.1881109099260112e-01
6.0644419925230775e-01
5.9536003429237894e-01
5.8610607283669214e-01
5.7932410542841506e-01
5.7422031570536558e-01
5.6781615628290250e-01
5.6014102093294160e-01
5.5765532577827648e-01
6.0397084464296369e-01
8.0407424141105577e-01
9.6897288688692018e-01
9.6410070049046481e-01
9.7544046551608132e-01
9.8640962632787965e-01
9.9519757537019449e-01
1.0045998195534782e+00
1.0154162941465543e+00
1.0270841405364759e+00
1.0397472766616198e+00
1.0491074646003162e+00
1.0607252303019234e+00
1.1028917266011857e+00
1.0951618219938672e+00
1.0783409942730782e+00
1.0625665990551230e+00
1.0488259560427842e+00
1.0361121112748914e+00
1.0241199345145466e+00
1.0128634736985438e+00
1.0021609110275769e+00
9.9185742556998480e-01
9.8179783857377456e-01
9.7185476501958545e-01
9.6194268000892791e-01
9.5200421606385033e-01
9.4193285630481305e-01
9.3153392060112405e-01
9.2073652241098847e-01
9.1003903148642085e-01
9.0080876429349044e-01
8.9505343441748186e-01
8.9472030444874184e-01
9.0104269975386930e-01
9.1442257711253205e-01
9.3483461130170276e-01
9.6232255684909240e-01
9.9719662122905495e-01
1.0398406931646194e+00
1.0900755944631868e+00
1.1461348234064703e+00
1.2022872308146764e+00
1.2466774994642704e+00
1.2658118429408682e+00
1.2454459458016098e+00
1.1898198537883189e+00
1.1093973261495298e+00
1.0162382700088488e+00
9.3206384338266535e-01
8.6309838457815491e-01
8.0859119807087376e-01
7.6576377277285068e-01
7.3243457485683594e-01
7.0581685321131304e-01
6.8365362936058205e-01
6.6452043380503156e-01
6.4769985418884790e-01
6.3321501324798146e-01
6.2149686564856776e-01
6.1186016698821155e-01
6.0100966883312068e-01
5.8975193577002682e-01
5.8057848307909432e-01
6.2979150159582620e-01
8.3963377232789804e-01
9.9785384080918305e-01
9.8630205682832905e-01
9.9200387482564201e-01
1.0004527329242676e+00
1.0076808428502679e+00
1.0153344226851169e+00
1.0243138009629322e+00
1.0341137124700754e+00
1.0425287389025168e+00
1.0474522280774432e+00
1.0671748964801264e+00
1.0781980914318743e+00
1.0831285305053167e+00
1.0742824860926052e+00
1.0624272778026580e+00
1.0510828551747573e+00
1.0397110601073249e+00
1.0284847586986412e+00
1.0176996644288467e+00
1.0073030011897652e+00
9.9718565149692384e-01
9.8723542583003154e-01
9.7736023830193530e-01
9.6750374897657265e-01
9.5762782261008739e-01
9.4764625659866897e-01
9.3741921581881194e-01
9.2698194974916370e-01
9.1696352530426106e-01
9.0881911935813509e-01
9.0450505501382727e-01
9.0576755643478890e-01
9.1357197913533705e-01
9.2807713272701597e-01
9.4905209821538838e-01
9.7625839686566196e-01
1.0095157521202942e+00
1.0484837924992518e+00
1.0922474148199310e+00
1.1386760918403822e+00
1.1825357483361350e+00
1.2149718158183338e+00
1.2270712508568360e+00
1.2098546639340022e+00
1.1644776288252681e+00
1.0974442574381955e+00
1.0239079298647142e+00
9.5483643520932249e-01
8.9348648224052640e-01
8.4116128417290614e-01
7.9776631436991496e-01
7.6211115617933600e-01
7.3271015112643023e-01
7.0806110191075289e-01
6.8689720446395663e-01
6.6833641799452159e-01
6.5220610277219326e-01
6.3872456550726009e-01
6.2737525580140863e-01
6.1448374806170702e-01
6.0226471675554150e-01
5.8472890933299460e-01
6.4710404078971684e-01
8.6379704054576689e-01
1.0072362879845604e+00
9.9642540393530243e-01
9.9893177253624188e-01
1.0071389898209491e+00
1.0147165836812178e+00
1.0217942574518668e+00
1.0293289389376019e+00
1.0366657097801530e+00
1.0415683302658456e+00
1.0423861729800159e+00
1.0527650184844286e+00
1.0609771643012134e+00
1.0708441550562420e+00
1.0679165562877158e+00
1.0607155252693459e+00
1.0525751659191152e+00
1.0431437165235009e+00
1.0329819558218252e+00
1.0227669999541824e+00
1.0127001484871121e+00
1.0027985434846081e+00
9.9303461787053338e-01
9.8337594754296687e-01
9.7381016017583322e-01
9.6433114972206457e-01
9.5488102749924475e-01
9.4537989086899432e-01
9.3599149986529806e-01
9.2751572588643072e-01
9.2149653695315714e-01
9.1981606436123564e-01
9.2399315620620981e-01
9.3471217241051074e-01
9.5186267463434160e-01
9.7489924617257684e-01
1.0030586447614691e+00
1.0353240524925929e+00
1.0702064116058019e+00
1.1054147576243305e+00
1.1375993004610261e+00
1.1627506781289749e+00
1.1773923379772762e+00
1.1804937337280943e+00
1.1714407133656377e+00
1.1500438254022631e+00
1.1153222694287332e+00
1.0689861071764470e+00
1.0153442584484715e+00
9.5954870211532983e-01
9.0597630272812268e-01
8.5716888916013256e-01
8.1432168031519003e-01
7.7761880482341494e-01
7.4651753465728832e-01
7.2010602165986026e-01
6.9740913822891071e-01
6.7793234248118095e-01
6.6139375677168621e-01
6.4722764403296051e-01
6.3121133479207781e-01
6.1805951191660058e-01
5.8788146423204701e-01
6.7762463294292330e-01
8.9990192999038365e-01
1.0155083201077781e+00
1.0072354438075053e+00
1.0058020003977961e+00
1.0132363850765387e+00
1.0210997246438325e+00
1.0275129824806748e+00
1.0333386850195001e+00
1.0376891838372662e+00
1.0381329785955844e+00
1.0350387228337012e+00
1.0407286929528012e+00
1.0499216204935942e+00
1.0607967773827160e+00
1.0611184862615639e+00
1.0573643872729386e+00
1.0521042072431539e+00
1.0447534625254271e+00
1.0358387636113586e+00
1.0262842638337553e+00
1.0165666365891355e+00
1.0068691155742657e+00
9.9727084783826703e-01
9.8780962528832461e-01
9.7851802682550815e-01
9.6941864727912308e-01
9.6048768679569685e-01
9.5172362490202234e-01
9.4342668554545983e-01
9.3653204173691829e-01
9.3260556196468969e-01
9.3334548017080232e-01
9.3991345305635288e-01
9.5257507867291047e-01
9.7082606502201096e-01
9.9371409042445613e-01
1.0200220117253649e+00
1.0482791579009094e+00
1.0766406252656393e+00
1.1028458800015606e+00
1.1244955237591230e+00
1.1394464971874931e+00
1.1467553069079093e+00
1.1470696434084842e+00
1.1406814468129682e+00
1.1272448798562025e+00
1.1047570014978549e+00
1.0728363346914487e+00
1.0334996795777189e+00
9.8954678400743523e-01
9.4384395025382772e-01
8.9897274849663300e-01
8.5668220678030493e-01
8.1805430408590185e-01
7.8356781997827130e-01
7.5326035472444897e-01
7.2684883401228628e-01
7.0401688353691838e-01
6.8417307676059069e-01
6.6663512676176806e-01
6.4704295829714231e-01
6.3043915759811520e-01
5.9684598688881707e-01
7.1931711145334865e-01
9.3928588340551511e-01
1.0150788062635996e+00
1.0124314316994183e+00
1.0095120836856715e+00
1.0164746984573267e+00
1.0247081257498567e+00
1.0306739477820621e+00
1.0350089795719044e+00
1.0367945466136863e+00
1.0338134024517165e+00
1.0285721558472418e+00
1.0328760215093482e+00
1.0412101222894552e+00
1.0524625132890044e+00
1.0546096172988253e+00
1.0528160786828127e+00
1.0495439848835193e+00
1.0440229934243408e+00
1.0364701775796077e+00
1.0278223811877774e+00
1.0187104019615534e+00
1.0094486654816124e+00
1.0002165512172607e+00
9.9112376995621354e-01
9.8224947426314924e-01
9.7364614535000460e-01
9.6533090430070723e-01
9.5739116566395943e-01
9.5026971812941941e-01
9.4501337952901598e-01
9.4313915821904737e-01
9.4607372081362584e-01
9.5455566678557713e-01
9.6841255373588797e-01
9.8678084591830051e-01
1.0084098839036657e+00
1.0318475032640904e+00
1.0554538255355559e+00
1.0774307020252354e+00
1.0960722137573951e+00
1.1100057080398282e+00
1.1185306189153448e+00
1.1219266441144313e+00
1.1211392308021708e+00
1.1166002111641304e+00
1.1079565020011346e+00
1.0937520952032478e+00
1.0726041933967139e+00
1.0445059232438276e+00
1.0105878689351884e+00
9.7267937675806659e-01
9.3285158066307849e-01
8.9306929574969873e-01
8.5478310658615320e-01
8.1898030431383040e-01
7.8624854546542033e-01
7.5683003383789438e-01
7.3072754959471464e-01
7.0730131517148065e-01
6.8546339537258827e-01
6.6228847862807361e-01
6.4003396290200576e-01
6.2423110024358908e-01
7.6789276994745892e-01
9.6269570555043749e-01
1.0126342639312578e+00
1.0128783486406954e+00
1.0106159081667923e+00
1.0173290302872193e+00
1.0255266137436179e+00
1.0310403127828203e+00
1.0342964746489520e+00
1.0343902720186953e+00
1.0294119387157969e+00
1.0230038405336923e+00
1.0262635027093141e+00
1.0337415682150231e+00
1.0453049675776580e+00
1.0486603745988592e+00
1.0478998034993503e+00
1.0457770380745015e+00
1.0416771139006145e+00
1.0355164846915275e+00
1.0280528283148667e+00
1.0199019600932275e+00
1.0114167732046526e+00
1.0028336798730610e+00
9.9432673376422775e-01
9.8602657555206585e-01
9.7802661614926834e-01
9.7040060120269533e-01
9.6333863979885248e-01
9.5741708668170855e-01
9.5374924342888567e-01
9.5372121645451202e-01
9.5841696875056714e-01
9.6813035700455019e-01
9.8230516913851740e-01
9.9981606046272054e-01
1.0192643035667484e+00
1.0391423152700197e+00
1.0578948045424752e+00
1.0741491762555879e+00
1.0868713973314150e+00
1.0955226310633621e+00
1.1001920849010309e+00
1.1014851435079522e+00
1.1002472282252322e+00
1.0968241041808171e+00
1.0909009395772626e+00
1.0814113493082871e+00
1.0670590769969148e+00
1.0471156685937055e+00
1.0216831929008359e+00
9.9155198292411273e-01
9.5799256390084053e-01
9.2250327529418974e-01
8.8655918375964637e-01
8.5140737163301539e-01
8.1795384895000889e-01
7.8679643588449788e-01
7.5809879661848278e-01
7.3133093470305410e-01
7.0482583697019963e-01
6.7877940285236771e-01
6.5277988864417136e-01
6.6628312971032222e-01
8.1750246304352636e-01
9.7545846978606598e-01
1.0115506005299912e+00
1.0113858282876347e+00
1.0103666497674337e+00
1.0169414773827923e+00
1.0245667212276786e+00
1.0294538859357121e+00
1.0320027914805314e+00
1.0311971781275044e+00
1.0251883353072848e+00
1.0180362187583398e+00
1.0202710021921351e+00
1.0274182091130324e+00
1.0391436574467843e+00
1.0433059873962720e+00
1.0430394041789106e+00
1.0414644714497339e+00
1.0383920817839225e+00
1.0335581886003948e+00
1.0274366908296673e+00
1.0204855436533073e+00
1.0130021888303595e+00
1.0052378709413352e+00
9.9741599495745159e-01
9.8972750159880918e-01
9.8232429803461052e-01
9.7535727099359548e-01
9.6913059295363235e-01
9.6433357321288316e-01
9.6208162520127749e-01
9.6355843523379137e-01
9.6947317639063102e-01
9.7971632146868859e-01
9.9344829933044099e-01
1.0094089265707362e+00
1.0261940388772135e+00
1.0423817412359171e+00
1.0567405773499341e+00
1.0683722961748348e+00
1.0767999278740259e+00
1.0820182017299949e+00
1.0844167328162073e+00
1.0846036525621212e+00
1.0832138770377813e+00
1.0804812330672546e+00
1.0761784165261918e+00
1.0695565484042773e+00
1.0595890482550041e+00
1.0453806545222162e+00
1.0264804939288472e+00
1.0029759396411930e+00
9.7545835468842690e-01
9.4489921975533209e-01
9.1245997199684137e-01
8.7932108785113727e-01
8.4654104277629960e-01
8.1487975455165274e-01
7.8456263011239114e-01
7.5518889048203430e-01
7.2492073178369953e-01
6.9655754838532025e-01
6.7312341818355093e-01
7.1739845244062206e-01
8.6132861507671887e-01
9.8286915368914407e-01
1.0099684307935068e+00
1.0089755843718142e+00
1.0093393553263403e+00
1.0158233379203714e+00
1.0225363828822018e+00
1.0266590688715411e+00
1.0287673325760278e+00
1.0276297491489945e+00
1.0212307570340411e+00
1.0136759423951576e+00
1.0150699801560259e+00
1.0220960789322633e+00
1.0338290287168792e+00
1.0384777478552414e+00
1.0383775180706214e+00
1.0370027473397507e+00
1.0346828705073932e+00
1.0310615423407405e+00
1.0262911350218797e+00
1.0206037268464265e+00
1.0141951935484381e+00
1.0073065965263779e+00
1.0002012708173518e+00
9.9312848880088145e-01
9.8630882757032767e-01
9.7998065646345756e-01
9.7455756776566782e-01
9.7080481601353474e-01
9.6977617505447689e-01
9.7240565551452818e-01
9.7903827207785621e-01
9.8924565652481378e-01
1.0020173742743985e+00
1.0160723821940074e+00
1.0300847046188266e+00
1.0428682964012157e+00
1.0535569014873063e+00
1.0616618354673295e+00
1.0670896257590208e+00
1.0701002783797835e+00
1.0711435567526526e+00
1.0707266009706338e+00
1.0693108201987040e+00
1.0670485730995167e+00
1.0637785306826826e+00
1.0589668714207807e+00
1.0518255592067143e+00
1.0415492334157110e+00
1.0274826426612522e+00
1.0093011126263054e+00
9.8709745738009513e-01
9.6135737034248936e-01
9.3286524339656607e-01
9.0256709662094814e-01
8.7141735211454496e-01
8.4022526818858079e-01
8.0925158806081654e-01
7.7818394584732564e-01
7.4598092259758741e-01
7.1643951127172723e-01
7.0498514875649865e-01
7.6906578732866515e-01
8.9421052518297250e-01
9.8633994426785399e-01
1.0072109688188919e+00
1.0064077253927255e+00
1.0081027062796113e+00
1.0143832342003805e+00
1.0200196503207983e+00
1.0233043491810976e+00
1.0250916892578159e+00
1.0239395451992086e+00
1.0175737228693382e+00
1.0099027224085002e+00
1.0106519098080418e+00
1.0175855757723129e+00
1.0292023801635191e+00
1.0340976658172023e+00
1.0339887144882811e+00
1.0326661662205432e+00
1.0309420878647304e+00
1.0283873905979941e+00
1.0248449827252455e+00
1.0203345162423401e+00
1.0149594617162330e+00
1.0089414415352849e+00
1.0025666049391702e+00
9.9612673605563073e-01
9.8990437581499902e-01
9.8422080334191320e-01
9.7957996577289697e-01
9.7677927177530233e-01
9.7675996428235046e-01
9.8019058668104142e-01
9.8709958444613000e-01
9.9683779610336909e-01
1.0083233647871304e+00
1.0203348905289162e+00
1.0317047950661820e+00
1.0415402220030856e+00
1.0492996283411713e+00
1.0547980848629992e+00
1.0581723458232890e+00
1.0597665255808395e+00
1.0599953990102173e+00
1.0592516056644201e+00
1.0578651232502565e+00
1.0559331812374775e+00
1.0533354362849447e+00
1.0496836912782432e+00
1.0443877038109792e+00
1.0367863977539078e+00
1.0262169715961265e+00
1.0121673231593167e+00
9.9440215935666432e-01
9.7302694935351342e-01
9.4846266142371249e-01
9.2136789432183086e-01
8.9250337629914289e-01
8.6254775489158864e-01
8.3181950269723059e-01
8.0015442540849868e-01
7.6803171410727356e-01
7.4106788805435897e-01
7.4381491144053158e-01
8.1221728565475504e-01
9.1726336847672196e-01
9.8729758857368299e-01
1.0038885101385033e+00
1.0040738948735641e+00
1.0069034832648533e+00
1.0128521988941726e+00
1.0174356178567534e+00
1.0199058054997070e+00
1.0213890414433111e+00
1.0203325911135808e+00
1.0142275983275288e+00
1.0066393860501035e+00
1.0069017397146287e+00
1.0137523307035519e+00
1.0251435999049614e+00
1.0301100921018154e+00
1.0299240471857922e+00
1.0286298493552959e+00
1.0274109900619863e+00
1.0257482370887681e+00
1.0232271079900213e+00
1.0197236522977822e+00
1.0152872098470647e+00
1.0101126950852088e+00
1.0044809538506732e+00
9.9870081459853965e-01
9.9309935759351708e-01
9.8806682577388871e-01
9.8417239293103176e-01
9.8220629112190283e-01
9.8296667852175157e-01
9.8686909308490267e-01
9.9369552587400478e-01
1.0026673371032573e+00
1.0127098903705618e+00
1.0227082859353345e+00
1.0317177211843873e+00
1.0391151239518910e+00
1.0446146971565964e+00
1.0482332329063948e+00
1.0502126545521964e+00
1.0508977917122986e+00
1.0506342283739676e+00
1.0497178885441114e+00
1.0483840526870631e+00
1.0466938808540933e+00
1.0445547170801437e+00
1.0416788330810163e+00
1.0376221795512206e+00
1.0318552921659412e+00
1.0237923931698840e+00
1.0128722759924653e+00
9.9868448910144780e-01
9.8106597487248337e-01
9.6013901706664850e-01
9.3627780079748069e-01
9.1001385846827643e-01
8.8187194993146667e-01
8.5220687509074056e-01
8.2123502430278617e-01
7.9096060345675379e-01
7.6969521451404410e-01
7.8225468994473857e-01
8.4700332599868255e-01
9.3295335210034891e-01
9.8679814513361586e-01
1.0005161488874150e+00
1.0019453904856253e+00
1.0056586402267538e+00
1.0112445362445837e+00
1.0149692413404825e+00
1.0167616697202015e+00
1.0179384406233081e+00
1.0169615361988429e+00
1.0111963276473819e+00
1.0038179856941001e+00
1.0037306452025863e+00
1.0105057033104785e+00
1.0215724453053305e+00
1.0264815678331216e+00
1.0262121851606765e+00
1.0249786087291133e+00
1.0241963578161075e+00
1.0232387619954639e+00
1.0215111215529620e+00
1.0188315181925791e+00
1.0152306560736493e+00
1.0108640367384423e+00
1.0059777933845848e+00
1.0008738111349689e+00
9.9590527901556125e-01
9.9151458452478247e-01
9.8831031654451995e-01
9.8704431706137430e-01
9.8836045796963490e-01
9.9245445601698057e-01
9.9893523267411855e-01
1.0069674994187718e+00
1.0155373188077026e+00
1.0236774899389460e+00
1.0306699287434584e+00
1.0361156227256845e+00
1.0399124473885759e+00
1.0421944652668886e+00
1.0432318054202965e+00
1.0433337417685002e+00
1.0427756122304195e+00
1.0417772890122252e+00
1.0405063686918852e+00
1.0389994784221011e+00
1.0371833513488875e+00
1.0348407220179756e+00
1.0316337547027166e+00
1.0271449039701455e+00
1.0208797545370591e+00
1.0123037561870760e+00
1.0009384058023403e+00
9.8645626675644549e-01
9.6875420157865078e-01
9.4796456312890098e-01
9.2440122375453737e-01
8.9845220633702660e-01
8.7053130939990608e-01
8.4140644283883492e-01
8.1431359746873200e-01
7.9933258062121426e-01
8.1686601940528214e-01
8.7457164316757585e-01
9.4368462142818754e-01
9.8569055377956649e-01
9.9745487259460475e-01
9.9999290096989224e-01
1.0042946754115492e+00
1.0095323546544386e+00
1.0126612457798709e+00
1.0139887968568426e+00
1.0148882455373003e+00
1.0139277952936019e+00
1.0084902744712232e+00
1.0013934030817491e+00
1.0010754674868207e+00
1.0077686628994662e+00
1.0184302973046786e+00
1.0231937963208015e+00
1.0228650639390049e+00
1.0217348115508615e+00
1.0213208301374230e+00
1.0208912079947978e+00
1.0197554802340332e+00
1.0177419955441509e+00
1.0148797065380168e+00
1.0112713691098996e+00
1.0071096904599159e+00
1.0026749301012523e+00
9.9833175028825805e-01
9.9455647529249791e-01
9.9197210549551784e-01
9.9126976652609100e-01
9.9294275611057103e-01
9.9701016456573688e-01
1.0029724970421161e+00
1.0099938518876090e+00
1.0171524272374000e+00
1.0236526431319477e+00
1.0289754748297946e+00
1.0328946408802016e+00
1.0354300571992969e+00
1.0367692559587551e+00
1.0371734244108168e+00
1.0369036220238788e+00
1.0361745875713029e+00
1.0351484748066548e+00
1.0339444502315038e+00
1.0325825199318224e+00
1.0310030141736484e+00
1.0290384464657134e+00
1.0264289475189685e+00
1.0228455472297724e+00
1.0178785794223273e+00
1.0110535129890794e+00
1.0018875119613220e+00
9.8997224567935926e-01
9.7505243094667637e-01
9.5707334199755212e-01
9.3617036837171219e-01
9.1262851558545921e-01
8.8695103307309520e-01
8.6044722757440151e-01
8.3718803308470280e-01
8.2747601316884112e-01
8.4669694843793741e-01
8.9621311133687465e-01
9.5139058402580889e-01
9.8458823242814186e-01
9.9493928531847331e-01
9.9828123344706643e-01
1.0028596307069164e+00
1.0077423496647746e+00
1.0105044243676722e+00
1.0115934879849089e+00
1.0122891307395070e+00
1.0112910408735516e+00
1.0061250375110213e+00
9.9933425093750683e-01
9.9887744025308611e-01
1.0054709212315047e+00
1.0156701397587036e+00
1.0202352492482125e+00
1.0198812129118600e+00
1.0188843551169240e+00
1.0187663593101464e+00
1.0187140564014161e+00
1.0180142236303220e+00
1.0165416877289426e+00
1.0143246196240920e+00
1.0114072156477492e+00
1.0079253582250540e+00
1.0041315777549775e+00
1.0003899911498881e+00
9.9719174766503371e-01
9.9515151542784785e-01
9.9488581082222916e-01
9.9675116893195326e-01
1.0006349177585399e+00
1.0059811942700376e+00
1.0119929754652015e+00
1.0178617780735277e+00
1.0229601359899410e+00
1.0269322994600214e+00
1.0296774236907351e+00
1.0312883948447966e+00
1.0319672077152864e+00
1.0319485757086806e+00
1.0314459614713014e+00
1.0306246792106590e+00
1.0296038658368123e+00
1.0284678405977470e+00
1.0272253195201122e+00
1.0258264038258789e+00
1.0241393629227453e+00
1.0219617012996403e+00
1.0190323782288293e+00
1.0150158783417282e+00
1.0095035703029609e+00
1.0020436496414502e+00
9.9220364797597826e-01
9.7964221002437279e-01
9.6417237966484204e-01
9.4579894624099003e-01
9.2473915039571730e-01
9.0159617660248237e-01
8.7809625116648438e-01
8.5871948747771143e-01
8.5292465106618887e-01
8.7173368558979314e-01
9.1325106178419180e-01
9.5722209422715421e-01
9.8376538361947152e-01
9.9303074625859511e-01
9.9686833886008563e-01
1.0014547982203152e+00
1.0059497325547520e+00
1.0084909079100304e+00
1.0095279421617265e+00
1.0101238878176830e+00
1.0090714995964289e+00
1.0041124322211636e+00
9.9761625640708662e-01
9.9708041524163382e-01
1.0035514408860924e+00
1.0132536242998642e+00
1.0175946013464321e+00
1.0172467646244980e+00
1.0163941317801117e+00
1.0165008989877606e+00
1.0167091093178671e+00
1.0163330006153684e+00
1.0153019318921874e+00
1.0136378005383329e+00
1.0113314681753107e+00
1.0084693321721889e+00
1.0052744299573080e+00
1.0020994488598234e+00
9.9943224712128143e-01
9.9786014316996918e-01
9.9791894654851643e-01
9.9984816392237641e-01
1.0034442551554925e+00
1.0081352175778000e+00
1.0131883378410045e+00
1.0179177514104993e+00
1.0218456059737049e+00
1.0247438441593419e+00
1.0265977760525675e+00
1.0275368795387427e+00
1.0277568641027226e+00
1.0274596663427444e+00
1.0268167287175078e+00
1.0259542584056065e+00
1.0249593927765013e+00
1.0238912374454525e+00
1.0227507386230033e+00
1.0214952472529490e+00
1.0200193223044032e+00
1.0181629442248985e+00
1.0157173463257274e+00
1.0124083339227352e+00
1.0078889633718224e+00
1.0017547981429953e+00
9.9358396663309712e-01
9.8299864597792774e-01
9.6973321573016447e-01
9.5370349769383300e-01
9.3508922161460450e-01
9.1458006246225176e-01
8.9415488344137906e-01
8.7832276318620395e-01
8.7521369551213168e-01
8.9247412817252247e-01
9.2677935389864585e-01
9.6185516103193702e-01
9.8331539283995362e-01
9.9168486985017223e-01
9.9576576306824705e-01
1.0001726218597280e+00
1.0042460158802542e+00
1.0066307102884693e+00
1.0077328012878306e+00
1.0083358175267181e+00
1.0072529155918293e+00
1.0024518142626824e+00
9.9621855449193275e-01
9.9563434240650239e-01
1.0019578863570395e+00
1.0111477940462679e+00
1.0152571313624505e+00
1.0149380169404330e+00
1.0142239672036271e+00
1.0144920880786614e+00
1.0148764670214960e+00
1.0147449208047394e+00
1.0140729219784976e+00
1.0128723074897330e+00
1.0110935726011818e+00
1.0087846737680610e+00
1.0061386216418378e+00
1.0034872531714045e+00
1.0012999342900197e+00
1.0001228090807175e+00
1.0004111539677434e+00
1.0023091930104260e+00
1.0055569584205464e+00
1.0095960240378685e+00
1.0137715027307725e+00
1.0175197718758751e+00
1.0204879758638221e+00
1.0225438735391328e+00
1.0237281050870131e+00
1.0241832598757541e+00
1.0240881084861642e+00
1.0236119539586572e+00
1.0228908750642673e+00
1.0220206606673596e+00
1.0210645937920422e+00
1.0200634793244590e+00
1.0190129284572240e+00
1.0178758556023491e+00
1.0165664752373620e+00
1.0149565880328679e+00
1.0128777369759598e+00
1.0101051076097940e+00
1.0063469048471798e+00
1.0012494838853101e+00
9.9442133564555546e-01
9.8548213488587721e-01
9.7412989323845656e-01
9.6022925314956531e-01
9.4394130419448197e-01
9.2601296762149343e-01
9.0851811621981970e-01
8.9571799373415695e-01
8.9433229642393197e-01
9.0956819804711031e-01
9.3765264414550953e-01
9.6571027699273471e-01
9.8323599328765265e-01
9.9081492556674466e-01
9.9494830868845940e-01
9.9906874850429950e-01
1.0027092295848534e+00
1.0049484263168449e+00
1.0061617355078749e+00
1.0068559209542807e+00
1.0057930665087433e+00
1.0011272995312523e+00
9.9512038550260384e-01
9.9449571405463588e-01
1.0006459600316198e+00
1.0093230751764877e+00
1.0132038488257529e+00
1.0129255489678184e+00
1.0123342298932541e+00
1.0127120034291641e+00
1.0132140689395512e+00
1.0132694050193018e+00
1.0128859995878721e+00
1.0120663004812978e+00
1.0107353100160095e+00
1.0089124539269831e+00
1.0067607520013035e+00
1.0045844715039023e+00
1.0028232559473000e+00
1.0019733421051886e+00
1.0024138791168833e+00
1.0042148197326644e+00
1.0070870444084683e+00
1.0105058673453320e+00
1.0139009710233780e+00
1.0168207595705221e+00
1.0190133784953783e+00
1.0204160671365738e+00
1.0211015546997257e+00
1.0212117393219606e+00
1.0209040408234953e+00
1.0203180937877077e+00
1.0195609598931521e+00
1.0187049304162457e+00
1.0177955084315047e+00
1.0168601217046740e+00
1.0158908335464685e+00
1.0148549304587715e+00
1.0136815696624704e+00
1.0122667618484000e+00
1.0104732124049667e+00
1.0081158099492140e+00
1.0049501734573325e+00
1.0006711442168339e+00
9.9492697506101935e-01
9.8735623152761010e-01
9.7765077292363389e-01
9.6565336868535334e-01
9.5151698922874550e-01
9.3601078069386334e-01
9.2117782657180514e-01
9.1087446081686030e-01
9.1053303431290955e-01
9.2364280436921864e-01
9.4651105628173415e-01
9.6904260620548921e-01
9.8347886238175486e-01
9.9032797162710418e-01
9.9437437058389189e-01
9.9816307613890498e-01
1.0013860385405486e+00
1.0034684451921128e+00
1.0047862170559179e+00
1.0056202777586312e+00
1.0046366536403049e+00
1.0001096888349685e+00
9.9429835364908692e-01
9.9362649245036216e-01
9.9957716728840229e-01
1.0077509341591679e+00
1.0114119308939211e+00
1.0111780163117943e+00
1.0106893016781140e+00
1.0111372308435149e+00
1.0117166377496536e+00
1.0119144866259846e+00
1.0117592412838847e+00
1.0112476560930681e+00
1.0102917595354888e+00
1.0088899272624399e+00
1.0071762200859484e+00
1.0054236321559129e+00
1.0040346986391777e+00
1.0034512624192486e+00
1.0039832061571703e+00
1.0056450305423799e+00
1.0081391440611263e+00
1.0109870878680058e+00
1.0137035543517317e+00
1.0159345983527333e+00
1.0175078068890782e+00
1.0184089478648783e+00
1.0187266885918314e+00
1.0185944573275361e+00
1.0181476345230995e+00
1.0175000507883702e+00
1.0167353854729984e+00
1.0159078018578376e+00
1.0150495305924663e+00
1.0141781953588389e+00
1.0132835757398606e+00
1.0123365055649061e+00
1.0112777496166021e+00
1.0100219473961061e+00
1.0084561423497456e+00
1.0064271489600856e+00
1.0037303469463743e+00
1.0001048810185573e+00
9.9524125330647772e-01
9.8880881618277827e-01
9.8051284725719567e-01
9.7019467402787340e-01
9.5800402521071004e-01
9.4470001294158690e-01
9.3220871084698864e-01
9.2391757804852559e-01
9.2416150674446318e-01
9.3524953671972999e-01
9.5382330190869002e-01
9.7199996322127846e-01
9.8397805591587750e-01
9.9014058046355835e-01
9.9400263151472934e-01
9.9745068123917846e-01
1.0002907890240396e+00
1.0022037448006502e+00
1.0035902516992394e+00
1.0045778862573853e+00
1.0037261345310313e+00
9.9936020399493786e-01
9.9372518235427743e-01
9.9299261177190445e-01
9.9871862923717736e-01
1.0064042851499060e+00
1.0098563436963843e+00
1.0096646796751059e+00
1.0092583619929107e+00
1.0097474731832978e+00
1.0103756762915543e+00
1.0106804274179899e+00
1.0107023260313188e+00
1.0104367677447208e+00
1.0097915415188141e+00
1.0087494869173823e+00
1.0074179298666235e+00
1.0060373307848416e+00
1.0049688955485596e+00
1.0045989292610653e+00
1.0051760943597745e+00
1.0066754756816818e+00
1.0088059570663068e+00
1.0111417490926722e+00
1.0132783134211403e+00
1.0149441692454197e+00
1.0160279374642300e+00
1.0165476427329005e+00
1.0165974657834385e+00
1.0162984227234293e+00
1.0157650887959055e+00
1.0150894312294574e+00
1.0143364479362436e+00
1.0135463395659221e+00
1.0127414031972812e+00
1.0119320964340051e+00
1.0111068359290321e+00
1.0102394158134740e+00
1.0092797574425523e+00
1.0081570333667320e+00
1.0067774994145215e+00
1.0050137041035798e+00
1.0026941509164093e+00
9.9959716844618740e-01
9.9545415993667208e-01
9.8997055138454160e-01
9.8287648353571089e-01
9.7402436222549016e-01
9.6356181350154779e-01
9.5221418200050378e-01
9.4173761099972930e-01
9.3504859312398425e-01
9.3558254463491641e-01
9.4485319268893542e-01
9.5993133168845790e-01
9.7466631262011783e-01
9.8466549301928108e-01
9.9018205801287451e-01
9.9379729050574728e-01
9.9691441158317717e-01
9.9941485924542250e-01
1.0011528872524538e+00
1.0025631154870585e+00
1.0036913632102678e+00
1.0030086171076449e+00
9.9883531976022710e-01
9.9337021807109926e-01
9.9256310188671082e-01
9.9804154525142308e-01
1.0052570100849998e+00
1.0085112405410235e+00
1.0083567473303279e+00
1.0080148614576336e+00
1.0085243305237759e+00
1.0091803395756516e+00
1.0095628454002767e+00
1.0097196250810960e+00
1.0096481236062251e+00
1.0092572462613656e+00
1.0085185730297419e+00
1.0075157843613678e+00
1.0064571506161277e+00
1.0056608856731393e+00
1.0054590970194557e+00
1.0060476155210805e+00
1.0073751887785918e+00
1.0091673983803089e+00
1.0110529153682615e+00
1.0127011440443592e+00
1.0139084298622110e+00
1.0146093010133672e+00
1.0148420021752442e+00
1.0146997110421965e+00
1.0142895562702714e+00
1.0137073643066294e+00
1.0130269129333445e+00
1.0122983473211138e+00
1.0115511144862217e+00
1.0108000767151955e+00
1.0100504718946486e+00
1.0092900140012480e+00
1.0084950368869749e+00
1.0076227961974160e+00
1.0066139731250545e+00
1.0053901524053255e+00
1.0038447317555608e+00
1.0018337142971250e+00
9.9916932940040626e-01
9.9562078634881768e-01
9.9093055629792293e-01
9.8485904130299973e-01
9.7727626576921423e-01
9.6832677725014327e-01
9.5868647817221431e-01
9.4991802721589635e-01
9.4449788597940454e-01
9.4514167105450408e-01
9.5283432445820204e-01
9.6508572349319499e-01
9.7708967234206956e-01
9.8547930586316135e-01
9.9039344856259937e-01
9.9372765394924256e-01
9.9653257856694677e-01
9.9873698578723746e-01
1.0003027493009418e+00
1.0016946675539398e+00
1.0029343507475470e+00
1.0024396636521560e+00
9.9849150266695219e-01
9.9320082450211211e-01
9.9230930779463788e-01
9.9752056498924946e-01
1.0042845181685456e+00
1.0073514191452502e+00
1.0072280234833297e+00
1.0069357115865085e+00
1.0074506610028680e+00
1.0081185199350648e+00
1.0085549517763344e+00
1.0088121489214430e+00
1.0088915899623017e+00
1.0087063024271079e+00
1.0082201392347663e+00
1.0074964961602069e+00
1.0067128333647357e+00
1.0061446780051784e+00
1.0060730568480658e+00
1.0066491325079168e+00
1.0078054986819189e+00
1.0092907686045840e+00
1.0107871621300430e+00
1.0120292435882259e+00
1.0128683023673859e+00
1.0132726703394495e+00
1.0132922071393309e+00
1.0130151950718962e+00
1.0125348868238306e+00
1.0119307012861145e+00
1.0112614274764591e+00
1.0105654408649691e+00
1.0098639275401353e+00
1.0091661960913765e+00
1.0084736996227401e+00
1.0077739282667819e+00
1.0070454407051852e+00
1.0062514644847986e+00
1.0053419001326576e+00
1.0042506978645629e+00
1.0028882202530200e+00
1.0011333104738220e+00
9.9882719002972109e-01
9.9577293333561168e-01
9.9174848270727867e-01
9.8654582417696834e-01
9.8005506448929114e-01
9.7241604730716702e-01
9.6424582203054121e-01
9.5691168322124920e-01
9.5249580178130544e-01
9.5314566049867255e-01
9.5949858462745086e-01
9.6947198672666346e-01
9.7929871264147916e-01
9.8636779061022284e-01
9.9072650308710353e-01
9.9376703490877638e-01
9.9628270220412152e-01
9.9823078693702949e-01
9.9963292808442050e-01
1.0009731400963648e+00
1.0022880432616639e+00
1.0019839256698664e+00
9.9828841934139412e-01
9.9318425408968691e-01
9.9220456627838571e-01
9.9713329655716787e-01
1.0034642079286800e+00
1.0063532189888198e+00
1.0062550620267301e+00
1.0060006062348992e+00
1.0065103988646402e+00
1.0071777704923914e+00
1.0076488519120512e+00
1.0079786400186301e+00
1.0081734295249836e+00
1.0081519443869844e+00
1.0078732088443847e+00
1.0073835797493902e+00
1.0068317399228328e+00
1.0064523202382945e+00
1.0064794671626218e+00
1.0070272156970701e+00
1.0080197484709239e+00
1.0092320787911884e+00
1.0103969624558271e+00
1.0113050271042099e+00
1.0118514196072963e+00
1.0120287413602256e+00
1.0118925678713881e+00
1.0115241724002826e+00
1.0110037175011717e+00
1.0103965421219518e+00
1.0097491868519941e+00
1.0090907101459814e+00
1.0084359679486929e+00
1.0077901247603047e+00
1.0071519368971769e+00
1.0065089949940118e+00
1.0058418414836399e+00
1.0051186398880199e+00
1.0042967611901223e+00
1.0033202196857034e+00
1.0021132909529080e+00
1.0005738020925738e+00
9.9856756806744085e-01
9.9592737560007172e-01
9.9246368698843890e-01
9.8799889917402539e-01
9.8244306462657371e-01
9.7592973552099549e-01
9.6901324080555740e-01
9.6287580192542432e-01
9.5925660882871822e-01
9.5985785351018804e-01
9.6509017257737784e-01
9.7322999249279152e-01
9.8131251541311992e-01
9.8729033146325695e-01
9.9114268794591642e-01
9.9389206836321642e-01
9.9614302029463375e-01
9.9786921708878795e-01
9.9911982417804479e-01
1.0003848438505489e+00
1.0017383339319355e+00
1.0016145862520693e+00
9.9819110241003717e-01
9.9328931727067227e-01
9.9222409684277768e-01
9.9685972147318569e-01
1.0027754797121662e+00
1.0054950333330797e+00
1.0054170704886398e+00
1.0051915061901453e+00
1.0056885573717627e+00
1.0063459159348205e+00
1.0068362648674636e+00
1.0072163268746925e+00
1.0074972081133291e+00
1.0076040654555096e+00
1.0074933915615598e+00
1.0071974367195917e+00
1.0068385513339662e+00
1.0066132536655110e+00
1.0067135914204477e+00
1.0072231991499163e+00
1.0080635287124111e+00
1.0090371845619792e+00
1.0099231386538934e+00
1.0105593942808375e+00
1.0108756385517503e+00
1.0108814380381907e+00
1.0106340747396954e+00
1.0102068948015643e+00
1.0096681558589742e+00
1.0090712582720844e+00
1.0084527814994266e+00
1.0078344482746033e+00
1.0072262561586403e+00
1.0066303045334293e+00
1.0060434681348389e+00
1.0054536681230704e+00
1.0048432315870317e+00
1.0041844393013004e+00
1.0034407945907700e+00
1.0025645734375681e+00
1.0014915369089119e+00
1.0001352952446727e+00
9.9838244505953666e-01
9.9609148112707946e-01
9.9310179393486719e-01
9.8926366157348422e-01
9.8450549648884855e-01
9.7895326387799830e-01
9.7309886372021748e-01
9.6795600967352780e-01
9.6497153374980615e-01
9.6549948404541130e-01
9.6980381027770179e-01
9.7646740227979822e-01
9.8314567817881771e-01
9.8821649056197314e-01
9.9161182959018013e-01
9.9408241633604799e-01
9.9609330629218562e-01
9.9762681507181528e-01
9.9873948135936697e-01
9.9991483797345770e-01
1.0012738455997303e+00
1.0013116726860372e+00
9.9817030150110975e-01
9.9348744432243630e-01
9.9234505702067366e-01
9.9668193346432710e-01
1.0021999117915239e+00
1.0047575602023398e+00
1.0046957202571032e+00
1.0044923716974012e+00
1.0049713225379828e+00
1.0056114194022512e+00
1.0061089383269366e+00
1.0065214859922942e+00
1.0068645417113831e+00
1.0070699300704786e+00
1.0070933658870598e+00
1.0069555447059257e+00
1.0067551530735501e+00
1.0066539882048746e+00
1.0068069480459063e+00
1.0072731257993774e+00
1.0079752614555717e+00
1.0087431619238658e+00
1.0093970828339822e+00
1.0098144740712873e+00
1.0099518579795086e+00
1.0098302625106861e+00
1.0095060539983218e+00
1.0090444834176777e+00
1.0085032313884872e+00
1.0079256667913481e+00
1.0073403106722099e+00
1.0067631212324235e+00
1.0062003738886263e+00
1.0056519318244410e+00
1.0051134002545381e+00
1.0045731768232704e+00
1.0040152073124833e+00
1.0034152523618225e+00
1.0027418840360047e+00
1.0019542272466255e+00
1.0009975739843573e+00
9.9979869327432969e-01
9.9826168927871506e-01
9.9626705025270068e-01
9.9367940594416149e-01
9.9037377640920266e-01
9.8629461689839415e-01
9.8155942571483257e-01
9.7660073143882908e-01
9.7228280263470201e-01
9.6980670435038252e-01
9.7025433359186275e-01
9.7379520490506533e-01
9.7926862948715876e-01
9.8481084921189777e-01
9.8912447810407156e-01
9.9211073395171179e-01
9.9432064913536300e-01
9.9611523987327633e-01
9.9748073231752088e-01
9.9846930562916558e-01
9.9954784690979670e-01
1.0008847593890393e+00
1.0010606475877804e+00
9.9820279115587640e-01
9.9375360923408440e-01
9.9254669426604980e-01
9.9658393671933920e-01
1.0017211606038503e+00
1.0041237799222189e+00
1.0040749299742286e+00
1.0038889289256774e+00
1.0043461054859655e+00
1.0049635652590587e+00
1.0054588854179616e+00
1.0058898460025145e+00
1.0062756592456432e+00
1.0065547444002561e+00
1.0066833139182840e+00
1.0066727054213689e+00
1.0066006769271951e+00
1.0065979825284390e+00
1.0067872288383724e+00
1.0072079573022890e+00
1.0077868891852637e+00
1.0083796635943103e+00
1.0088426431522133e+00
1.0090857361637715e+00
1.0090860271437587e+00
1.0088719194074107e+00
1.0084972360587217e+00
1.0080193969009843e+00
1.0074868370176615e+00
1.0069345704495292e+00
1.0063846229532434e+00
1.0058484131933068e+00
1.0053294060383591e+00
1.0048258538958175e+00
1.0043325405850154e+00
1.0038384421575850e+00
1.0033289742720755e+00
1.0027828630017082e+00
1.0021729123706904e+00
1.0014639629633584e+00
1.0006092550361532e+00
9.9954655257259584e-01
9.9819468463663830e-01
9.9645282433014271e-01
9.9420730585262262e-01
9.9135457648365610e-01
9.8785262834744880e-01
9.8381005402795840e-01
9.7960463866583847e-01
9.7597049810171776e-01
9.7390403403681736e-01
9.7427397425115814e-01
9.7718932302699135e-01
9.8170119051497284e-01
9.8632005239080545e-01
9.8999921167715221e-01
9.9262180959930990e-01
9.9459208004526634e-01
9.9619269461273519e-01
9.9741105886264669e-01
9.9828893186252643e-01
9.9926902094534409e-01
1.0005622715383753e+00
1.0008509219093729e+00
9.9827050191563160e-01
9.9406645028759577e-01
9.9281044385849404e-01
9.9655156649158838e-01
1.0013249529036787e+00
1.0035788961033609e+00
1.0035406617795137e+00
1.0033685275653361e+00
1.0038015507134663e+00
1.0043925349618128e+00
1.0048785360224113e+00
1.0053168857110240e+00
1.0057298218609469e+00
1.0060620951585424e+00
1.0062713062658306e+00
1.0063613120318762e+00
1.0063916234718837e+00
1.0064656830909851e+00
1.0066784016414285e+00
1.0070539514187884e+00
1.0075246977965044e+00
1.0079701440014108e+00
1.0082776813987777e+00
1.0083836437183618e+00
1.0082806411975320e+00
1.0080014524677823e+00
1.0075964080162965e+00
1.0071156220088635e+00
1.0065995457447710e+00
1.0060762732896951e+00
1.0055626096767698e+00
1.0050664200686019e+00
1.0045890583752479e+00
1.0041276440057612e+00
1.0036764756264711e+00
1.0032251691159408e+00
1.0027604752150827e+00
1.0022636648794889e+00
1.0017111053421515e+00
1.0010724347212103e+00
1.0003075586954173e+00
9.9936344733856919e-01
9.9817130063389337e-01
9.9664608748563310e-01
9.9469260422028072e-01
9.9222553746305142e-01
9.8921401643398787e-01
9.8575760507704502e-01
9.8218476170508839e-01
9.7911769209241750e-01
9.7738336286012839e-01
9.7768301801471047e-01
9.8008707896753056e-01
9.8382005950855600e-01
9.8768505663273698e-01
9.9083090239988314e-01
9.9313203536007255e-01
9.9488464544634581e-01
9.9631184789438576e-01
9.9740084276109409e-01
9.9818055838402719e-01
9.9906446074999944e-01
1.0002982720752787e+00
1.0006747210445666e+00
9.9835988453899849e-01
9.9440839777924805e-01
9.9312002076281192e-01
9.9657233309505566e-01
1.0009988488356032e+00
1.0031101136810543e+00
1.0030807003962559e+00
1.0029200038570045e+00
1.0033275011717273e+00
1.0038894250183199e+00
1.0043608218137923e+00
1.0047980313948939e+00
1.0052256231794205e+00
1.0055943022347962e+00
1.0058636506604337e+00
1.0060316279774895e+00
1.0061420506217740e+00
1.0062746700018279e+00
1.0065009347597349e+00
1.0068331103013550e+00
1.0072100972270921e+00
1.0075329516928762e+00
1.0077153709579063e+00
1.0077149534408794e+00
1.0075358336044429e+00
1.0072129988745517e+00
1.0067928135799618e+00
1.0063187341366298e+00
1.0058243778411542e+00
1.0053321395784947e+00
1.0048546281458044e+00
1.0043969591398816e+00
1.0039589120151360e+00
1.0035368381527958e+00
1.0031248001531559e+00
1.0027130812185971e+00
1.0022896502103891e+00
1.0018379714698227e+00
1.0013374337074059e+00
1.0007617276428136e+00
1.0000763674907600e+00
9.9923605179546693e-01
9.9818237593147974e-01
9.9684360958230434e-01
9.9514013147817781e-01
9.9300196242261884e-01
9.9040719432550184e-01
9.8744652266431820e-01
9.8440465228267737e-01
9.8180843660213102e-01
9.8034510995746493e-01
9.8058376201281505e-01
9.8257029835862408e-01
9.8567049497951575e-01
9.8891735242185574e-01
9.9161370549380867e-01
9.9363194792648257e-01
9.9518861141474046e-01
9.9646111326450593e-01
9.9743591856620095e-01
9.9812895074739327e-01
9.9892152393556743e-01
1.0000852665727331e+00
1.0005263260396600e+00
9.9846111306189567e-01
9.9476537539301035e-01
9.9346140678459827e-01
9.9663530373849141e-01
1.0007320470600523e+00
1.0027064227685358e+00
1.0026844699119271e+00
1.0025335513963372e+00
1.0029149295143927e+00
1.0034462249765626e+00
1.0038992179896054e+00
1.0043287973838433e+00
1.0047612201004694e+00
1.0051527032473679e+00
1.0054651805789456e+00
1.0056920453145217e+00
1.0058637850738765e+00
1.0060398673491218e+00
1.0062720954337503e+00
1.0065636596512588e+00
1.0068603359703290e+00
1.0070822789012304e+00
1.0071652245613834e+00
1.0070836851822296e+00
1.0068501642516372e+00
1.0065003173534488e+00
1.0060763836680517e+00
1.0056158561447635e+00
1.0051465477265540e+00
1.0046861728527945e+00
1.0042439876440785e+00
1.0038229893122037e+00
1.0034218046796115e+00
1.0030362937637085e+00
1.0026604637618683e+00
1.0022852719233286e+00
1.0018997962819569e+00
1.0014894048234770e+00
1.0010360602137760e+00
1.0005168962074458e+00
9.9990216289397382e-01
9.9915306529533754e-01
9.9821993349476312e-01
9.9704221017057637e-01
9.9555335145187984e-01
9.9369614641722481e-01
9.9145577265815565e-01
9.8891441962607607e-01
9.8631842200841202e-01
9.8411389130263394e-01
9.8287303324278319e-01
9.8306020724219401e-01
9.8470578782578866e-01
9.8729025386541602e-01
9.9002815824622625e-01
9.9234474678387374e-01
9.9411488991466856e-01
9.9549628281495828e-01
9.9663096046006772e-01
9.9750462757022318e-01
9.9812130285040124e-01
9.9882896679172029e-01
9.9991633693391324e-01
1.0004013771249223e+00
9.9856718261593058e-01
9.9512636802495180e-01
9.9382274130120574e-01
9.9673101984253420e-01
1.0005152472241741e+00
1.0023584197312214e+00
1.0023428451881997e+00
1.0022005936538982e+00
1.0025558601984985e+00
1.0030557708306695e+00
1.0034877587382918e+00
1.0039048741634453e+00
1.0043344952749536e+00
1.0047378806736416e+00
1.0050795150729104e+00
1.0053493338704167e+00
1.0055666583976419e+00
1.0057737968575955e+00
1.0060062865738322e+00
1.0062605302208092e+00
1.0064891638548663e+00
1.0066289595641307e+00
1.0066339241690889e+00
1.0064918606501081e+00
1.0062211705409594e+00
1.0058571088384840e+00
1.0054378361382552e+00
1.0049955648932360e+00
1.0045532173510885e+00
1.0041246639464378e+00
1.0037165066664193e+00
1.0033301201614890e+00
1.0029633088104557e+00
1.0026116492143073e+00
1.0022692242541957e+00
1.0019276539310846e+00
1.0015770274162679e+00
1.0012043708532412e+00
1.0007938525095843e+00
1.0003255432575893e+00
9.9977370730140358e-01
9.9910503795509631e-01
9.9827720968421374e-01
9.9723903762481703e-01
9.9593491209488572e-01
9.9431817849881543e-01
9.9237951851462280e-01
9.9019310806408523e-01
9.8797191376059224e-01
9.8609396441725350e-01
9.8503681781340124e-01
9.8518142816965171e-01
9.8654834399631397e-01
9.8871107120774471e-01
9.9102826946693234e-01
9.9302327020901082e-01
9.9457635875638084e-01
9.9580169983153555e-01
9.9681369812915988e-01
9.9759751626834847e-01
9.9814700552729019e-01
9.9877697042183966e-01
9.9978514834230614e-01
1.0002964915577033e+00
9.9867340427211182e-01
9.9548312084262303e-01
9.9419421784294248e-01
9.9685139288632363e-01
1.0003404478579434e+00
1.0020580627512528e+00
1.0020479872527814e+00
1.0019136701461846e+00
1.0022432812710973e+00
1.0027116855616338e+00
1.0031210182803054e+00
1.0035221867417567e+00
1.0039431816098030e+00
1.0043498387615390e+00
1.0047092706443805e+00
1.0050088755295516e+00
1.0052587413933689e+00
1.0054868367318277e+00
1.0057153881989445e+00
1.0059358371719356e+00
1.0061074025180341e+00
1.0061811247406405e+00
1.0061259755503764e+00
1.0059400676558827e+00
1.0056457790617173e+00
1.0052772405932331e+00
1.0048687129708689e+00
1.0044477810099550e+00
1.0040332544076380e+00
1.0036358688148839e+00
1.0032601334526070e+00
1.0029061958471885e+00
1.0025712929948551e+00
1.0022508734796072e+00
1.0019391879157271e+00
1.0016284962512250e+00
1.0013098112922323e+00
1.0009716068620489e+00
1.0005999529741898e+00
1.0001774317440888e+00
9.9968172254556376e-01
9.9908415930323280e-01
9.9834859927322883e-01
9.9743171484094928e-01
9.9628701130353980e-01
9.9487650726850851e-01
9.9319510004492895e-01
9.9130952622274027e-01
9.8940388147532721e-01
9.8779893491303261e-01
9.8689434832786471e-01
9.8700430179962961e-01
9.8814314261882763e-01
9.8995980357045021e-01
9.9192791424810611e-01
9.9364999727571368e-01
9.9501350804252542e-01
9.9610036455856221e-01
9.9700322317717083e-01
9.9770701358151404e-01
9.9819738434911676e-01
9.9875709474004770e-01
9.9968593740516443e-01
1.0002089006635915e+00
9.9877665612183175e-01
9.9582956601912698e-01
9.9456788524985640e-01
9.9698955800750255e-01
1.0002007898620087e+00
1.0017985038145616e+00
1.0017931677861045e+00
1.0016663071729681e+00
1.0019710528715096e+00
1.0024083223965379e+00
1.0027940995231541e+00
1.0031769200702605e+00
1.0035849481930035e+00
1.0039881478968016e+00
1.0043562479906734e+00
1.0046748644086141e+00
1.0049465634255212e+00
1.0051874813881609e+00
1.0054090737617425e+00
1.0055992912709943e+00
1.0057234640779671e+00
1.0057447475503614e+00
1.0056442285573439e+00
1.0054278790776177e+00
1.0051205822684639e+00
1.0047548776533028e+00
1.0043613746697484e+00
1.0039636365032893e+00
1.0035770229152816e+00
1.0032097303377578e+00
1.0028646267864754e+00
1.0025409455055145e+00
1.0022355526444422e+00
1.0019438852105935e+00
1.0016604224160459e+00
1.0013780375942363e+00
1.0010885828324123e+00
1.0007818024368420e+00
1.0004454096016844e+00
1.0000641439672628e+00
9.9961859897482963e-01
9.9908404188698763e-01
9.9842954048279298e-01
9.9761835313009051e-01
9.9661156842372478e-01
9.9537830923028514e-01
9.9391664490990328e-01
9.9228646889335637e-01
9.9064701076761019e-01
9.8927093831028468e-01
9.8849372357208332e-01
9.8857581052710164e-01
9.8952762460460530e-01
9.9105930987026314e-01
9.9273668881388388e-01
9.9422665339559002e-01
9.9542475048699008e-01
9.9638899254561186e-01
9.9719478535226924e-01
9.9782713720243854e-01
9.9826543469761453e-01
9.9876219486167661e-01
9.9961354321087181e-01
1.0001363386741089e+00
9.9887510048635986e-01
9.9616151239768214e-01
9.9493744063052980e-01
9.9713977731270298e-01
1.0000904089003688e+00
1.0015739063512177e+00
1.0015726404118424e+00
1.0014529113027979e+00
1.0017338160871523e+00
1.0021406972832012e+00
1.0025026002349229e+00
1.0028655340783548e+00
1.0032574655126520e+00
1.0036520579629993e+00
1.0040215874296168e+00
1.0043504977713864e+00
1.0046353307377509e+00
1.0048825888639974e+00
1.0050951347398454e+00
1.0052585679039536e+00
1.0053437844658051e+00
1.0053240903077452e+00
1.0051902719477595e+00
1.0049541661008861e+00
1.0046420348992422e+00
1.0042845500788580e+00
1.0039089585960055e+00
1.0035353454742353e+00
1.0031761880062025e+00
1.0028376354374902e+00
1.0025212793559375e+00
1.0022256862489554e+00
1.0019475016924433e+00
1.0016822354284669e+00
1.0014246359216767e+00
1.0011681569883382e+00
1.0009054134759952e+00
1.0006272675926404e+00
1.0003228571152925e+00
9.9997878309750765e-01
9.9957813060138689e-01
9.9909950879227205e-01
9.9851638279610233e-01
9.9779753507953861e-01
9.9691035945160700e-01
9.9582977667608996e-01
9.9455619097024095e-01
9.9314326739021908e-01
9.9172886368845536e-01
9.9054525002353511e-01
9.8987491574807418e-01
9.8993483593368048e-01
9.9073293878985358e-01
9.9202912029169499e-01
9.9346349876272100e-01
9.9475561541779567e-01
9.9580944373002933e-01
9.9666528121074305e-01
9.9738475455038678e-01
9.9795322191374469e-01
9.9834557101909160e-01
9.9878629563708410e-01
9.9956338239345321e-01
1.0000768294334237e+00
9.9896769112721118e-01
9.9647620830771566e-01
9.9529803076763801e-01
9.9729730274804884e-01
1.0000043054013101e+00
1.0013792984044241e+00
1.0013814901102165e+00
1.0012686569786036e+00
1.0015269064502295e+00
1.0019044232189085e+00
1.0022425806640234e+00
1.0025847671719827e+00
1.0029584511105840e+00
1.0033405883812472e+00
1.0037058962509482e+00
1.0040381396401710e+00
1.0043291216956234e+00
1.0045776194558698e+00
1.0047797511188692e+00
1.0049196487443803e+00
1.0049731806142004e+00
1.0049220679116961e+00
1.0047647547375762e+00
1.0045173310039510e+00
1.0042065924859422e+00
1.0038611972063571e+00
1.0035053323775043e+00
1.0031560880746515e+00
1.0028235448344065e+00
1.0025122078311726e+00
1.0022226863055381e+00
1.0019530742282239e+00
1.0016999121339867e+00
1.0014588416797674e+00
1.0012249051389173e+00
1.0009921007222737e+00
1.0007537370498976e+00
1.0005016605745192e+00
1.0002262505895718e+00
9.9991571635321830e-01
9.9955528099186808e-01
9.9912639904421308e-01
9.9860625429045202e-01
9.9796826510826953e-01
9.9718506299501153e-01
9.9623629441506556e-01
9.9512404344464189e-01
9.9389633876719952e-01
9.9267268992375590e-01
9.9165142324096400e-01
9.9107119980830483e-01
9.9111365543893559e-01
9.9178511074998743e-01
9.9288597345617435e-01
9.9411652706121401e-01
9.9523964560554401e-01
9.9616764305077654e-01
9.9692771734098240e-01
9.9757042442825050e-01
9.9808167895689437e-01
9.9843339494038785e-01
9.9882447137604158e-01
9.9953143180371573e-01
1.0000286538712717e+00
9.9905399581042864e-01
9.9677205064548402e-01
9.9564602881403974e-01
9.9745827115738039e-01
9.9993823534052351e-01
1.0012104475546022e+00
1.0012155276819392e+00
1.0011093949480541e+00
1.0013462709076701e+00
1.0016956456748707e+00
1.0020105235189312e+00
1.0023316310366481e+00
1.0026857009125352e+00
1.0030526030582625e+00
1.0034093633218331e+00
1.0037394606503602e+00
1.0040310568799744e+00
1.0042768456067048e+00
1.0044677487072446e+00
1.0045871065917000e+00
1.0046151659634273e+00
1.0045405445107252e+00
1.0043676320795158e+00
1.0041154817400482e+00
1.0038107956655320e+00
1.0034801689213422e+00
1.0031450308584269e+00
1.0028198964498010e+00
1.0025128638313412e+00
1.0022271257719704e+00
1.0019625444904314e+00
1.0017168937629053e+00
1.0014866951598991e+00
1.0012677641238943e+00
1.0010554476291460e+00
1.0008442528084731e+00
1.0006281175150753e+00
1.0003997578510853e+00
1.0001506370970088e+00
9.9987035862426255e-01
9.9954598438430897e-01
9.9916139792869452e-01
9.9869693221793832e-01
9.9812990231611731e-01
9.9743729293591610e-01
9.9660259228085002e-01
9.9562905878493002e-01
9.9455964059399027e-01
9.9349810596314680e-01
9.9261423004648275e-01
9.9211032457624193e-01
9.9213914766547040e-01
9.9270596364241115e-01
9.9364425115346244e-01
9.9470327167674344e-01
9.9568170069650264e-01
9.9649989971436104e-01
9.9717540786406733e-01
9.9774983653007565e-01
9.9820979463329140e-01
9.9852548766811589e-01
9.9887270879066270e-01
9.9951419946656406e-01
9.9999026571167182e-01
9.9913395118518378e-01
9.9704831039544839e-01
9.9597885249151519e-01
9.9761958604870360e-01
9.9988860105471922e-01
1.0010637373634870e+00
1.0010711791586906e+00
1.0009715618880679e+00
1.0011883951485183e+00
1.0015109838174594e+00
1.0018032956916103e+00
1.0021034002858760e+00
1.0024371103036793e+00
1.0027868631313299e+00
1.0031318468529438e+00
1.0034555627368358e+00
1.0037434591873928e+00
1.0039835390217005e+00
1.0041628182997493e+00
1.0042643553218957e+00
1.0042722040512000e+00
1.0041805658058305e+00
1.0039983530097305e+00
1.0037465578017191e+00
1.0034513321709539e+00
1.0031372255058055e+00
1.0028231954690308e+00
1.0025215518581940e+00
1.0022387596612428e+00
1.0019769695957617e+00
1.0017354855634550e+00
1.0015118798761140e+00
1.0013027185490626e+00
1.0011040182974853e+00
1.0009114333974038e+00
1.0007199435553502e+00
1.0005240575116865e+00
1.0003172609152875e+00
1.0000919658415266e+00
9.9983898796705428e-01
9.9954697447541052e-01
9.9920188707900293e-01
9.9878673196286671e-01
9.9828210345024659e-01
9.9766860610802721e-01
9.9693284951821526e-01
9.9607887539511197e-01
9.9514506986017814e-01
9.9422169427083718e-01
9.9345446982459873e-01
9.9301547556838610e-01
9.9303375988579523e-01
9.9351386808390341e-01
9.9431635483104941e-01
9.9523053379156423e-01
9.9608479889841983e-01
9.9680711933968835e-01
9.9740794674072286e-01
9.9792162967278586e-01
9.9833555519294981e-01
9.9861922931837899e-01
9.9892777726545945e-01
9.9950868991410258e-01
9.9996028574622831e-01
9.9920773108512817e-01
9.9730489162182101e-01
9.9629477341635053e-01
9.9777880551147002e-01
9.9985236431385616e-01
1.0009360846209994e+00
1.0009454002074432e+00
1.0008521044972520e+00
1.0010502361102300e+00
1.0013474760744430e+00
1.0016181116638212e+00
1.0018975967045756e+00
1.0022106859275897e+00
1.0025420749038867e+00
1.0028729540616601e+00
1.0031870874637350e+00
1.0034679868718481e+00
1.0037001364446454e+00
1.0038677098277238e+00
1.0039538627885132e+00
1.0039459238195216e+00
1.0038425513807072e+00
1.0036560097636036e+00
1.0034084233917864e+00
1.0031250703212133e+00
1.0028285162999064e+00
1.0025355142615784e+00
1.0022564923965080e+00
1.0019965742924941e+00
1.0017570887636325e+00
1.0015369328624946e+00
1.0013335684504623e+00
1.0011436524355408e+00
1.0009634188738585e+00
1.0007888257452677e+00
1.0006152895563956e+00
1.0004378370509832e+00
1.0002506355547451e+00
1.0000469302341906e+00
9.9981859276681884e-01
9.9955564109725281e-01
9.9924581849099392e-01
9.9887440604121647e-01
9.9842476121293966e-01
9.9788050235283587e-01
9.9723077307326780e-01
9.9648010054599001e-01
9.9566278879845271e-01
9.9485749687984781e-01
9.9418964048738490e-01
9.9380608045333207e-01
9.9381630321999270e-01
9.9422434250726899e-01
9.9491299211825024e-01
9.9570446166482762e-01
9.9645192852604392e-01
9.9709044504452771e-01
9.9762529968851765e-01
9.9808491790886256e-01
9.9845750505249031e-01
9.9871264622567479e-01
9.9898711239580629e-01
9.9951236245857877e-01
9.9993747588471049e-01
9.9927565302854349e-01
9.9754216687390640e-01
9.9659275435205352e-01
9.9793405672043356e-01
9.9982697265979537e-01
1.0008248524679657e+00
1.0008355937345135e+00
1.0007484069865586e+00
1.0009291610237139e+00
1.0012025299458895e+00
1.0014524975333907e+00
1.0017119727800337e+00
1.0020045549529817e+00
1.0023169205972846e+00
1.0026321014827646e+00
1.0029343062850442e+00
1.0032057528017562e+00
1.0034283840176146e+00
1.0035844011069297e+00
1.0036573328598701e+00
1.0036372952243506e+00
1.0035264482195163e+00
1.0033394513432154e+00
1.0030989329980107e+00
1.0028290774883128e+00
1.0025505568046462e+00
1.0022781657647604e+00
1.0020207307547697e+00
1.0017822763400379e+00
1.0015634899548653e+00
1.0013629811099516e+00
1.0011781711459604e+00
1.0010058407479190e+00
1.0008424493830599e+00
1.0006842496255692e+00
1.0005270610696624e+00
1.0003663797430591e+00
1.0001969783725784e+00
1.0000128349504429e+00
9.9980674327027808e-01
9.9956990904611043e-01
9.9929160705768472e-01
9.9895905792548578e-01
9.9855795245576462e-01
9.9807442212137942e-01
9.9749966502500231e-01
9.9683847071061538e-01
9.9612149577375397e-01
9.9541742290790014e-01
9.9483448922905249e-01
9.9449845309094909e-01
9.9450258687908399e-01
9.9485053850924288e-01
9.9544342573930600e-01
9.9613059786184066e-01
9.9678598959017306e-01
9.9735117076386903e-01
9.9782771125245551e-01
9.9823918744556561e-01
9.9857462963632337e-01
9.9880428172862978e-01
9.9904870491623199e-01
9.9952308409470203e-01
9.9992072808031962e-01
9.9933809851795752e-01
9.9776082723331971e-01
9.9687231445287539e-01
9.9808393614689650e-01
9.9981028576733499e-01
1.0007277867314026e+00
1.0007395450875998e+00
1.0006582319159893e+00
1.0008228938260879e+00
1.0010738765164862e+00
1.0013042578096532e+00
1.0015444948519412e+00
1.0018169675783408e+00
1.0021100867521562e+00
1.0024085685372350e+00
1.0026971987375213e+00
1.0029574277881323e+00
1.0031694636600570e+00
1.0033142398405746e+00
1.0033758537026576e+00
1.0033467707569501e+00
1.0032318486650882e+00
1.0030473683475456e+00
1.0028159782710422e+00
1.0025606279743822e+00
1.0023002041337192e+00
1.0020477657653348e+00
1.0018107799985172e+00
1.0015923738485351e+00
1.0013927399808602e+00
1.0012102941684509e+00
1.0010424696713049e+00
1.0008861933949593e+00
1.0007381521943826e+00
1.0005948810572323e+00
1.0004525709555920e+00
1.0003071421703555e+00
1.0001539063154796e+00
9.9998748713575414e-01
9.9980148539742997e-01
9.9958813877224639e-01
9.9933804176681951e-01
9.9904007192925537e-01
9.9868189501625237e-01
9.9825174041028775e-01
9.9774247196108301e-01
9.9715897630177353e-01
9.9652865601527263e-01
9.9591160247879162e-01
9.9540148209681723e-01
9.9510633767970091e-01
9.9510594273218111e-01
9.9540363559577361e-01
9.9591568416921961e-01
9.9651392543575634e-01
9.9708974903798608e-01
9.9759067345033281e-01
9.9801562899543039e-01
9.9838421136230404e-01
9.9868626004797434e-01
9.9889309113462621e-01
9.9911100735648373e-01
9.9953908674654546e-01
9.9990906318214345e-01
9.9939548294834590e-01
9.9796177624700133e-01
9.9713340256102767e-01
9.9822743886272192e-01
9.9980052005296161e-01
1.0006429542236168e+00
1.0006553624329959e+00
1.0005796645953351e+00
1.0007294669564351e+00
1.0009595307243668e+00
1.0011714452646405e+00
1.0013933250991818e+00
1.0016462962151962e+00
1.0019202841250003e+00
1.0022015382462270e+00
1.0024755158529843e+00
1.0027233254985823e+00
1.0029240983867691e+00
1.0030580653547039e+00
1.0031100248609695e+00
1.0030744047143141e+00
1.0029580891444099e+00
1.0027783594181960e+00
1.0025575191389759e+00
1.0023172025442724e+00
1.0020746275528236e+00
1.0018413182249013e+00
1.0016235900703021e+00
1.0014238397400710e+00
1.0012418837571619e+00
1.0010760179274281e+00
1.0009237263404989e+00
1.0007820954689595e+00
1.0006480373050153e+00
1.0005183559239073e+00
1.0003895824007929e+00
1.0002580217298700e+00
1.0001194647033691e+00
9.9996910562977515e-01
9.9980125351873828e-01
9.9960904415960194e-01
9.9938421178297199e-01
9.9911705294990238e-01
9.9879690893120254e-01
9.9841376351955990e-01
9.9796183148746553e-01
9.9744597452669381e-01
9.9689069407603237e-01
9.9634867068728250e-01
9.9590118092716662e-01
9.9564134553603889e-01
9.9563764929587206e-01
9.9589316949975204e-01
9.9633674277660245e-01
9.9685891799533666e-01
9.9736582008214558e-01
9.9781036262736111e-01
9.9818964288798451e-01
9.9851998159106314e-01
9.9879199600515656e-01
9.9897835328013784e-01
9.9917284857740096e-01
9.9955891810068487e-01
9.9990161446380965e-01
9.9944821019910779e-01
9.9814603685716130e-01
9.9737629646025727e-01
9.9836388139807042e-01
9.9979619044064039e-01
1.0005686950973047e+00
1.0005814291378290e+00
1.0005110685947740e+00
1.0006471803663053e+00
1.0008577557280252e+00
1.0010523327323217e+00
1.0012568043599210e+00
1.0014910314753582e+00
1.0017462604201259e+00
1.0020101312941063e+00
1.0022688350359956e+00
1.0025034770631338e+00
1.0026926434471657e+00
1.0028163105755552e+00
1.0028600618577701e+00
1.0028199478579614e+00
1.0027043249849290e+00
1.0025309818092718e+00
1.0023216073804631e+00
1.0020964847788505e+00
1.0018712826082203e+00
1.0016561711426450e+00
1.0014564908979737e+00
1.0012740471808295e+00
1.0011083751208858e+00
1.0009577079330341e+00
1.0008196088633208e+00
1.0006913314507335e+00
1.0005700067543795e+00
1.0004526932093125e+00
1.0003362330113457e+00
1.0002172798789963e+00
1.0000920513623801e+00
9.9995624697494101e-01
9.9980479815981549e-01
9.9963162397070082e-01
9.9942944561404301e-01
9.9918977813228260e-01
9.9890338683862467e-01
9.9856172569209178e-01
9.9816010485165263e-01
9.9770327398829717e-01
9.9721315032602587e-01
9.9673600804304641e-01
9.9634255989517206e-01
9.9611331600847863e-01
9.9610727989432413e-01
9.9632729870506154e-01
9.9671267253284568e-01
9.9716958528291144e-01
9.9761664874873579e-01
9.9801164519485108e-01
9.9835044022053265e-01
9.9864665504776429e-01
9.9889164430960531e-01
9.9905959972053993e-01
9.9923336411611219e-01
9.9958140181211286e-01
9.9989763064163861e-01
9.9949667202447634e-01
9.9831469587506472e-01
9.9760151618839077e-01
9.9849284808781424e-01
9.9979607532875792e-01
1.0005035870140666e+00
1.0005163610475647e+00
1.0004510433670513e+00
1.0005745640216981e+00
1.0007670303704626e+00
1.0009453878254881e+00
1.0011334359110762e+00
1.0013497782161460e+00
1.0015868111018886e+00
1.0018334331635059e+00
1.0020766043598792e+00
1.0022976932464740e+00
1.0024751639605372e+00
1.0025890883444160e+00
1.0026258823160439e+00
1.0025829243977367e+00
1.0024695897884226e+00
1.0023037871840867e+00
1.0021063972647248e+00
1.0018963502204996e+00
1.0016878838187571e+00
1.0014899765382661e+00
1.0013071434353957e+00
1.0011407135996060e+00
1.0009900169554162e+00
1.0008532677314912e+00
1.0007281280992275e+00
1.0006120216944863e+00
1.0005022903739360e+00
1.0003962312710850e+00
1.0002909712367667e+00
1.0001834794456865e+00
1.0000703543997187e+00
9.9994774349408810e-01
9.9981112615174073e-01
9.9965510638592936e-01
9.9947326200208930e-01
9.9925815665053119e-01
9.9900176874955482e-01
9.9869678721360311e-01
9.9833941013728689e-01
9.9793421479360145e-01
9.9750081625361475e-01
9.9707994025831115e-01
9.9673326713709298e-01
9.9653061266301735e-01
9.9652298537704109e-01
9.9671302252066996e-01
9.9704876692912658e-01
9.9744951887411393e-01
9.9784450906569166e-01
9.9819589873496861e-01
9.9849876830228623e-01
9.9876450974253894e-01
9.9898517036916545e-01
9.9913655854399941e-01
9.9929193465711508e-01
9.9960559489342771e-01
9.9989645939663074e-01
9.9954123453149402e-01
9.9846886306403637e-01
9.9780975809947103e-01
9.9861413230229168e-01
9.9979916731912333e-01
1.0004464045432242e+00
1.0004589717255972e+00
1.0003983905540050e+00
1.0005103465086365e+00
1.0006860221100276e+00
1.0008492511653120e+00
1.0010218708098853e+00
1.0012212505028426e+00
1.0014407868286161e+00
1.0016705148574472e+00
1.0018981788631283e+00
1.0021056147488938e+00
1.0022714968889537e+00
1.0023762614768539e+00
1.0024071761573832e+00
1.0023626941390715e+00
1.0022528412901073e+00
1.0020953481557551e+00
1.0019101532921235e+00
1.0017148566028875e+00
1.0015223804102109e+00
1.0013406547713914e+00
1.0011734966660848e+00
1.0010218532749409e+00
1.0008849103336941e+00
1.0007608962431715e+00
1.0006475849132335e+00
1.0005425693649983e+00
1.0004433927744565e+00
1.0003475751264874e+00
1.0002525033633289e+00
1.0001554320301402e+00
1.0000533001028005e+00
9.9994265254536341e-01
9.9981945235106084e-01
9.9967890379845536e-01
9.9951532960491596e-01
9.9932219788930154e-01
9.9909252357173739e-01
9.9882003484565596e-01
9.9850164940053532e-01
9.9814173223824632e-01
9.9775784766385345e-01
9.9738590504846969e-01
9.9707983936381495e-01
9.9690036757827905e-01
9.9689172940604964e-01
9.9705636662999231e-01
9.9734965256369190e-01
9.9770193453200873e-01
9.9805150499377304e-01
9.9836445394926776e-01
9.9863540607749435e-01
9.9887390928471342e-01
9.9907265770927700e-01
9.9920910794102591e-01
9.9934813736164008e-01
9.9963075379773747e-01
9.9989754624065186e-01
9.9958223614689345e-01
9.9860963082870535e-01
9.9800183449258362e-01
9.9872769648309756e-01
9.9980464405105540e-01
1.0003960921764441e+00
1.0004082423344485e+00
1.0003520835167887e+00
1.0004534273514902e+00
1.0006135625963819e+00
1.0007627154915635e+00
1.0009208925040747e+00
1.0011042643512860e+00
1.0013070967910971e+00
1.0015204491310619e+00
1.0017328500090734e+00
1.0019267552439732e+00
1.0020813051024793e+00
1.0021775018294388e+00
1.0022034633341206e+00
1.0021585018675603e+00
1.0020529982393500e+00
1.0019042785695227e+00
1.0017312533058687e+00
1.0015502325131203e+00
1.0013729332743939e+00
1.0012063635474602e+00
1.0010537504680317e+00
1.0009157367625725e+00
1.0007914120321360e+00
1.0006790436586321e+00
1.0005765252138485e+00
1.0004816156674563e+00
1.0003920489039924e+00
1.0003055522376818e+00
1.0002197499959291e+00
1.0001321548847852e+00
1.0000400105147260e+00
9.9994021542913170e-01
9.9982915995345345e-01
9.9970257538408891e-01
9.9955543374068434e-01
9.9938198546970380e-01
9.9917613312741738e-01
9.9893248124693912e-01
9.9864853114758445e-01
9.9832841083103330e-01
9.9798785670795553e-01
9.9765858842959976e-01
9.9738788037589343e-01
9.9722868241918272e-01
9.9721948051467235e-01
9.9736253279707687e-01
9.9761938085162616e-01
9.9792971159306010e-01
9.9823957621504955e-01
9.9851858353228917e-01
9.9876114373272962e-01
9.9897527656326879e-01
9.9915427754529795e-01
9.9927723945551761e-01
9.9940170219231761e-01
9.9965629936913147e-01
9.9990041939075547e-01
9.9961998270277863e-01
9.9873805624404222e-01
9.9817863282664954e-01
9.9883362953263777e-01
9.9981183798555906e-01
1.0003517417908654e+00
1.0003632970249761e+00
1.0003112429124377e+00
1.0004028532975839e+00
1.0005486258988159e+00
1.0006847075917749e+00
1.0008294040449808e+00
1.0009977316588938e+00
1.0011847109765111e+00
1.0013823231821519e+00
1.0015798698534180e+00
1.0017605364138837e+00
1.0019041208932071e+00
1.0019923384630274e+00
1.0020141406840692e+00
1.0019695163009017e+00
1.0018689666899696e+00
1.0017292459466121e+00
1.0015681877843929e+00
1.0014008648448782e+00
1.0012378931653150e+00
1.0010854696421982e+00
1.0009463230935982e+00
1.0008208554238280e+00
1.0007080979040481e+00
1.0006063746806182e+00
1.0005137030489157e+00
1.0004280026114378e+00
1.0003471870269738e+00
1.0002691758681812e+00
1.0001918097663656e+00
1.0001128351858510e+00
1.0000297684509931e+00
9.9993982292041927e-01
9.9983976735415281e-01
9.9972579670800754e-01
9.9959345034218983e-01
9.9943765686305941e-01
9.9925308081790709e-01
9.9903506766547079e-01
9.9878159204814143e-01
9.9849653124903515e-01
9.9819399193094305e-01
9.9790204125820114e-01
9.9766220928824567e-01
9.9752079328014076e-01
9.9751137034020898e-01
9.9763602475608582e-01
9.9786150667917617e-01
9.9813542849831127e-01
9.9841050565867195e-01
9.9865949469760407e-01
9.9887676622846588e-01
9.9906907180084481e-01
9.9923026433758122e-01
9.9934102974802463e-01
9.9945248011177112e-01
9.9968179103747401e-01
9.9990468615133754e-01
9.9965475854250418e-01
9.9885515017794491e-01
9.9834107703616604e-01
9.9893212213228211e-01
9.9982021240292229e-01
1.0003125687692020e+00
1.0003233807673388e+00
1.0002751137610888e+00
1.0003577973881876e+00
1.0004903103598224e+00
1.0006142727442446e+00
1.0007464159365613e+00
1.0009006531051690e+00
1.0010726599946713e+00
1.0012552473198477e+00
1.0014384690979130e+00
1.0016063150811625e+00
1.0017393807918689e+00
1.0018201962696833e+00
1.0018385192055954e+00
1.0017948614828234e+00
1.0016996613487339e+00
1.0015689810215886e+00
1.0014195578043166e+00
1.0012652872240151e+00
1.0011157816058078e+00
1.0009765243339841e+00
1.0008498232039542e+00
1.0007358913960862e+00
1.0006337312595215e+00
1.0005417362989482e+00
1.0004580485584815e+00
1.0003807416437254e+00
1.0003078977634146e+00
1.0002376143836889e+00
1.0001679292137946e+00
1.0000968002847819e+00
1.0000219882882226e+00
9.9994098742290105e-01
9.9985090210675132e-01
9.9974833591008705e-01
9.9962932496658841e-01
9.9948938722736291e-01
9.9932384304199895e-01
9.9912866592030924e-01
9.9890221410798874e-01
9.9864810931255121e-01
9.9837900424851511e-01
9.9811977449915068e-01
9.9790698234982211e-01
9.9778120846110263e-01
9.9777182606823911e-01
9.9788075462452941e-01
9.9807915755914156e-01
9.9832139649320850e-01
9.9856592926713517e-01
9.9878832613596735e-01
9.9898304237696489e-01
9.9915577626453045e-01
9.9930089634183328e-01
9.9940061766286947e-01
9.9950041406438528e-01
9.9970690024724107e-01
9.9991001999879192e-01
9.9968681859542441e-01
9.9896186497792028e-01
9.9849010650743497e-01
9.9902343363878876e-01
9.9982933708608313e-01
1.0002778960939600e+00
1.0002878418321726e+00
1.0002430476478268e+00
1.0003175419846420e+00
1.0004378226698796e+00
1.0005505608786824e+00
1.0006710352102814e+00
1.0008121113821025e+00
1.0009700346349235e+00
1.0011383614756368e+00
1.0013078716659842e+00
1.0014634062563679e+00
1.0015864545274924e+00
1.0016604274055545e+00
1.0016758536616144e+00
1.0016336400461698e+00
1.0015440199924563e+00
1.0014222825837140e+00
1.0012840708384281e+00
1.0011421682599075e+00
1.0010052732460790e+00
1.0008782416495730e+00
1.0007630256015472e+00
1.0006596919712718e+00
1.0005672368540612e+00
1.0004841315587512e+00
1.0004086415823015e+00
1.0003389872781290e+00
1.0002734081593767e+00
1.0002101659344882e+00
1.0001474778017680e+00
1.0000834933076663e+00
1.0000161924011095e+00
9.9994332014406939e-01
9.9986227895623436e-01
9.9977003339446491e-01
9.9966305544080380e-01
9.9953737649702212e-01
9.9938888272969550e-01
9.9921408133172640e-01
9.9901164141669063e-01
9.9878493056955187e-01
9.9854530338007930e-01
9.9831484060255948e-01
9.9812579588906536e-01
9.9801382232965274e-01
9.9800467968195750e-01
9.9810013067875925e-01
9.9827509082707766e-01
9.9848968924835679e-01
9.9870734608272116e-01
9.9890614648312792e-01
9.9908071694260747e-01
9.9923587961259686e-01
9.9936648016535490e-01
9.9945618576359418e-01
9.9954551709619810e-01
9.9973139023134905e-01
9.9991615460515537e-01
9.9971639809201218e-01
9.9905909185136565e-01
9.9862665006204510e-01
9.9910787588291949e-01
9.9983887278240335e-01
1.0002471388913667e+00
1.0002561176110967e+00
1.0002144874482088e+00
1.0002814635379123e+00
1.0003904641147809e+00
1.0004928141557956e+00
1.0006024555007236e+00
1.0007312651960927e+00
1.0008759840434536e+00
1.0010308393185809e+00
1.0011873060383132e+00
1.0013311007030634e+00
1.0014446678956523e+00
1.0015123367542189e+00
1.0015253664100063e+00
1.0014849520088058e+00
1.0014010152047532e+00
1.0012880208379906e+00
1.0011605363887695e+00
1.0010303002655720e+00
1.0009051801406337e+00
1.0007894796313430e+00
1.0006848503637917e+00
1.0005912474940819e+00
1.0005076782092555e+00
1.0004326967238852e+00
1.0003646892541793e+00
1.0003020149343969e+00
1.0002430598904732e+00
1.0001862371088219e+00
1.0001299271149990e+00
1.0000724529977381e+00
1.0000119915736791e+00
9.9994651210345442e-01
9.9987368229920437e-01
9.9979078596075244e-01
9.9969467842025717e-01
9.9958183939320233e-01
9.9944864445539139e-01
9.9929205576903146e-01
9.9911099415636240e-01
9.9890857899639729e-01
9.9869500495708941e-01
9.9848990004988514e-01
9.9832177085831963e-01
9.9822200937323058e-01
9.9821325834669172e-01
9.9829713145595800e-01
9.9845174365997214e-01
9.9864216925024452e-01
9.9883612887123352e-01
9.9901395517868297e-01
9.9917050469494162e-01
9.9930987032722529e-01
9.9942733926828731e-01
9.9950794638707274e-01
9.9958785386609394e-01
9.9975509751084046e-01
9.9992287388965084e-01
9.9974371055754996e-01
9.9914765926501536e-01
9.9875161517620881e-01
9.9918579508582062e-01
9.9984855544609552e-01
1.0002197923279355e+00
1.0002277214537483e+00
1.0001889540687581e+00
1.0002490201711731e+00
1.0003476188470217e+00
1.0004403565676501e+00
1.0005399483374411e+00
1.0006573428057790e+00
1.0007897129752277e+00
1.0009318903934092e+00
1.0010760124950624e+00
1.0012086779220211e+00
1.0013133203665474e+00
1.0013752010576478e+00
1.0013862654830270e+00
1.0013479088335873e+00
1.0012696620321682e+00
1.0011651383902240e+00
1.0010478605227697e+00
1.0009285890103328e+00
1.0008144375118426e+00
1.0007092233222781e+00
1.0006143445127109e+00
1.0005296723624326e+00
1.0004542383345516e+00
1.0003866821874987e+00
1.0003255069895327e+00
1.0002692025890290e+00
1.0002162912622101e+00
1.0001653252234195e+00
1.0001148337043722e+00
1.0000632969255678e+00
1.0000090686478567e+00
9.9995031890418873e-01
9.9988495178348136e-01
9.9981053394071662e-01
9.9972425860787395e-01
9.9962299782282038e-01
9.9950355180137285e-01
9.9936327134282565e-01
9.9920128123396890e-01
9.9902046169650360e-01
9.9882997037947086e-01
9.9864727809717357e-01
9.9849762390416208e-01
9.9840870358027589e-01
9.9840046140802385e-01
9.9847436876058882e-01
9.9861127694902874e-01
9.9878051305677018e-01
9.9895353510010720e-01
9.9911268499261152e-01
9.9925308734427942e-01
9.9937822843103552e-01
9.9948380440326712e-01
9.9955613017724276e-01
9.9962752615513928e-01
9.9977791643244818e-01
9.9993000465044668e-01
9.9976895213422246e-01
9.9922833454158644e-01
9.9886587684597017e-01
9.9925755697344965e-01
9.9985818130174109e-01
1.0001954196996212e+00
1.0002022326424287e+00
1.0001660360669535e+00
1.0002197411562914e+00
1.0003087441949994e+00
1.0003925852124633e+00
1.0004828556423644e+00
1.0005896365577582e+00
1.0007104793936901e+00
1.0008407614587107e+00
1.0009732491412271e+00
1.0010954168375490e+00
1.0011916988814025e+00
1.0012482843899411e+00
1.0012577587683897e+00
1.0012216438182280e+00
1.0011490232682407e+00
1.0010526498430843e+00
1.0009450404019140e+00
1.0008360442835023e+00
1.0007320914485751e+00
1.0006365706783626e+00
1.0005506664168287e+00
1.0004741887748834e+00
1.0004062032031262e+00
1.0003454359710322e+00
1.0002905022092272e+00
1.0002400145933292e+00
1.0001926215821821e+00
1.0001470033646584e+00
1.0001018244771771e+00
1.0000557075406806e+00
1.0000071654682556e+00
9.9995454824118257e-01
9.9989597075764036e-01
9.9982925093259734e-01
9.9975188025635608e-01
9.9966107502328261e-01
9.9955400484547330e-01
9.9942835350731640e-01
9.9928341134456034e-01
9.9912183053561010e-01
9.9895184089056233e-01
9.9878901226241057e-01
9.9865572682618309e-01
9.9857646406901790e-01
9.9856882381609258e-01
9.9863414058655575e-01
9.9875561183065353e-01
9.9890623253972555e-01
9.9906071691132758e-01
9.9920320453804279e-01
9.9932911134946167e-01
9.9944141987799695e-01
9.9953620602765192e-01
9.9960097711231122e-01
9.9966466117672270e-01
9.9979978654964519e-01
9.9993740994631963e-01
9.9979230128170982e-01
9.9930182293216963e-01
9.9897026916485343e-01
9.9932353696310172e-01
9.9986759778098311e-01
1.0001736447643927e+00
1.0001792878540745e+00
1.0001453804352383e+00
1.0001932181927577e+00
1.0002733625285307e+00
1.0003489626894639e+00
1.0004305832656379e+00
1.0005274981154728e+00
1.0006375916877184e+00
1.0007567362329020e+00
1.0008782948257648e+00
1.0009906020418915e+00
1.0010790873712185e+00
1.0011308491637672e+00
1.0011390643662332e+00
1.0011053198797408e+00
1.0010382129869899e+00
1.0009496407525713e+00
1.0008511591289542e+00
1.0007517711266045e+00
1.0006572875363837e+00
1.0005707195510578e+00
1.0004930719362517e+00
1.0004241123667081e+00
1.0003629473989939e+00
1.0003083894397029e+00
1.0002591606227058e+00
1.0002139885047296e+00
1.0001716383730603e+00
1.0001309078712239e+00
1.0000905847173533e+00
1.0000494205559407e+00
1.0000060716192503e+00
9.9995904926740053e-01
9.9990665677544655e-01
9.9984693538244884e-01
9.9977764046530004e-01
9.9969629113760849e-01
9.9960037919727407e-01
9.9948787486726098e-01
9.9935820301139799e-01
9.9921380029308160e-01
9.9906206615624860e-01
9.9891689215587742e-01
9.9879815624759072e-01
9.9872753079262100e-01
9.9872057059220232e-01
9.9877847718195623e-01
9.9888646330454567e-01
9.9902069532789617e-01
9.9915873135002065e-01
9.9928632149744578e-01
9.9939918643982606e-01
9.9949989215371859e-01
9.9958486820274994e-01
9.9964272866225135e-01
9.9969940086264131e-01
9.9982068047080475e-01
9.9994498079641847e-01
9.9981392050228091e-01
9.9936877211017616e-01
9.9906558151555658e-01
9.9938411246590908e-01
9.9987669417155933e-01
1.0001541436630608e+00
1.0001585744682402e+00
1.0001266860889468e+00
1.0001690987680378e+00
1.0002410547589116e+00
1.0003090112562927e+00
1.0003825958908514e+00
1.0004703342738563e+00
1.0005704058593330e+00
1.0006791345751886e+00
1.0007904507630587e+00
1.0008935281215137e+00
1.0009747736398291e+00
1.0010221645630388e+00
1.0010294186739741e+00
1.0009981350587849e+00
1.0009363987843738e+00
1.0008552662259158e+00
1.0007653810474777e+00
1.0006749623984250e+00
1.0005892610705001e+00
1.0005109561082941e+00
1.0004409019908096e+00
1.0003788394823050e+00
1.0003239215522031e+00
1.0002750452857627e+00
1.0002310344031313e+00
1.0001907237287084e+00
1.0001529864344201e+00
1.0001167279319583e+00
1.0000808480684800e+00
1.0000442154459515e+00
1.0000056154444825e+00
9.9996370435615900e-01
9.9991695385707535e-01
9.9986360404840480e-01
9.9980164414463468e-01
9.9972886009442308e-01
9.9964302559746443e-01
9.9954235829722504e-01
9.9942639284558721e-01
9.9929736413040537e-01
9.9916192835108941e-01
9.9903249282592810e-01
9.9892673538012278e-01
9.9886387064126958e-01
9.9885766229271478e-01
9.9890918004887208e-01
9.9900536897481429e-01
9.9912514282523490e-01
9.9924854982080635e-01
9.9936278610207063e-01
9.9946388478233472e-01
9.9955407042138367e-01
9.9963010329938640e-01
9.9968162180009257e-01
9.9973189440840737e-01
9.9984059513125234e-01
9.9995263166675408e-01
9.9983395767597927e-01
9.9942977430036617e-01
9.9915255624587873e-01
9.9943965589904571e-01
9.9988539410122190e-01
1.0001366389602213e+00
1.0001398249891225e+00
1.0001096980506694e+00
1.0001470806534740e+00
1.0002114554898185e+00
1.0002723082606793e+00
1.0003384128845292e+00
1.0004176037364074e+00
1.0005083234325722e+00
1.0006073113549083e+00
1.0007090404837193e+00
1.0008035015838206e+00
1.0008780534299648e+00
1.0009215120162991e+00
1.0009280817421040e+00
1.0008993267189763e+00
1.0008428035805050e+00
1.0007687498132365e+00
1.0006869471159383e+00
1.0006048909048368e+00
1.0005273271056860e+00
1.0004566439599536e+00
1.0003935715732826e+00
1.0003378366632207e+00
1.0002886422221968e+00
1.0002449677863949e+00
1.0002057330287146e+00
1.0001698726402979e+00
1.0001363593164057e+00
1.0001041973533860e+00
1.0000723886420251e+00
1.0000399078801980e+00
1.0000056568692208e+00
9.9996842223074989e-01
9.9992682639212238e-01
9.9987928674593707e-01
9.9982399993957882e-01
9.9975898749327530e-01
9.9968227035062107e-01
9.9959228068400596e-01
9.9948864352636668e-01
9.9937340696072163e-01
9.9925256244204175e-01
9.9913720287469676e-01
9.9904306885073901e-01
9.9898721658002487e-01
9.9898183384594741e-01
9.9902785596894639e-01
9.9911371492889089e-01
9.9922070701648114e-01
9.9933106667872795e-01
9.9943329389717650e-01
9.9952374004675915e-01
9.9960435415140025e-01
9.9967220712137839e-01
9.9971788307235177e-01
9.9976229039698739e-01
9.9985954237123509e-01
9.9996029303987466e-01
9.9985254483558483e-01
9.9948536895346574e-01
9.9923188685886677e-01
9.9949052971105223e-01
9.9989364941301029e-01
1.0001208949602476e+00
1.0001228131372359e+00
1.0000942038697824e+00
1.0001269083359365e+00
1.0001842495139066e+00
1.0002384827939510e+00
1.0002976054743384e+00
1.0003688151513888e+00
1.0004507902178061e+00
1.0005406556163943e+00
1.0006334089232778e+00
1.0007198398549364e+00
1.0007882304706215e+00
1.0008281871547180e+00
1.0008343408253084e+00
1.0008081755114056e+00
1.0007567080032322e+00
1.0006893822218288e+00
1.0006151697051069e+00
1.0005409015464872e+00
1.0004708717145292e+00
1.0004072156045927e+00
1.0003505616466655e+00
1.0003006328081248e+00
1.0002566842482974e+00
1.0002177751305397e+00
1.0001829155513222e+00
1.0001511330264394e+00
1.0001214920577772e+00
1.0000930875896694e+00
1.0000650144431087e+00
1.0000363435564887e+00
1.0000060817747234e+00
9.9997313292900358e-01
9.9993625456259472e-01
9.9989402228120827e-01
9.9984481714060847e-01
9.9978686895753588e-01
9.9971841590611288e-01
9.9963807660007709e-01
9.9954555120247790e-01
9.9944271684605168e-01
9.9933497242057123e-01
9.9923224690497403e-01
9.9914857195888940e-01
9.9909910162923921e-01
9.9909462909218560e-01
9.9913594793801308e-01
9.9921275960774492e-01
9.9930842564323108e-01
9.9940710673048794e-01
9.9949848776883699e-01
9.9957924591854586e-01
9.9965111358183256e-01
9.9971145425598928e-01
9.9975172338267104e-01
9.9979073086764847e-01
9.9987754215353286e-01
9.9996790632916077e-01
9.9986979880909610e-01
9.9953604543817787e-01
9.9930421766728672e-01
9.9953708425161247e-01
9.9990143580490976e-01
1.0001067129335000e+00
1.0001073500300055e+00
1.0000800303866244e+00
1.0001083705421365e+00
1.0001591694430976e+00
1.0002072134997946e+00
1.0002597951562893e+00
1.0003235267308979e+00
1.0003972972172757e+00
1.0004785909927005e+00
1.0005629201127606e+00
1.0006418665463230e+00
1.0007046128183874e+00
1.0007415008138563e+00
1.0007475156165697e+00
1.0007240101517720e+00
1.0006774510043077e+00
1.0006165169382453e+00
1.0005494260257559e+00
1.0004824051603651e+00
1.0004193469283338e+00
1.0003621677054517e+00
1.0003114135690561e+00
1.0002668122577918e+00
1.0002276726335992e+00
1.0001931306832499e+00
1.0001622816952460e+00
1.0001342393833346e+00
1.0001081528429379e+00
1.0000832000140232e+00
1.0000585603084307e+00
1.0000333919735864e+00
1.0000067966162360e+00
9.9997778339523280e-01
9.9994523090901188e-01
9.9990785597338749e-01
9.9986420381238805e-01
9.9981268894006825e-01
9.9975174109867926e-01
9.9968014148597595e-01
9.9959765286357039e-01
9.9950599687874797e-01
9.9941004673390554e-01
9.9931870344922302e-01
9.9924449240140245e-01
9.9920088548531449e-01
9.9919743141572237e-01
9.9923476507366238e-01
9.9930365723628156e-01
9.9938925581805327e-01
9.9947742996451960e-01
9.9955895761286795e-01
9.9963085389611150e-01
9.9969468642701642e-01
9.9974809374846718e-01
9.9978333275916764e-01
9.9981734469361128e-01
9.9989461499768750e-01
9.9997541891716657e-01
9.9988582032646944e-01
9.9958224560005415e-01
9.9937014519148504e-01
9.9957965270014515e-01
9.9990874783115458e-01
1.0000939286603792e+00
1.0000932830130222e+00
1.0000670427594642e+00
1.0000912987258774e+00
1.0001359945741675e+00
1.0001782283620513e+00
1.0002246544637285e+00
1.0002813472698084e+00
1.0003473809905334e+00
1.0004205745255677e+00
1.0004969534227368e+00
1.0005689056800493e+00
1.0006265095615408e+00
1.0006607811700730e+00
1.0006669612952304e+00
1.0006462063097801e+00
1.0006044256673388e+00
1.0005495672955320e+00
1.0004891590364806e+00
1.0004288809661110e+00
1.0003722705637230e+00
1.0003210557984707e+00
1.0002757190817149e+00
1.0002360019180214e+00
1.0002012687687574e+00
1.0001707296601932e+00
1.0001435595948749e+00
1.0001189518384983e+00
1.0000961329463729e+00
1.0000743566281487e+00
1.0000528792431882e+00
1.0000309383874888e+00
1.0000077212693463e+00
9.9998233169956252e-01
9.9995375638346973e-01
9.9992083773506191e-01
9.9988226660028556e-01
9.9983662127110162e-01
9.9978250135623958e-01
9.9971883175105858e-01
9.9964542902755826e-01
9.9956387399691438e-01
9.9947857413451935e-01
9.9939752446138097e-01
9.9933192965349193e-01
9.9929377380594508e-01
9.9929148650417321e-01
9.9932550927100616e-01
9.9938748170080016e-01
9.9946408844078571e-01
9.9954273613747802e-01
9.9961523850097533e-01
9.9967896895788588e-01
9.9973537348169761e-01
9.9978234496996909e-01
9.9981287571792166e-01
9.9984224198960281e-01
9.9991077565829400e-01
9.9998277842633365e-01
9.9990069255211034e-01
9.9962436478776451e-01
9.9943021641055985e-01
9.9961855462766525e-01
9.9991559773632666e-01
1.0000824091704283e+00
1.0000804930653757e+00
1.0000551428071542e+00
1.0000755668798136e+00
1.0001145528378792e+00
1.0001513077461388e+00
1.0001919079053825e+00
1.0002419348900315e+00
1.0003006251934528e+00
1.0003661042604086e+00
1.0004349113677189e+00
1.0005002801119927e+00
1.0005532187665982e+00
1.0005853595994378e+00
1.0005920573134433e+00
1.0005741818812310e+00
1.0005370875203610e+00
1.0004880239319103e+00
1.0004338924727321e+00
1.0003798784953983e+00
1.0003292133768660e+00
1.0002834721092366e+00
1.0002430958367690e+00
1.0002078493169175e+00
1.0001771529358787e+00
1.0001502859537801e+00
1.0001264960533922e+00
1.0001050485601972e+00
1.0000852402570357e+00
1.0000663938835985e+00
1.0000478359922476e+00
1.0000288768681271e+00
1.0000087816791432e+00
9.9998673976918684e-01
9.9996183437392228e-01
9.9993301884576413e-01
9.9989911158953926e-01
9.9985883407782772e-01
9.9981093525891129e-01
9.9975446836726078e-01
9.9968930143166757e-01
9.9961689420714528e-01
9.9954124618815021e-01
9.9946955165713902e-01
9.9941186216501809e-01
9.9937884623047168e-01
9.9937792909310230e-01
9.9940929978315252e-01
9.9946524236914391e-01
9.9953375292913049e-01
9.9960366360565156e-01
9.9966780854490966e-01
9.9972394595758962e-01
9.9977343253094908e-01
9.9981439101221958e-01
9.9984048592203312e-01
9.9986550906883176e-01
9.9992602701172384e-01
9.9998992812332199e-01
9.9991448170455055e-01
9.9966275815555128e-01
9.9948493643184855e-01
9.9965409033972408e-01
9.9992201022942062e-01
1.0000720508303382e+00
1.0000688945177398e+00
1.0000442687687179e+00
1.0000610925067288e+00
1.0000947236195670e+00
1.0001262870784311e+00
1.0001613343603863e+00
1.0002050032988008e+00
1.0002566745449315e+00
1.0003147358927649e+00
1.0003762210520930e+00
1.0004352818549913e+00
1.0004839799173897e+00
1.0005145430575733e+00
1.0005222195591454e+00
1.0005074382647803e+00
1.0004750055771079e+00
1.0004314819774056e+00
1.0003832186486044e+00
1.0003349755510340e+00
1.0002897492108869e+00
1.0002490053236655e+00
1.0002131635134628e+00
1.0001820139859026e+00
1.0001550265845212e+00
1.0001315406847775e+00
1.0001108676822346e+00
1.0000923371451393e+00
1.0000753095810864e+00
1.0000591710881384e+00
1.0000433132264843e+00
1.0000271137984846e+00
1.0000099102177602e+00
9.9999097034269424e-01
9.9996946477836557e-01
9.9994444530169591e-01
9.9991484097345296e-01
9.9987949487216232e-01
9.9983728111522652e-01
9.9978736141247238e-01
9.9972965251636070e-01
9.9966552120796948e-01
9.9959863291662709e-01
9.9953548887713828e-01
9.9948514445755166e-01
9.9945708382638299e-01
9.9945783562305435e-01
9.9948723041425036e-01
9.9953791547395032e-01
9.9959901564561904e-01
9.9966077393987263e-01
9.9971707734687265e-01
9.9976608363728992e-01
9.9980907250939310e-01
9.9984437143040139e-01
9.9986625965136677e-01
9.9988720273720644e-01
9.9994035410849003e-01
9.9999680108159938e-01
9.9992723302531028e-01
9.9969773842028875e-01
9.9953476516332274e-01
9.9968653394932894e-01
9.9992802435383554e-01
1.0000627829149693e+00
1.0000584324761215e+00
1.0000343897718600e+00
1.0000478354172639e+00
1.0000764428451860e+00
1.0001030659605674e+00
1.0001327750312814e+00
1.0001703190431157e+00
1.0002152143454723e+00
1.0002660516441866e+00
1.0003203083496901e+00
1.0003731569304364e+00
1.0004179770104593e+00
1.0004476646972147e+00
1.0004569927138476e+00
1.0004456265134680e+00
1.0004178585522214e+00
1.0003795573828504e+00
1.0003366856050904e+00
1.0002936918839669e+00
1.0002534205542117e+00
1.0002172526370585e+00
1.0001855841445300e+00
1.0001582189537341e+00
1.0001346639565731e+00
1.0001143086283362e+00
1.0000965205059040e+00
1.0000806877675086e+00
1.0000662303216101e+00
1.0000525940865328e+00
1.0000392323209204e+00
1.0000255860212703e+00
1.0000110602592664e+00
9.9999499634573064e-01
9.9997664597514235e-01
9.9995515084359199e-01
9.9992953844044474e-01
9.9989875553465324e-01
9.9986177621636452e-01
9.9981784080408509e-01
9.9976689261472207e-01
9.9971021543100591e-01
9.9965122387665084e-01
9.9959586888170759e-01
9.9955242712367598e-01
9.9952929696211912e-01
9.9953221594543518e-01
9.9956041215323799e-01
9.9960648797162799e-01
9.9966060689429792e-01
9.9971456766834854e-01
9.9976339257859625e-01
9.9980562095791825e-01
9.9984244212844198e-01
9.9987236993591766e-01
9.9989024885660294e-01
9.9990734994555786e-01
9.9995372743392830e-01
1.0000033255733598e+00
9.9993897522827857e-01
9.9972957302024634e-01
9.9958010832905408e-01
9.9971608722752714e-01
9.9993365422542979e-01
1.0000545354518722e+00
1.0000490727375728e+00
1.0000255221645069e+00
1.0000358230158597e+00
1.0000597159527815e+00
1.0000816009299356e+00
1.0001061110889118e+00
1.0001376751399971e+00
1.0001759666528329e+00
1.0002197290252621e+00
1.0002667595475991e+00
1.0003132732449509e+00
1.0003543899049783e+00
1.0003840382702134e+00
1.0003959664473094e+00
1.0003883591773401e+00
1.0003651938622262e+00
1.0003317029702421e+00
1.0002937577206898e+00
1.0002555826238491e+00
1.0002198972556353e+00
1.0001879810560026e+00
1.0001601924133361e+00
1.0001363411987525e+00
1.0001159670946285e+00
1.0000985068287529e+00
1.0000833814412231e+00
1.0000700351128684e+00
1.0000579446417415e+00
1.0000466135167385e+00
1.0000355539086483e+00
1.0000242653846581e+00
1.0000122154115192e+00
9.9999881346617792e-01
9.9998338655304397e-01
9.9996515990295254e-01
9.9994325239644133e-01
9.9991670623695572e-01
9.9988458349629716e-01
9.9984618306397754e-01
9.9980144380282943e-01
9.9975153285693374e-01
9.9969963786241989e-01
9.9965127227791251e-01
9.9961427544188586e-01
9.9959611168769413e-01
9.9960197689413566e-01
9.9962990277633457e-01
9.9967182723926007e-01
9.9971911111416045e-01
9.9976545521896942e-01
9.9980706642020689e-01
9.9984277032911018e-01
9.9987364356227104e-01
9.9989840370763761e-01
9.9991243780443340e-01
9.9992592750961762e-01
9.9996608639596296e-01
1.0000094034102078e+00
9.9994969345569518e-01
9.9975844826416260e-01
9.9962126513150851e-01
9.9974332087421480e-01
9.9993908236241535e-01
1.0000472916978311e+00
1.0000408186461660e+00
1.0000177174922409e+00
1.0000250909350452e+00
1.0000445367687736e+00
1.0000618690295588e+00
1.0000813276438536e+00
1.0001070532954546e+00
1.0001388867116912e+00
1.0001756796596546e+00
1.0002153088622050e+00
1.0002548505232953e+00
1.0002918356630011e+00
1.0003223846631066e+00
1.0003384877221586e+00
1.0003350597280645e+00
1.0003165535317331e+00
1.0002876367606650e+00
1.0002543742571228e+00
1.0002207136513870e+00
1.0001892664450092e+00
1.0001612363203556e+00
1.0001369738513264e+00
1.0001163127230006e+00
1.0000988301528666e+00
1.0000840080166886e+00
1.0000713157248249e+00
1.0000602475550282e+00
1.0000503317493563e+00
1.0000411247412713e+00
1.0000321926917140e+00
1.0000230899617484e+00
1.0000133407886305e+00
1.0000024155455500e+00
9.9998970699662693e-01
9.9997451185455422e-01
9.9995602715920751e-01
9.9993337952628181e-01
9.9990571528175232e-01
9.9987240124374044e-01
9.9983339108318858e-01
9.9978974331444381e-01
9.9974441810156556e-01
9.9970245295218330e-01
9.9967155965865429e-01
9.9965841170109837e-01
9.9966846586078073e-01
9.9969712408843836e-01
9.9973478960181961e-01
9.9977486729584442e-01
9.9981358904283635e-01
9.9984822015064700e-01
9.9987763163004983e-01
9.9990273998095891e-01
9.9992248887859758e-01
9.9993280311945865e-01
9.9994288730576009e-01
9.9997734200963229e-01
1.0000149256182798e+00
9.9995945173647882e-01
9.9978483022283049e-01
9.9965898635628958e-01
9.9976765934691192e-01
9.9994394909191109e-01
1.0000409012881613e+00
1.0000336441384476e+00
1.0000110055769633e+00
1.0000157179326914e+00
1.0000310645846107e+00
1.0000441182404471e+00
1.0000586800124425e+00
1.0000785338128575e+00
1.0001036895053974e+00
1.0001332123506479e+00
1.0001649616476713e+00
1.0001965168963765e+00
1.0002284433019366e+00
1.0002613430283607e+00
1.0002848599868415e+00
1.0002863894005989e+00
1.0002730399388795e+00
1.0002484991242648e+00
1.0002193957094103e+00
1.0001894687346220e+00
1.0001614733853195e+00
1.0001366667583933e+00
1.0001154172286237e+00
1.0000975627161579e+00
1.0000826840066992e+00
1.0000702774005343e+00
1.0000598375876506e+00
1.0000508929935719e+00
1.0000430128910731e+00
1.0000357994767803e+00
1.0000288676839868e+00
1.0000218300878176e+00
1.0000142685795763e+00
1.0000057106646700e+00
9.9999560508074181e-01
9.9998330130278001e-01
9.9996804387592109e-01
9.9994900028328348e-01
9.9992535052757636e-01
9.9989649402697478e-01
9.9986241543264831e-01
9.9982418071471901e-01
9.9978476045912856e-01
9.9974879342603218e-01
9.9972420455674982e-01
9.9971654165774626e-01
9.9973346384404826e-01
9.9976418108963694e-01
9.9979676804266648e-01
9.9982870452339345e-01
9.9985944616168831e-01
9.9988698509534568e-01
9.9991006995256382e-01
9.9992950764783362e-01
9.9994444232014013e-01
9.9995122812604287e-01
9.9995815392467702e-01
9.9998742474793845e-01
1.0000197671608597e+00
9.9996797768440948e-01
9.9980823227280180e-01
9.9969262169911988e-01
9.9979065465413075e-01
9.9994910890672739e-01
1.0000357680020884e+00
1.0000278841643990e+00
1.0000057806647307e+00
1.0000080874781694e+00
1.0000195836612473e+00
1.0000284776038948e+00
1.0000381362182698e+00
1.0000519762083300e+00
1.0000702221812277e+00
1.0000924300177261e+00
1.0001166374458381e+00
1.0001400673700271e+00
1.0001652470293059e+00
1.0002006053039412e+00
1.0002368546112357e+00
1.0002443081820747e+00
1.0002363810824346e+00
1.0002143813137685e+00
1.0001874467467078e+00
1.0001596660833285e+00
1.0001341455149813e+00
1.0001120858796169e+00
1.0000936708912449e+00
1.0000785928902927e+00
1.0000663426923115e+00
1.0000563794206321e+00
1.0000481995052899e+00
1.0000413584626333e+00
1.0000354681012664e+00
1.0000301810799830e+00
1.0000251692598838e+00
1.0000201190676001e+00
1.0000146869194935e+00
1.0000084720556326e+00
1.0000009906507408e+00
9.9999164856144251e-01
9.9997972315618677e-01
9.9996437285772388e-01
9.9994470625651455e-01
9.9991998067604915e-01
9.9988997732947149e-01
9.9985562717422438e-01
9.9982011810134719e-01
9.9978818951722004e-01
9.9976979487413264e-01
9.9976848537461993e-01
9.9979761901520481e-01
9.9983091094842380e-01
9.9985676240822574e-01
9.9988021325365484e-01
9.9990322560825395e-01
9.9992363982454557e-01
9.9994019015333713e-01
9.9995384956269784e-01
9.9996400111597505e-01
9.9996736657684071e-01
9.9997139724529738e-01
9.9999607817784641e-01
1.0000238659817029e+00
9.9997573212467017e-01
9.9982993236116269e-01
9.9972403240336116e-01
9.9980913618695466e-01
9.9995189147192642e-01
1.0000302180584808e+00
1.0000227491508669e+00
1.0000013228754805e+00
1.0000011142776184e+00
1.0000089680655644e+00
1.0000143348762882e+00
1.0000199773690346e+00
1.0000286673288710e+00
1.0000405055247612e+00
1.0000554149362235e+00
1.0000719042097765e+00
1.0000861823215705e+00
1.0000994481662338e+00
1.0001310170235018e+00
1.0001908405149911e+00
1.0002047723265282e+00
1.0002000610861743e+00
1.0001770577174236e+00
1.0001507603196331e+00
1.0001253435279289e+00
1.0001032680749067e+00
1.0000850847345235e+00
1.0000704907429026e+00
1.0000589323664830e+00
1.0000498084466729e+00
1.0000425744070354e+00
1.0000367717490921e+00
1.0000320248810362e+00
1.0000280246610802e+00
1.0000245066050004e+00
1.0000212318244708e+00
1.0000179725857401e+00
1.0000144834743940e+00
1.0000104710296347e+00
1.0000055671983752e+00
9.9999929706527468e-01
9.9999104500060809e-01
9.9998003159769178e-01
9.9996532843482344e-01
9.9994597122712658e-01
9.9992122050798138e-01
9.9989124392570494e-01
9.9985842468244135e-01
9.9982712013040009e-01
9.9981253445440732e-01
9.9981720256741335e-01
9.9986846594178069e-01
9.9989898816918554e-01
9.9991335730370856e-01
9.9992757905425733e-01
9.9994309021365901e-01
9.9995670070685116e-01
9.9996731498575397e-01
9.9997595734578604e-01
9.9998192225527371e-01
9.9998218669631389e-01
9.9998353459464373e-01
1.0000037132088329e+00
1.0000264499910303e+00
9.9998060373857101e-01
9.9984701141452348e-01
9.9974984853844329e-01
9.9984444075008050e-01
9.9996090332152099e-01
1.0000249372507053e+00
1.0000183614463094e+00
1.0000000698524010e+00
9.9999931620094518e-01
1.0000049031762130e+00
1.0000071874940697e+00
1.0000078419046530e+00
1.0000090568808235e+00
1.0000109482102648e+00
1.0000136972974998e+00
1.0000171162538676e+00
1.0000191016280762e+00
1.0000183730168388e+00
1.0000369072717255e+00
1.0001523133688976e+00
1.0001700249901258e+00
1.0001608882861546e+00
1.0001359362797286e+00
1.0001125322420192e+00
1.0000923978612348e+00
1.0000758554379547e+00
1.0000627106566498e+00
1.0000524104587336e+00
1.0000443737601890e+00
1.0000380843969014e+00
1.0000331182827409e+00
1.0000291398664543e+00
1.0000258865987048e+00
1.0000231511052409e+00
1.0000207659303033e+00
1.0000185922436760e+00
1.0000164593628778e+00
1.0000142043426774e+00
1.0000116423130250e+00
1.0000085391009623e+00
1.0000045840483034e+00
9.9999935788206096e-01
9.9999229857782623e-01
9.9998267760628834e-01
9.9996961474450285e-01
9.9995217992145025e-01
9.9992978756553574e-01
9.9990257733168708e-01
9.9987216697762449e-01
9.9985561621833630e-01
9.9986080792348442e-01
9.9996003131995514e-01
9.9997815982525295e-01
9.9997865119355012e-01
9.9998089264401058e-01
9.9998420951388589e-01
9.9998678034441679e-01
9.9998866873468617e-01
9.9999101092569109e-01
9.9999302655400979e-01
9.9999167517071119e-01
9.9999192629340439e-01
1.0000078492481144e+00
1.0000256868827082e+00
9.9998714335891115e-01
9.9987691553735758e-01
9.9979674939085672e-01
7.4583354206277697e-01
7.9829711683290439e-01
8.3122428158177541e-01
8.5292075992782490e-01
8.6936013279411373e-01
8.8324967862415849e-01
8.9484302659996573e-01
9.0478383426838493e-01
9.1341977297132171e-01
9.2107633154949176e-01
9.2791430660192753e-01
9.3412107887294149e-01
9.3977971728972665e-01
9.4492758326057902e-01
9.4956706864699603e-01
9.5366686327966277e-01
9.5714250678594326e-01
9.5981253422661861e-01
9.6151644222718990e-01
9.6218235015922260e-01
9.6185576857912880e-01
9.6049093792959905e-01
9.5770377001904294e-01
9.5260512158920385e-01
9.4379553263866800e-01
9.2890870360398747e-01
9.0387747367558313e-01
8.6137223216396785e-01
7.8799287191999567e-01
6.6288563876635620e-01
4.7901509169903267e-01
3.1841259320118392e-01
3.7276521604555218e-01
5.7498702243486233e-01
7.3284532288701043e-01
8.1309404418823916e-01
8.4833139240840905e-01
8.6506426142256831e-01
8.7414368796201747e-01
8.7849537643787790e-01
8.7908018669581578e-01
8.7669291086001688e-01
8.7219722967111168e-01
8.6657124555965515e-01
8.6058518416538810e-01
8.5490752108317491e-01
8.5018657241325302e-01
8.4602382977442492e-01
8.4178125391994030e-01
8.3778846816485986e-01
8.3154607064722885e-01
8.5780648328844189e-01
8.6541227802337062e-01
8.0287131644234855e-01
7.9774849441954998e-01
7.8651847116701545e-01
7.7363112485279417e-01
7.5980505525410269e-01
7.4412250580372541e-01
7.2612564600242435e-01
7.0324342637237536e-01
6.7578416898554539e-01
6.4560728839564119e-01
6.3743980406695600e-01
7.7794254329724621e-01
8.2571621346072632e-01
8.4971084325681123e-01
8.6765439037194947e-01
8.8418544323422710e-01
8.9864279966941329e-01
9.1075016034618483e-01
9.2118875721566285e-01
9.3036103458605690e-01
9.3854154509003374e-01
9.4593410391507160e-01
9.5271484629180836e-01
9.5899036809002591e-01
9.6482699861387966e-01
9.7025884640416837e-01
9.7529451276522627e-01
9.7989873774123792e-01
9.8397386500099759e-01
9.8740712744858827e-01
9.9012048479205472e-01
9.9203903437887941e-01
9.9292195952991646e-01
9.9217762502864559e-01
9.8870214677929136e-01
9.8064966771620554e-01
9.6501804070706498e-01
9.3716275338755406e-01
8.9060247696302020e-01
8.1821140257766634e-01
7.1769836346974070e-01
6.0573631780113657e-01
5.3417308448894740e-01
5.6613754279303496e-01
6.8620202443590950e-01
8.2259219918294524e-01
9.2223362956170918e-01
9.7580382808561339e-01
9.9616935385110406e-01
9.9717649917349582e-01
9.8810593066529817e-01
9.7568047493682764e-01
9.6282898213879309e-01
9.5039962178553539e-01
9.3850607818912324e-01
9.2710793198263508e-01
9.1646633087302165e-01
9.0692577189150514e-01
8.9848751400448534e-01
8.8940875098838013e-01
8.8230294092202077e-01
8.7059553892232888e-01
8.9605594962370749e-01
9.0608646731207865e-01
8.5258718611438911e-01
8.4743812124912221e-01
8.3625192550833649e-01
8.2196788233807627e-01
8.0550012051237818e-01
7.8644816563380382e-01
7.6451895511866663e-01
7.3871792296565286e-01
7.0616944018374417e-01
6.6821778386341091e-01
6.7833688229216837e-01
8.0282643011069021e-01
8.5022048025661634e-01
8.6649625685406440e-01
8.7919215086136748e-01
8.9410865950552287e-01
9.0767309677019103e-01
9.1895748036236735e-01
9.2856868809381810e-01
9.3685932501440639e-01
9.4405754982272128e-01
9.5035839698187530e-01
9.5592445225598954e-01
9.6086186064448520e-01
9.6523952506681976e-01
9.6910184478348615e-01
9.7247127373476450e-01
9.7531615175242981e-01
9.7752959058138977e-01
9.7895534602229284e-01
9.7938411852410556e-01
9.7852671266894387e-01
9.7589077827357895e-01
9.7067269851181626e-01
9.6169663434648500e-01
9.4737883189984873e-01
9.2572678162267741e-01
8.9459597336817298e-01
8.5254666035419191e-01
8.0084755585750778e-01
7.4680973581204513e-01
7.0420642373400422e-01
6.8525842016353244e-01
6.9442850089992669e-01
7.3091258453227947e-01
7.8901066807209486e-01
8.5129274941503841e-01
9.0126458809878329e-01
9.3387079822483798e-01
9.5136213761659116e-01
9.5826769019516600e-01
9.5840165060228266e-01
9.5453552793008711e-01
9.4838423003679206e-01
9.4093127618513117e-01
9.3267699986912966e-01
9.2423950037298030e-01
9.1597196704754935e-01
9.0861127609892200e-01
8.9890550243174894e-01
8.9397575961842946e-01
8.7636563518126609e-01
9.1041113476195712e-01
9.1335503221014092e-01
8.7351873507346933e-01
8.6987850530593314e-01
8.6224137354983588e-01
8.5084827421964038e-01
8.3602041764162172e-01
8.1774337115413354e-01
7.9585797451906248e-01
7.6917668004511175e-01
7.3448205671073397e-01
6.9836262873683097e-01
7.1589115162252226e-01
8.2025365185850119e-01
8.6895191824002971e-01
8.8245702834911544e-01
8.9069437319280009e-01
9.0259266762658030e-01
9.1406360773569084e-01
9.2365170111477068e-01
9.3181713203406102e-01
9.3886828822057489e-01
9.4498706228053875e-01
9.5035652245700186e-01
9.5513325912475244e-01
9.5942261149119656e-01
9.6329363591703165e-01
9.6679085370354934e-01
9.6993168543790820e-01
9.7268070537862483e-01
9.7491902778116346e-01
9.7642971293883996e-01
9.7690850973645060e-01
9.7594044953490000e-01
9.7292801813979390e-01
9.6704200554988706e-01
9.5722844133875873e-01
9.4228718901597408e-01
9.2110391189671670e-01
8.9314249794066269e-01
8.5928505112494402e-01
8.2277106800309285e-01
7.8960605534556383e-01
7.6670620406462764e-01
7.5825566595371818e-01
7.6595365171400198e-01
7.8913888422740830e-01
8.2710859629949440e-01
8.7157566423768607e-01
9.1239795600517692e-01
9.4352187371167973e-01
9.6310832782594047e-01
9.7231602794587180e-01
9.7374641897262892e-01
9.7009300715221980e-01
9.6347757278504242e-01
9.5534184314364889e-01
9.4642962922280971e-01
9.3742005142906892e-01
9.2836775963510743e-01
9.2048969672316983e-01
9.0841407982243727e-01
9.0631250087740933e-01
8.7770529908709527e-01
9.2806737154346564e-01
9.1236774492053974e-01
8.8566359482333301e-01
8.8213704868000342e-01
8.7658694924020908e-01
8.6778809072527352e-01
8.5565604711589927e-01
8.4022433869527535e-01
8.2119316732966396e-01
7.9632200330752079e-01
7.6159879088400695e-01
7.2771841594455478e-01
7.4454026269029094e-01
8.3332753133236559e-01
8.8265539490345046e-01
8.9649175388990598e-01
9.0161353613046058e-01
9.0982569941788705e-01
9.1829241314867138e-01
9.2551302730983587e-01
9.3190035511061442e-01
9.3769051713086793e-01
9.4294238568783306e-01
9.4774101515971976e-01
9.5216969252400907e-01
9.5627676665294348e-01
9.6008388165496117e-01
9.6359515289206155e-01
9.6678875868257996e-01
9.6958398053448303e-01
9.7179650091319869e-01
9.7312434810215054e-01
9.7315251093360766e-01
9.7135164508199234e-01
9.6707274049680980e-01
9.5957756506279979e-01
9.4814475589255154e-01
9.3225832453331670e-01
9.1191950207109906e-01
8.8806344669883108e-01
8.6289607049088290e-01
8.3972102091759904e-01
8.2197320891905223e-01
8.1148447322323525e-01
8.0833479933012375e-01
8.1218257279631179e-01
8.2292822892490236e-01
8.4140275043676116e-01
8.6723858987351288e-01
8.9688211883463231e-01
9.2523500134457604e-01
9.4817696150576691e-01
9.6370061558108333e-01
9.7177870786029852e-01
9.7356607959003483e-01
9.7068321596407370e-01
9.6472697630046056e-01
9.5690064322662527e-01
9.4824078507610587e-01
9.3891854627403615e-01
9.3034874431296499e-01
9.1671074007570674e-01
9.1441638952801008e-01
8.8175292064917477e-01
9.4429337317840023e-01
9.0947717707043596e-01
8.9314627853678819e-01
8.8919464695094075e-01
8.8424351682281366e-01
8.7694452244314292e-01
8.6737632312671631e-01
8.5559529207168772e-01
8.4096142216682912e-01
8.1963799719621144e-01
7.8606155944089617e-01
7.5303917715587299e-01
7.6656710254729632e-01
8.4435857519920887e-01
8.9317158458778834e-01
9.0804928568247745e-01
9.1097593325800230e-01
9.1560376805657662e-01
9.2092451043353329e-01
9.2573798649173522e-01
9.3049436541906083e-01
9.3533370019463580e-01
9.4011091909706213e-01
9.4473085350697950e-01
9.4915060539567442e-01
9.5333039645551088e-01
9.5723024650251587e-01
9.6081055430858764e-01
9.6401503891535600e-01
9.6672671872744675e-01
9.6871323667408615e-01
9.6961277157754910e-01
9.6895154633584479e-01
9.6618652988784159e-01
9.6076744299504468e-01
9.5223284050964763e-01
9.4034759328449202e-01
9.2527934909723220e-01
9.0779560381469282e-01
8.8936884986716858e-01
8.7201134908944311e-01
8.5781465175342075e-01
8.4817258283888108e-01
8.4325261998091539e-01
8.4231948619356589e-01
8.4473073896711370e-01
8.5080520475889632e-01
8.6167147799899657e-01
8.7784726821828174e-01
8.9814654925447224e-01
9.1995776625927550e-01
9.4029058263562970e-01
9.5675131916633671e-01
9.6798566515475459e-01
9.7375805648477198e-01
9.7462811763291524e-01
9.7157427848571465e-01
9.6565933992618003e-01
9.5791698679586590e-01
9.4882470244252015e-01
9.3900080626209004e-01
9.2637856468784363e-01
9.1746182941136023e-01
8.9999704427617011e-01
9.4860432716172260e-01
9.1019346654358002e-01
8.9857557186812587e-01
8.9497064801599657e-01
8.8988512188697744e-01
8.8288694872454165e-01
8.7489412538556977e-01
8.6624539903109710e-01
8.5601714699678322e-01
8.3870049960895399e-01
8.0704126826152967e-01
7.7467826276792606e-01
7.8491958266520412e-01
8.5409198743433734e-01
9.0163275728874515e-01
9.1726424102056703e-01
9.1846569415614621e-01
9.2001826571998957e-01
9.2270738940864938e-01
9.2564840037100149e-01
9.2924385212185845e-01
9.3350159346954231e-01
9.3806835906963904e-01
9.4267212139654932e-01
9.4715274040741970e-01
9.5140001979980260e-01
9.5533326908539473e-01
9.5888902746702753e-01
9.6199081273131826e-01
9.6449271280181303e-01
9.6612399890668021e-01
9.6648046243026797e-01
9.6507803163296313e-01
9.6144332743023853e-01
9.5521811728165107e-01
9.4627428369372635e-01
9.3481525553688116e-01
9.2146931313243063e-01
9.0732360506709575e-01
8.9376451854312899e-01
8.8220457052381740e-01
8.7366382284713529e-01
8.6843274444843865e-01
8.6612547000918294e-01
8.6608703826805322e-01
8.6784182073922700e-01
8.7159389620009853e-01
8.7812440908722378e-01
8.8817570878607710e-01
9.0182345229290672e-01
9.1805373154236536e-01
9.3503858480193791e-01
9.5071192847191188e-01
9.6335946244087367e-01
9.7194115670091186e-01
9.7614875177775706e-01
9.7624360410092015e-01
9.7287829498445599e-01
9.6675903469671698e-01
9.5864115677744555e-01
9.4771116816279877e-01
9.3824143082776723e-01
9.2099049798056809e-01
9.2760659753295416e-01
9.4819832913069546e-01
9.1632511487427304e-01
9.0555409071198056e-01
9.0179714615033357e-01
8.9617241499461520e-01
8.8874061644511859e-01
8.8121727328037147e-01
8.7445913339599135e-01
8.6758567470553472e-01
8.5386341955312794e-01
8.2460792020799545e-01
7.9328980831116369e-01
8.0073035515070923e-01
8.6275961660514511e-01
9.0858685022560948e-01
9.2447512188711944e-01
9.2421009677296506e-01
9.2333512737273782e-01
9.2418455820756262e-01
9.2597844461851386e-01
9.2886350410529905e-01
9.3270035574412191e-01
9.3702133584436009e-01
9.4146767664507147e-01
9.4582526744719553e-01
9.4994986936441161e-01
9.5374111142047835e-01
9.5711969899115212e-01
9.5998760663288818e-01
9.6216428307638380e-01
9.6333931388366356e-01
9.6309106299353819e-01
9.6097750992953179e-01
9.5666144534693398e-01
9.5002367084568740e-01
9.4124228215844608e-01
9.3083105266120092e-01
9.1964063656286210e-01
9.0872133991432003e-01
8.9912758317099439e-01
8.9165488042749652e-01
8.8662671239028290e-01
8.8387855107903734e-01
8.8292825879919545e-01
8.8327764870764114e-01
8.8462278753891355e-01
8.8709435631391920e-01
8.9121784447952979e-01
8.9764573213206988e-01
9.0681318485210305e-01
9.1855278222036907e-01
9.3198624407171171e-01
9.4572590376670251e-01
9.5824562411277692e-01
9.6824437299275845e-01
9.7487308106000070e-01
9.7779238455031392e-01
9.7715327688790454e-01
9.7321869165671504e-01
9.6673954352082014e-01
9.5620595724470558e-01
9.4877960197942190e-01
9.3144424279630722e-01
9.5235811510984869e-01
9.5076170683595240e-01
9.2548560120050150e-01
9.1515928438022354e-01
9.1033874598193854e-01
9.0377059711357166e-01
8.9563903620940521e-01
8.8784377090314925e-01
8.8172205173739360e-01
8.7680842181159424e-01
8.6584220022293135e-01
8.3914668451928476e-01
8.0927405474501546e-01
8.1449240160536540e-01
8.7052705425083277e-01
9.1435161012856647e-01
9.3003201342663466e-01
9.2851895815404095e-01
9.2588749932509740e-01
9.2567814971297435e-01
9.2693828984698179e-01
9.2937754090908631e-01
9.3275439081683853e-01
9.3663876300196280e-01
9.4070338606363890e-01
9.4473985242156011e-01
9.4859177598822353e-01
9.5213797464308025e-01
9.5527263486855163e-01
9.5786262493505392e-01
9.5968546388025811e-01
9.6040027393705540e-01
9.5960035847760949e-01
9.5693381004158418e-01
9.5223473469692033e-01
9.4561274795983108e-01
9.3747397996527393e-01
9.2849821708899150e-01
9.1953224943179290e-01
9.1142531350829659e-01
9.0484337164308726e-01
9.0012285527972102e-01
8.9723201796428775e-01
8.9586811244761066e-01
8.9561947663785113e-01
8.9613924596539318e-01
8.9723251413208427e-01
8.9899537046619260e-01
9.0178516540192544e-01
9.0608084222143959e-01
9.1233726664543624e-01
9.2075174142265181e-01
9.3105215054856627e-01
9.4247111632080205e-01
9.5389590711109973e-01
9.6412037050427202e-01
9.7209728561660080e-01
9.7711489008042618e-01
9.7887379482534098e-01
9.7726716178754125e-01
9.7267464184362429e-01
9.6457844646097723e-01
9.5634117441376276e-01
9.4946909587675887e-01
9.6655222098291005e-01
9.5518468792278222e-01
9.3483495038767805e-01
9.2557645175115177e-01
9.1982688647112343e-01
9.1244595156508024e-01
9.0374207137439788e-01
8.9534081067712123e-01
8.8889695847965333e-01
8.8461974758573325e-01
8.7541733037498914e-01
8.5112541544494791e-01
8.2297437280418795e-01
8.2656734104516294e-01
8.7751976912057839e-01
9.1914689911596592e-01
9.3425884582302487e-01
9.3174331824437995e-01
9.2798392125434592e-01
9.2732373768432896e-01
9.2842214281234869e-01
9.3049717388474495e-01
9.3330701979617314e-01
9.3659465379182005e-01
9.4013772535077367e-01
9.4375423289893390e-01
9.4727492781747469e-01
9.5054687144643069e-01
9.5342567595855143e-01
9.5573428561725748e-01
9.5721067061532217e-01
9.5750287453325189e-01
9.5625140884239279e-01
9.5322421450966055e-01
9.4842915736768763e-01
9.4215627222993004e-01
9.3494485491941981e-01
9.2750750679769733e-01
9.2056542456235013e-01
9.1471565607002681e-01
9.1030618565031929e-01
9.0739365315216280e-01
9.0580222429681623e-01
9.0522963007418167e-01
9.0535773891766835e-01
9.0595057546070090e-01
9.0687949688755454e-01
9.0821488849098264e-01
9.1020285637672060e-01
9.1319307774374336e-01
9.1757823508744429e-01
9.2365831200686699e-01
9.3147677692418185e-01
9.4070650115230736e-01
9.5064969099080399e-01
9.6035977537313244e-01
9.6883324887131683e-01
9.7519726378068150e-01
9.7884683948905327e-01
9.7942995863475701e-01
9.7688069939903011e-01
9.7184596927937261e-01
9.6444368544604908e-01
9.6510225084519141e-01
9.7292062023539883e-01
9.5857776887399360e-01
9.4225792065923886e-01
9.3451451935394392e-01
9.2867999411007962e-01
9.2125092102914174e-01
9.1254861727962311e-01
9.0367773652037009e-01
8.9641235484133897e-01
8.9174476823431548e-01
8.8331685506993385e-01
8.6103301406806121e-01
8.3472075780879029e-01
8.3723012583484779e-01
8.8381451471667427e-01
9.2313468964831402e-01
9.3744577377616622e-01
9.3420173309079446e-01
9.2984245469867044e-01
9.2911267698254763e-01
9.3019181121272065e-01
9.3188654758692557e-01
9.3406846328544180e-01
9.3671398257130334e-01
9.3970900883993091e-01
9.4288772868167958e-01
9.4606375963651645e-01
9.4905135704922772e-01
9.5166677847683501e-01
9.5369166863503885e-01
9.5483620488520560e-01
9.5475962582056373e-01
9.5317438933666443e-01
9.4997609719806908e-01
9.4532174317157047e-01
9.3962058423136241e-01
9.3346198025057281e-01
9.2748879478597790e-01
9.2225876024496845e-01
9.1813710459492559e-01
9.1525193844565766e-01
9.1351881028737270e-01
9.1272299894171949e-01
9.1260684638353251e-01
9.1293605914431353e-01
9.1355138523100954e-01
9.1436843670602064e-01
9.1544031396653291e-01
9.1693928261078295e-01
9.1911981684924415e-01
9.2229374944481546e-01
9.2676028481499262e-01
9.3270194133892292e-01
9.4006158971610154e-01
9.4847310929237372e-01
9.5728047783908166e-01
9.6564763009629251e-01
9.7271252763912164e-01
9.7772045118863715e-01
9.8017294222547302e-01
9.7978910306709555e-01
9.7724527208622758e-01
9.7292212256049804e-01
9.7504894114377283e-01
9.7509096360379044e-01
9.6036185404703278e-01
9.4719988264931509e-01
9.4085908191731682e-01
9.3560810928936433e-01
9.2898036146417662e-01
9.2109015627126700e-01
9.1232766759066330e-01
9.0429821157394141e-01
8.9866067528435467e-01
8.9016043081698992e-01
8.6934074307863107e-01
8.4481484555094599e-01
8.4667373928799572e-01
8.8946287420803249e-01
9.2644547108965969e-01
9.3984197227363064e-01
9.3614356438929802e-01
9.3157860405631343e-01
9.3095804427557194e-01
9.3201501648728713e-01
9.3330526272339742e-01
9.3488639223043901e-01
9.3694502947104463e-01
9.3943330386090185e-01
9.4218804643121590e-01
9.4501362856632798e-01
9.4770382396390618e-01
9.5004401694775664e-01
9.5178406515169656e-01
9.5262073367901701e-01
9.5224295409458193e-01
9.5044696509753146e-01
9.4724601160010669e-01
9.4290703421511435e-01
9.3789884952638525e-01
9.3279286423279884e-01
9.2811956874262458e-01
9.2426958541422288e-01
9.2143214230082704e-01
9.1960155686237399e-01
9.1863533824423627e-01
9.1832946070302035e-01
9.1847849929111092e-01
9.1891278177598035e-01
9.1952467152133388e-01
9.2025870050755132e-01
9.2115700217462848e-01
9.2234337546979994e-01
9.2400368557529422e-01
9.2638031477628580e-01
9.2973721514241825e-01
9.3429700559723938e-01
9.4014857669986629e-01
9.4715644063714799e-01
9.5492060833638737e-01
9.6281336916752280e-01
9.7008138349099260e-01
9.7595757790832760e-01
9.7986648033943891e-01
9.8145751508151646e-01
9.8088722358639646e-01
9.7936266840254660e-01
9.8017378756235929e-01
9.7522159227187522e-01
9.6119113963582381e-01
9.5031592946968957e-01
9.4491693109890795e-01
9.4035750616609026e-01
9.3491792700109166e-01
9.2844695581321013e-01
9.2053347804290941e-01
9.1225715200384783e-01
9.0557150001765685e-01
8.9641673487324858e-01
8.7647373723133670e-01
8.5353199895408083e-01
8.5504353738424532e-01
8.9450849447380221e-01
9.2919230383078799e-01
9.4165260498556835e-01
9.3774156106885542e-01
9.3322849050562096e-01
9.3275712564961166e-01
9.3373513981526490e-01
9.3463497551411923e-01
9.3570907474162868e-01
9.3728049501376431e-01
9.3932052807727140e-01
9.4166902521377205e-01
9.4413901429666358e-01
9.4651982258354628e-01
9.4857672154618466e-01
9.5003888414035642e-01
9.5060292654823830e-01
9.4999933770905398e-01
9.4810774399347508e-01
9.4503780048136632e-01
9.4112503907389378e-01
9.3684984955639716e-01
9.3271905382192555e-01
9.2914411781628259e-01
9.2637179156169458e-01
9.2447000549369718e-01
9.2336323084596783e-01
9.2289577726865979e-01
9.2289185304758836e-01
9.2319330431283186e-01
9.2367793067820425e-01
9.2427281808995831e-01
9.2494175989451488e-01
9.2571931638564919e-01
9.2669678642934084e-01
9.2801243542784573e-01
9.2985395453599284e-01
9.3244118838766599e-01
9.3599291208268609e-01
9.4066487281754951e-01
9.4646576621496081e-01
9.5319351685206966e-01
9.6042088854798791e-01
9.6754292847774970e-01
9.7386464767480263e-01
9.7878977446606641e-01
9.8188481975801678e-01
9.8288506619846772e-01
9.8284493769407066e-01
9.8187813009347413e-01
9.7434193168388161e-01
9.6154298443244679e-01
9.5235658813797253e-01
9.4751201659968320e-01
9.4344159750716972e-01
9.3907407963070821e-01
9.3416145502762993e-01
9.2764654870763508e-01
9.1983064226822697e-01
9.1243792249402100e-01
9.0238090051358655e-01
8.8279195465907323e-01
8.6112871839055805e-01
8.6246348147010088e-01
8.9899402713601051e-01
9.3147348719255552e-01
9.4303824697420491e-01
9.3910294530768734e-01
9.3478379541586842e-01
9.3443012790556945e-01
9.3527820403668205e-01
9.3584148291230906e-01
9.3652502988795172e-01
9.3770710585527783e-01
9.3935166574841344e-01
9.4131375853582711e-01
9.4343112126337381e-01
9.4549989873313423e-01
9.4727519659197656e-01
9.4847622154253630e-01
9.4881033211142563e-01
9.4805538993421801e-01
9.4616563865201764e-01
9.4332108217316379e-01
9.3988924160631138e-01
9.3632676749797727e-01
9.3305626465797376e-01
9.3037749040201567e-01
9.2842808506410024e-01
9.2719962147296220e-01
9.2658666728279460e-01
9.2644263383616343e-01
9.2662326032753095e-01
9.2700874321706961e-01
9.2751136902988129e-01
9.2808183248170983e-01
9.2869697063106516e-01
9.2938586974827020e-01
9.3021762413079490e-01
9.3129718250991833e-01
9.3277007616674545e-01
9.3481596825657676e-01
9.3763260026280182e-01
9.4139600702710025e-01
9.4619644879241449e-01
9.5197060628379515e-01
9.5845973293345188e-01
9.6521117792265709e-01
9.7163703229005705e-01
9.7715526635705507e-01
9.8122003263990420e-01
9.8330998583635709e-01
9.8375707529040002e-01
9.8134745024414027e-01
9.7288805210325302e-01
9.6154343382345830e-01
9.5370094128197069e-01
9.4925195077107261e-01
9.4549559593388199e-01
9.4188014471849280e-01
9.3827182314226010e-01
9.3333182056441000e-01
9.2658750262185818e-01
9.1906220826827367e-01
9.0818071340189321e-01
8.8857513272999411e-01
8.6784069121661089e-01
8.6904893325386690e-01
9.0296561200021797e-01
9.3337322878064732e-01
9.4411796407503135e-01
9.4028782193724070e-01
9.3622154762258314e-01
9.3593299845542310e-01
9.3662893128845792e-01
9.3692932658480277e-01
9.3732736435636621e-01
9.3819770377749545e-01
9.3949309058638519e-01
9.4109598453893994e-01
9.4287578518841930e-01
9.4464129322678814e-01
9.4614613601396380e-01
9.4710952774885870e-01
9.4725821190011994e-01
9.4641814948462122e-01
9.4460494448760601e-01
9.4204320351099735e-01
9.3910335265269118e-01
9.3619574330681199e-01
9.3365726891571932e-01
9.3169222768082893e-01
9.3036124431399425e-01
9.2961316562042895e-01
9.2933544707163984e-01
9.2939953081511772e-01
9.2969032757206427e-01
9.3011780031066005e-01
9.3061905554261137e-01
9.3116104155738133e-01
9.3172951125644998e-01
9.3234947557935588e-01
9.3307457037312225e-01
9.3398599631910439e-01
9.3519783999085515e-01
9.3685607716983632e-01
9.3913174788540188e-01
9.4219815043005062e-01
9.4618536369497541e-01
9.5111980883878611e-01
9.5687036861139796e-01
9.6312096054510776e-01
9.6939461975773966e-01
9.7513905305122472e-01
9.7970511261136251e-01
9.8239149464077646e-01
9.8282012102192851e-01
9.7950611412409683e-01
9.7109477990405335e-01
9.6122432226834753e-01
9.5449725380755712e-01
9.5042716448942111e-01
9.4694304377998761e-01
9.4381230885451650e-01
9.4110436628938310e-01
9.3758190369043981e-01
9.3225363856253207e-01
9.2519516171393623e-01
9.1380980684897983e-01
8.9401293626524825e-01
8.7387472487612239e-01
8.7491196476628674e-01
9.0647324526014783e-01
9.3496091454326569e-01
9.4497534726588139e-01
9.4132713854555550e-01
9.3752218536434506e-01
9.3725334926368598e-01
9.3780220536907055e-01
9.3791220165618239e-01
9.3810458297659882e-01
9.3872164538998359e-01
9.3971241064048650e-01
9.4099152679713371e-01
9.4245871804177372e-01
9.4393825101270490e-01
9.4519020202542203e-01
9.4594280699993827e-01
9.4594823245608750e-01
9.4507742270475770e-01
9.4339242260198264e-01
9.4114012917234979e-01
9.3867352159588169e-01
9.3634457903165602e-01
9.3441234108223736e-01
9.3300586647664974e-01
9.3213440194025998e-01
9.3172644615013367e-01
9.3167461286412290e-01
9.3187047791890720e-01
9.3222364668374480e-01
9.3266681625530934e-01
9.3315498132389918e-01
9.3366638076491981e-01
9.3419294751049409e-01
9.3475653805690018e-01
9.3539973392695541e-01
9.3618659214644062e-01
9.3720769913170554e-01
9.3858151769511755e-01
9.4045335162516952e-01
9.4298328432902434e-01
9.4631503396812899e-01
9.5052758362316736e-01
9.5558007482691798e-01
9.6126673671357910e-01
9.6721016361243239e-01
9.7289322650206400e-01
9.7759665407039964e-01
9.8048236739370553e-01
9.8072252118125147e-01
9.7699833399306324e-01
9.6914386397713892e-01
9.6064858139607046e-01
9.5485194498669879e-01
9.5116821373829730e-01
9.4798705446474463e-01
9.4520484807352700e-01
9.4304160767047784e-01
9.4060469613135844e-01
9.3674905870533265e-01
9.3062752740095434e-01
9.1918028691213782e-01
8.9920777065683366e-01
8.7940014294577318e-01
8.8016150636835688e-01
9.0957126489670015e-01
9.3629309369304670e-01
9.4566646476904936e-01
9.4223677028028618e-01
9.3867688366483681e-01
9.3839937869897150e-01
9.3882230629429020e-01
9.3880122221614659e-01
9.3884382980743009e-01
9.3925377245144237e-01
9.3998447429779253e-01
9.4097976741419209e-01
9.4216465262905547e-01
9.4338080845187244e-01
9.4440155726306663e-01
9.4497136212691146e-01
9.4487114483035683e-01
9.4401135009686088e-01
9.4248601546236044e-01
9.4054658063152885e-01
9.3851530124768967e-01
9.3668373979940689e-01
9.3524359420672809e-01
9.3426822728282055e-01
9.3373514726450402e-01
9.3356603906568547e-01
9.3366441446783033e-01
9.3394103486890401e-01
9.3432554184215177e-01
9.3476783423899446e-01
9.3523589744289959e-01
9.3571582709196954e-01
9.3620387717022358e-01
9.3671935388465710e-01
9.3729675512070709e-01
9.3798757299360513e-01
9.3886461064741189e-01
9.4002447980252446e-01
9.4158967666711213e-01
9.4370271528677252e-01
9.4650627584150915e-01
9.5010619641704830e-01
9.5452078195991086e-01
9.5962658473774443e-01
9.6512860965364433e-01
9.7054669624335355e-01
9.7513042717281717e-01
9.7795509146760962e-01
9.7799701479166057e-01
9.7423075072567544e-01
9.6716638071326022e-01
9.5989896132641306e-01
9.5487958131794148e-01
9.5156826404163086e-01
9.4871857764096368e-01
9.4623926444377282e-01
9.4439011642350046e-01
9.4268590539765562e-01
9.4014949008338089e-01
9.3523793561624302e-01
9.2417701589871748e-01
9.0419133402186069e-01
8.8454386545735320e-01
8.8490059159598999e-01
9.1231476729568961e-01
9.3741403677443880e-01
9.4622753387998526e-01
9.4302680970484243e-01
9.3968755592291442e-01
9.3938909900929590e-01
9.3971241412772077e-01
9.3960364052127920e-01
9.3953526938947984e-01
9.3977704041585364e-01
9.4029072712084660e-01
9.4104241975761993e-01
9.4197721552648739e-01
9.4295570576051746e-01
9.4376941275406756e-01
9.4418400314044915e-01
9.4401018319650332e-01
9.4319134452820519e-01
9.4184081172419365e-01
9.4020149137105657e-01
9.3855775658183915e-01
9.3714446608456836e-01
9.3609777587497178e-01
9.3545144844457995e-01
9.3516524807311241e-01
9.3516203448628032e-01
9.3535809736523490e-01
9.3568110652606962e-01
9.3607669486827594e-01
9.3650771080116824e-01
9.3695160810743972e-01
9.3739999439435895e-01
9.3785211425997561e-01
9.3832516022752976e-01
9.3884760826584590e-01
9.3946150990614630e-01
9.4022611570046510e-01
9.4122078017192812e-01
9.4254833186807785e-01
9.4433325052426320e-01
9.4670942248441237e-01
9.4979262363746841e-01
9.5363631234652180e-01
9.5817483317340357e-01
9.6317819265508375e-01
9.6820341297081602e-01
9.7250354870429190e-01
9.7512445921319579e-01
9.7501447147892295e-01
9.7144089701801761e-01
9.6524001477807053e-01
9.5904644239721271e-01
9.5468478061115036e-01
9.5171626470555093e-01
9.4919617514288790e-01
9.4700592898471703e-01
9.4535202316924383e-01
9.4409379412194872e-01
9.4261874053048755e-01
9.3899936206202750e-01
9.2869863528622976e-01
9.0894822677508924e-01
8.8939102375850099e-01
8.8922184431143869e-01
9.1475825611813655e-01
9.3835959231437949e-01
9.4668214267120099e-01
9.4370617241976829e-01
9.4056367478132352e-01
9.4024299716876747e-01
9.4049138417017919e-01
9.4032487862052139e-01
9.4017367734643231e-01
9.4028107956171536e-01
9.4061717343910167e-01
9.4116305520256305e-01
9.4187993664282577e-01
9.4264798409192851e-01
9.4327980073744433e-01
9.4356518124489397e-01
9.4334394540157862e-01
9.4258572440038635e-01
9.4141275993146578e-01
9.4005069697763111e-01
9.3874352349511592e-01
9.3767579359207875e-01
9.3693974477514064e-01
9.3654212776363388e-01
9.3643420390774268e-01
9.3654432321253778e-01
9.3680150357478842e-01
9.3714771071740788e-01
9.3754117135028292e-01
9.3795450075469822e-01
9.3837207430396352e-01
9.3878938091416342e-01
9.3920772603920699e-01
9.3964250364681223e-01
9.4011757768233284e-01
9.4066778053854327e-01
9.4134189266223300e-01
9.4220556943762523e-01
9.4334512381655888e-01
9.4486809873894639e-01
9.4689593499559122e-01
9.4954384501737654e-01
9.5288342824556960e-01
9.5688736882233638e-01
9.6137505194421646e-01
9.6594036270000327e-01
9.6986705468531575e-01
9.7222168414264531e-01
9.7201743098425730e-01
9.6876354936453868e-01
9.6340785864181222e-01
9.5814245976150281e-01
9.5434702013593209e-01
9.5169011320442054e-01
9.4947416235389692e-01
9.4755795699688672e-01
9.4604886354953888e-01
9.4503895469967758e-01
9.4434752894211882e-01
9.4195877714978560e-01
9.3267919889057271e-01
9.1343956164185847e-01
8.9399066245927317e-01
8.9320392707918683e-01
9.1695218292768399e-01
9.3915863414952760e-01
9.4704615645157497e-01
9.4428426747691840e-01
9.4131871894354169e-01
9.4098033597913966e-01
9.4117400932965478e-01
9.4097015909158210e-01
9.4075776598281080e-01
9.4075994634499649e-01
9.4095297068241357e-01
9.4132726699300429e-01
9.4185723210259220e-01
9.4244218579873917e-01
9.4291699671636353e-01
9.4309680445939781e-01
9.4284871453940988e-01
9.4216236968961986e-01
9.4116100905165256e-01
9.4004798636455289e-01
9.3902745485140349e-01
9.3824112760724521e-01
9.3774762269650003e-01
9.3753608024024560e-01
9.3755521350081517e-01
9.3774079500484520e-01
9.3803356354816425e-01
9.3838731880445825e-01
9.3877013544887145e-01
9.3916200275268480e-01
9.3955237427027838e-01
9.3993945921436628e-01
9.4032595074738567e-01
9.4072568604615170e-01
9.4115892455064143e-01
9.4165488000530984e-01
9.4225412718541890e-01
9.4301137496840071e-01
9.4399921224108652e-01
9.4530991099554484e-01
9.4705130993482800e-01
9.4933207322491830e-01
9.5223053820407388e-01
9.5574322422455926e-01
9.5972570636950072e-01
9.6380921678854714e-01
9.6732655863409567e-01
9.6940085480675553e-01
9.6915259488358951e-01
9.6627097009309137e-01
9.6169417125546020e-01
9.5722397046813457e-01
9.5392153241726452e-01
9.5154895222634994e-01
9.4960287629850348e-01
9.4793680931195190e-01
9.4655388203103907e-01
9.4567139426505309e-01
9.4551534140586735e-01
9.4420812880283256e-01
9.3609375976849230e-01
9.1762221185256299e-01
8.9836428660387158e-01
8.9690948180284391e-01
9.1894109547856462e-01
9.3983512488838561e-01
9.4733132498334660e-01
9.4477116400745498e-01
9.4196739295189724e-01
9.4161787337649849e-01
9.4177220550033403e-01
9.4154515950922435e-01
9.4128886958265001e-01
9.4121040464824979e-01
9.4128975474535637e-01
9.4152285242367351e-01
9.4189491239992418e-01
9.4232313678204582e-01
9.4266460542389829e-01
9.4275973707597915e-01
9.4250037858103508e-01
9.4189072031317311e-01
9.4104934997907463e-01
9.4015494335261485e-01
9.3937474429853018e-01
9.3881478522106609e-01
9.3850866770246821e-01
9.3843473604001248e-01
9.3854277417150778e-01
9.3877654129953447e-01
9.3908710905609771e-01
9.3943792270792326e-01
9.3980473755683913e-01
9.4017312542789144e-01
9.4053626355615116e-01
9.4089425940321503e-01
9.4125070706963065e-01
9.4161807355629967e-01
9.4201375114957231e-01
9.4246248745751060e-01
9.4299834589149134e-01
9.4366720029586237e-01
9.4453027962387037e-01
9.4566645901242397e-01
9.4717014342329120e-01
9.4914042550837385e-01
9.5165517828879875e-01
9.5472440486294219e-01
9.5822996876741595e-01
9.6184076496867188e-01
9.6494870830445167e-01
9.6675474747078083e-01
9.6649882955359534e-01
9.6399542462377175e-01
9.6011117601782603e-01
9.5631787166935045e-01
9.5344636032438412e-01
9.5133396054991104e-01
9.4962406916380704e-01
9.4817914718878793e-01
9.4691483453933745e-01
9.4609293056187405e-01
9.4627292141561636e-01
9.4585874121458013e-01
9.3895284964010783e-01
9.2146074175810544e-01
9.0251541802408075e-01
9.0038528193823331e-01
9.2076281746304756e-01
9.4040965477391691e-01
9.4754728762413487e-01
9.4517712305107904e-01
9.4252396521707382e-01
9.4216982456461307e-01
9.4229603716841870e-01
9.4205594567482887e-01
9.4176974688408555e-01
9.4163092432426865e-01
9.4162125424868703e-01
9.4173975882245486e-01
9.4198039456038840e-01
9.4227648839877165e-01
9.4250645623728457e-01
9.4253495461272074e-01
9.4227568302987075e-01
9.4174284279075271e-01
9.4104662018401886e-01
9.4034061333112684e-01
9.3975919253642692e-01
9.3937930347878840e-01
9.3921638754239500e-01
9.3924277590290572e-01
9.3941135679007959e-01
9.3967368519271133e-01
9.3998970278574001e-01
9.4033065907429048e-01
9.4067827941299720e-01
9.4102235786978838e-01
9.4135881045983349e-01
9.4168904177663937e-01
9.4201719788066296e-01
9.4235452833132904e-01
9.4271609966538572e-01
9.4312305549914932e-01
9.4360421494288993e-01
9.4419828640974623e-01
9.4495707917802163e-01
9.4594787347461129e-01
9.4725252964227424e-01
9.4895939072088065e-01
9.5114165282713259e-01
9.5381580518367048e-01
9.5688318769726233e-01
9.6004927773219917e-01
9.6276927016119984e-01
9.6433126137293079e-01
9.6409071535619473e-01
9.6194495160376148e-01
9.5866273680409730e-01
9.5544326906656607e-01
9.5294830847354706e-01
9.5107326122419567e-01
9.4956959560710230e-01
9.4831666128128578e-01
9.4716591336367084e-01
9.4637169247880915e-01
9.4673879169899788e-01
9.4702322647671022e-01
9.4129310800712895e-01
9.2493371123499779e-01
9.0643807129953513e-01
9.0366399625652893e-01
9.2244792522127317e-01
9.4089989279521025e-01
9.4770264182374753e-01
9.4551213083464025e-01
9.4300142778161256e-01
9.4264816263067597e-01
9.4275430648345115e-01
9.4250866481853479e-01
9.4220381269186970e-01
9.4202112219995005e-01
9.4194292883046149e-01
9.4196985195827743e-01
9.4210271491958830e-01
9.4228904692661997e-01
9.4242718135693671e-01
9.4240432579117273e-01
9.4215305233044144e-01
9.4169394415254259e-01
9.4112659603883164e-01
9.4058048501741365e-01
9.4016147023467267e-01
9.3992326945226901e-01
9.3986844208521025e-01
9.3996656867353312e-01
9.4017466713637166e-01
9.4045150215453899e-01
9.4076448756034359e-01
9.4109114823823792e-01
9.4141785598897365e-01
9.4173760203100298e-01
9.4204829440999660e-01
9.4235220888453297e-01
9.4265379427380924e-01
9.4296321105333514e-01
9.4329359978317473e-01
9.4366315948919499e-01
9.4409643637716201e-01
9.4462627692132539e-01
9.4529664355356313e-01
9.4616488766046525e-01
9.4730154894941743e-01
9.4878412996352146e-01
9.5067897509395582e-01
9.5300466386837712e-01
9.5567734568406038e-01
9.5843691459858382e-01
9.6080181093826733e-01
9.6214817029576305e-01
9.6193540065127914e-01
9.6011331917518150e-01
9.5734691887523393e-01
9.5461282223528643e-01
9.5244631007560954e-01
9.5078633363317433e-01
9.4946292175942859e-01
9.4837533651840544e-01
9.4733299660246717e-01
9.4655340332404825e-01
9.4700247206534272e-01
9.4780509815664882e-01
9.4316686260999916e-01
9.2803420155876404e-01
9.1012280869310047e-01
9.0676679277597938e-01
9.2402013685761930e-01
9.4132111226209547e-01
9.4780546557153145e-01
9.4578554102851697e-01
9.4341122557646395e-01
9.4306307511104548e-01
9.4315486097984835e-01
9.4290927802878000e-01
9.4259472295324043e-01
9.4238143068015678e-01
9.4225164264102801e-01
9.4220663377936142e-01
9.4225246439746535e-01
9.4234896421679126e-01
9.4241263584116797e-01
9.4235114571767575e-01
9.4211306813826989e-01
9.4172257346314625e-01
9.4126765514901811e-01
9.4085544340501026e-01
9.4056760535797546e-01
9.4043962060937714e-01
9.4046515857575574e-01
9.4061320726507269e-01
9.4084529536609773e-01
9.4112663338198854e-01
9.4143086361399786e-01
9.4174053741235797e-01
9.4204563720085710e-01
9.4234156331378061e-01
9.4262766966311351e-01
9.4290679379733289e-01
9.4318350048041044e-01
9.4346697293431747e-01
9.4376874584046822e-01
9.4410456816968447e-01
9.4449547328174632e-01
9.4496946854255670e-01
9.4556397406656023e-01
9.4632788363374643e-01
9.4732170761041434e-01
9.4861267312631303e-01
9.5025944698880793e-01
9.5228009466361729e-01
9.5460233664795135e-01
9.5699776937794567e-01
9.5904511602968556e-01
9.6020413092233414e-01
9.6002419118041882e-01
9.5848681637773869e-01
9.5615803408494948e-01
9.5383408732658270e-01
9.5195344402499116e-01
9.5048691123040319e-01
9.4932120142043630e-01
9.4837571724258696e-01
9.4743601388545273e-01
9.4666894247315536e-01
9.4712978267099190e-01
9.4829390922854107e-01
9.4463395506819559e-01
9.3076889995304601e-01
9.1356132471614793e-01
9.0970629535679326e-01
9.2549707792376434e-01
9.4168629021245442e-01
9.4786338981586371e-01
9.4600587742449738e-01
9.4376322498157705e-01
9.4342328849783552e-01
9.4350472742721614e-01
9.4326338709443125e-01
9.4294615053593378e-01
9.4271284346793771e-01
9.4254534311448879e-01
9.4244498294110179e-01
9.4242169916947838e-01
9.4244582915173225e-01
9.4245012317397081e-01
9.4236042897480354e-01
9.4213867098735105e-01
9.4181053292494787e-01
9.4145223161517244e-01
9.4115080540147500e-01
9.4096772648508342e-01
9.4092438181886462e-01
9.4100852709651273e-01
9.4118992189235418e-01
9.4143459543477337e-01
9.4171339968705881e-01
9.4200513346204684e-01
9.4229635027704373e-01
9.4257983971902404e-01
9.4285281247990527e-01
9.4311565810640730e-01
9.4337154680848823e-01
9.4362503780083340e-01
9.4388442878566980e-01
9.4415989202191974e-01
9.4446512663448912e-01
9.4481824550754401e-01
9.4524323338038463e-01
9.4577203334172000e-01
9.4644635602816196e-01
9.4731796117635991e-01
9.4844469439213974e-01
9.4987751504176610e-01
9.5163259181474469e-01
9.5364695790987508e-01
9.5572093667836155e-01
9.5748880586257312e-01
9.5848665163343949e-01
9.5833991728326540e-01
9.5704816066411125e-01
9.5508819382304477e-01
9.5311067369244185e-01
9.5147838439060473e-01
9.5018469462282207e-01
9.4915699432248368e-01
9.4833366486957971e-01
9.4749030030179271e-01
9.4673921847986175e-01
9.4716810925839112e-01
9.4856412824965519e-01
9.4575548371324247e-01
9.3315479416589653e-01
9.1674852501966086e-01
9.1248929094997522e-01
9.2689141538852748e-01
9.4200644944537282e-01
9.4788366288298165e-01
9.4618079538512123e-01
9.4406586267826920e-01
9.4373631109069356e-01
9.4381018299798913e-01
9.4357616051511750e-01
9.4326166748464879e-01
9.4301672003566861e-01
9.4282279557487081e-01
9.4268092481199750e-01
9.4260381301544593e-01
9.4257065709075050e-01
9.4252848316080640e-01
9.4241902054829541e-01
9.4221516780269321e-01
9.4194263961990821e-01
9.4166627407341263e-01
9.4145547582182199e-01
9.4135507884035563e-01
9.4137574436597882e-01
9.4150150917250619e-01
9.4170371572624323e-01
9.4195267111631820e-01
9.4222408604384122e-01
9.4250099511514696e-01
9.4277314711131843e-01
9.4303549658762331e-01
9.4328660579820245e-01
9.4352759464294922e-01
9.4376180515113095e-01
9.4399370135041727e-01
9.4423077911550946e-01
9.4448204312571704e-01
9.4475946009787215e-01
9.4507869434735847e-01
9.4546037015802065e-01
9.4593182951506027e-01
9.4652868907981769e-01
9.4729515108038076e-01
9.4828070101459661e-01
9.4952902397318995e-01
9.5105381301560210e-01
9.5279975464989541e-01
9.5459288750517657e-01
9.5611748119947315e-01
9.5697742300018740e-01
9.5686158021296275e-01
9.5577894820706177e-01
9.5412848885186508e-01
9.5244349912013826e-01
9.5102662722115883e-01
9.4988655480173201e-01
9.4897962417492254e-01
9.4826135870437867e-01
9.4750762187308846e-01
9.4677835466053140e-01
9.4715087235507733e-01
9.4867577074054255e-01
9.4658970848010449e-01
9.3521622712591967e-01
9.1968374304150624e-01
9.1511908389902485e-01
9.2821186544021761e-01
9.4229070679290650e-01
9.4787302279576646e-01
9.4631707787999786e-01
9.4432631825114499e-01
9.4400862131583774e-01
9.4407681547883759e-01
9.4385230311119173e-01
9.4354466576115514e-01
9.4329463517205248e-01
9.4308338508957901e-01
9.4291144368996227e-01
9.4279339748072311e-01
9.4271581500783630e-01
9.4263807619972118e-01
9.4251557718033419e-01
9.4233010988776966e-01
9.4210641284316599e-01
9.4189870908084861e-01
9.4176121156148274e-01
9.4172522838696304e-01
9.4179337599800139e-01
9.4194757023079312e-01
9.4216118055640541e-01
9.4240844647803190e-01
9.4266921829831285e-01
9.4292999438448732e-01
9.4318306564790833e-01
9.4342505462286019e-01
9.4365552216502591e-01
9.4387609064561584e-01
9.4409015634030424e-01
9.4430202481813574e-01
9.4451846929887728e-01
9.4474748446048229e-01
9.4499956060051249e-01
9.4528829802402059e-01
9.4563149152078396e-01
9.4605260656502355e-01
9.4658209916841640e-01
9.4725768472206240e-01
9.4812152585346487e-01
9.4921071159103976e-01
9.5053633814358796e-01
9.5204953191605224e-01
9.5359909445704572e-01
9.5491348653934727e-01
9.5565573706262319e-01
9.5556716552311072e-01
9.5466093931645868e-01
9.5326955266147917e-01
9.5183159920815230e-01
9.5060129810645966e-01
9.4959720261357705e-01
9.4879599330729547e-01
9.4816815024921819e-01
9.4749703637186911e-01
9.4679582394541573e-01
9.4710109555216926e-01
9.4867601419703729e-01
9.4718982727708323e-01
9.3698211239555229e-01
9.2237076429456455e-01
9.1759728299750354e-01
9.2946416126631648e-01
9.4254640139343060e-01
9.4783759932789924e-01
9.4642071131336059e-01
9.4455069220394039e-01
9.4424580232260291e-01
9.4430957454676612e-01
9.4409606015967074e-01
9.4379832111839435e-01
9.4354827883657022e-01
9.4332696371614444e-01
9.4313431301444506e-01
9.4298608777008863e-01
9.4287490875891011e-01
9.4277070678986741e-01
9.4264047392837902e-01
9.4247310801980266e-01
9.4229173670686062e-01
9.4214092988173392e-01
9.4206202092110625e-01
9.4207545774029611e-01
9.4217793780471160e-01
9.4235038633486412e-01
9.4256839935434422e-01
9.4280975438180770e-01
9.4305780245419435e-01
9.4330186961915241e-01
9.4353625378414541e-01
9.4375885576316676e-01
9.4396997011725647e-01
9.4417154825882588e-01
9.4436695689445382e-01
9.4456030340007868e-01
9.4475770652870050e-01
9.4496628456957255e-01
9.4519525917707903e-01
9.4545648020584805e-01
9.4576534832602743e-01
9.4614205605640012e-01
9.4661268585833791e-01
9.4720941200663533e-01
9.4796806172742087e-01
9.4891989618311512e-01
9.5007355666303794e-01
9.5138568861658146e-01
9.5272507648753546e-01
9.5385874798847625e-01
9.5450062468875341e-01
9.5443524614613595e-01
9.5367690021334706e-01
9.5250209656167695e-01
9.5127283695406140e-01
9.5020391001983817e-01
9.4931978436738040e-01
9.4861118653212184e-01
9.4806121885109340e-01
9.4746556781532865e-01
9.4679796879457179e-01
9.4703420388413817e-01
9.4860109591316233e-01
9.4760269406536057e-01
9.3848332081786467e-01
9.2481721255179217e-01
9.1992500250587295e-01
9.3065193147486447e-01
9.4277935105217969e-01
9.4778290621583472e-01
9.4649693863283324e-01
9.4474416020821916e-01
9.4445267022526724e-01
9.4451282715352447e-01
9.4431123690052632e-01
9.4402557402136100e-01
9.4377937968381509e-01
9.4355372893055400e-01
9.4334794728011040e-01
9.4317841873483632e-01
9.4304266667417136e-01
9.4291951533055673e-01
9.4278566611724446e-01
9.4263561505463800e-01
9.4249050919905819e-01
9.4238634078806527e-01
9.4235365933905557e-01
9.4240430262136843e-01
9.4253071927308385e-01
9.4271363351324322e-01
9.4293090745812624e-01
9.4316344993471424e-01
9.4339755466787678e-01
9.4362484968826243e-01
9.4384121331280357e-01
9.4404551768271061e-01
9.4423858666863081e-01
9.4442257118116213e-01
9.4460075161983714e-01
9.4477701156226468e-01
9.4495687908069947e-01
9.4514670469919126e-01
9.4535461668881282e-01
9.4559097053828078e-01
9.4586913423326058e-01
9.4620652662458682e-01
9.4662552255987309e-01
9.4715357916640364e-01
9.4782109123595126e-01
9.4865426906707795e-01
9.4965956607063240e-01
9.5079841820246525e-01
9.5195704081622734e-01
9.5293581629165480e-01
9.5349206046557344e-01
9.5344586769741191e-01
9.5281096654042519e-01
9.5181715693915891e-01
9.5076433268247718e-01
9.4983484848055089e-01
9.4905630281731446e-01
9.4842890889164500e-01
9.4794607360265193e-01
9.4741873086611517e-01
9.4678905705291105e-01
9.4696016311287512e-01
9.4847822564328244e-01
9.4786854264399167e-01
9.3975114969043372e-01
9.2703404052787430e-01
9.2210372566877341e-01
9.3177746276989504e-01
9.4299403889068789e-01
9.4771376217826175e-01
9.4655035179286318e-01
9.4491112936613963e-01
9.4463337008716552e-01
9.4469040579243602e-01
9.4450122734885422e-01
9.4422912141181170e-01
9.4398965198563456e-01
9.4376412396842679e-01
9.4355127662074323e-01
9.4336769353241223e-01
9.4321480745565511e-01
9.4307884255473196e-01
9.4294452125169381e-01
9.4281068922897515e-01
9.4269633301482170e-01
9.4262997157564832e-01
9.4263322932765903e-01
9.4271120818391807e-01
9.4285340290961428e-01
9.4304087516384993e-01
9.4325369473460619e-01
9.4347551315741118e-01
9.4369508515753209e-01
9.4390590270470631e-01
9.4410508550300132e-01
9.4429223900444181e-01
9.4446855700535481e-01
9.4463629430061202e-01
9.4479860599778054e-01
9.4495913879786231e-01
9.4512288802506139e-01
9.4529552759764146e-01
9.4548424061800229e-01
9.4569809901849977e-01
9.4594873886062325e-01
9.4625122253648397e-01
9.4662478009471851e-01
9.4709286223529077e-01
9.4768123625609324e-01
9.4841178447484786e-01
9.4928909447611309e-01
9.5027881092771493e-01
9.5128226840264130e-01
9.5212849390961696e-01
9.5261159434471121e-01
9.5258090715133648e-01
9.5204878575698715e-01
9.5120628448666467e-01
9.5030276979862627e-01
9.4949371021431239e-01
9.4880791434018130e-01
9.4825180076206006e-01
9.4782691353849458e-01
9.4736089376380961e-01
9.4677201501129282e-01
9.4688511748264914e-01
9.4832734293287035e-01
9.4802107099984623e-01
9.4081564892371439e-01
9.2903444546916003e-01
9.2413575530986192e-01
9.3284219704667060e-01
9.4319383229889453e-01
9.4763432055825303e-01
9.4658492860789800e-01
9.4505534580520001e-01
9.4479146487683829e-01
9.4484566615153798e-01
9.4466904678408758e-01
9.4441142130587785e-01
9.4418076255044792e-01
9.4395876759259190e-01
9.4374364748857564e-01
9.4355186449817119e-01
9.4338790891643676e-01
9.4324408062098331e-01
9.4311164679247794e-01
9.4299276493855488e-01
9.4290424014698793e-01
9.4286816629438652e-01
9.4289886700066861e-01
9.4299625851116853e-01
9.4314788162898844e-01
9.4333548856493810e-01
9.4354123461638906e-01
9.4375115445453595e-01
9.4395605788338977e-01
9.4415093847999010e-01
9.4433388426843312e-01
9.4450504833018989e-01
9.4466587268838986e-01
9.4481864636096524e-01
9.4496637306965869e-01
9.4511245993131965e-01
9.4526141881926407e-01
9.4541832799528158e-01
9.4558954676091289e-01
9.4578304351366160e-01
9.4600897220306557e-01
9.4628038850714002e-01
9.4661385130710507e-01
9.4702941257090700e-01
9.4754891262413266e-01
9.4819057022396425e-01
9.4895743142618916e-01
9.4981884659705151e-01
9.5068923266848970e-01
9.5142210222406653e-01
9.5184262668865105e-01
9.5182422682002654e-01
9.5137756039467747e-01
9.5066166117596129e-01
9.4988465335321293e-01
9.4917956839727680e-01
9.4857515003606419e-01
9.4808168625310330e-01
9.4770691092145587e-01
9.4729554309437902e-01
9.4674891582476595e-01
9.4681261130417615e-01
9.4816270287992155e-01
9.4808807617845281e-01
9.4170505057454279e-01
9.3083324408709589e-01
9.2602439748467480e-01
9.3384719254955884e-01
9.4338119461642000e-01
9.4754808718782424e-01
9.4660413025044310e-01
9.4518001095830706e-01
9.4493001351242545e-01
9.4498153565716048e-01
9.4481736293787710e-01
9.4457470456602843e-01
9.4435430686323296e-01
9.4413839706809022e-01
9.4392473554130329e-01
9.4372942147761685e-01
9.4355928166084324e-01
9.4341153562465641e-01
9.4328271515806861e-01
9.4317744841031659e-01
9.4311043175004050e-01
9.4309830094811398e-01
9.4314948657748721e-01
9.4325998370865682e-01
9.4341613850866557e-01
9.4360061912542159e-01
9.4379751324644190e-01
9.4399491159635041e-01
9.4418533232735158e-01
9.4436497629727190e-01
9.4453268222716791e-01
9.4468900457815830e-01
9.4483554138995585e-01
9.4497456422980153e-01
9.4510891132662878e-01
9.4524175099307195e-01
9.4537715878745820e-01
9.4551968588393409e-01
9.4567497208445395e-01
9.4585003352746100e-01
9.4605375062916541e-01
9.4629746619075139e-01
9.4659546711792963e-01
9.4696492460297521e-01
9.4742435958102489e-01
9.4798890995179097e-01
9.4866037352143406e-01
9.4941138797452218e-01
9.5016765992900143e-01
9.5080356589239257e-01
9.5117044789115479e-01
9.5116160294122565e-01
9.5078595551057576e-01
9.5017612661902229e-01
9.4950646456838017e-01
9.4889116318232669e-01
9.4835808825193002e-01
9.4791976269610079e-01
9.4758842305747493e-01
9.4722546707688915e-01
9.4672130223102380e-01
9.4674448335416062e-01
9.4799416747005283e-01
9.4809196915467731e-01
9.4244502276171560e-01
9.3244604106354145e-01
9.2777400215277295e-01
9.3479338327452399e-01
9.4355787172630157e-01
9.4745796114968961e-01
9.4661092681303971e-01
9.4528785592467512e-01
9.4505164322028201e-01
9.4510056384202101e-01
9.4494853333747142e-01
9.4472098664271775e-01
9.4451179017548181e-01
9.4430382166971572e-01
9.4409447077868047e-01
9.4389929568742259e-01
9.4372685581805649e-01
9.4357829363044932e-01
9.4345431189780948e-01
9.4336132976124076e-01
9.4331206333866890e-01
9.4331857007421671e-01
9.4338458773723044e-01
9.4350321182546215e-01
9.4366017018115311e-01
9.4383917282847107e-01
9.4402607426565910e-01
9.4421073406829537e-01
9.4438708237137770e-01
9.4455228821511739e-01
9.4470576781793680e-01
9.4484836206433997e-01
9.4498175590858180e-01
9.4510816629330585e-01
9.4523025880753508e-01
9.4535096864021984e-01
9.4547397799806188e-01
9.4560336916012011e-01
9.4574415346757879e-01
9.4590252025764088e-01
9.4608625422421511e-01
9.4630523204305328e-01
9.4657180650030992e-01
9.4690070703106255e-01
9.4730765107531489e-01
9.4780520003729241e-01
9.4839416972011514e-01
9.4905011924254190e-01
9.4970848160171106e-01
9.5026137945613753e-01
9.5058217615965312e-01
9.5058061515781977e-01
9.5026400741406836e-01
9.4974318408692848e-01
9.4916476194945476e-01
9.4862702981108182e-01
9.4815648258470575e-01
9.4776675085038542e-01
9.4747316210683108e-01
9.4715288391555519e-01
9.4669037910996801e-01
9.4668149579207184e-01
9.4782831418049240e-01
9.4805058588878988e-01
9.4305856659646292e-01
9.3388869044650047e-01
9.2938984514289635e-01
9.3568179345032410e-01
9.4372507487633028e-01
9.4736630164967006e-01
9.4660786658536156e-01
9.4538122083346343e-01
9.4515860830491538e-01
9.4520496605069038e-01
9.4506463478454195e-01
9.4485207927532899e-01
9.4465462485759000e-01
9.4445589313864975e-01
9.4425297948100673e-01
9.4406077767572949e-01
9.4388908243060976e-01
9.4374210416228488e-01
9.4362379295420340e-01
9.4354181446202345e-01
9.4350706415144270e-01
9.4352780735439878e-01
9.4360409979397852e-01
9.4372695932528283e-01
9.4388192427620110e-01
9.4405380693484242e-01
9.4423005895016388e-01
9.4440205692866819e-01
9.4456489512442887e-01
9.4471651501231590e-01
9.4485677233084908e-01
9.4498670550863362e-01
9.4510803348060257e-01
9.4522289386656466e-01
9.4533377696496645e-01
9.4544339448703207e-01
9.4555507288514418e-01
9.4567247792373277e-01
9.4580006880548984e-01
9.4594331645949237e-01
9.4610905926683497e-01
9.4630591671439901e-01
9.4654459102430966e-01
9.4683774147251709e-01
9.4719872283013840e-01
9.4763794972170279e-01
9.4815548208977285e-01
9.4872947654475170e-01
9.4930374249341065e-01
9.4978548737601654e-01
9.5006660293506739e-01
9.5007047621326446e-01
9.4980299343910113e-01
9.4935700423323666e-01
9.4885626045122051e-01
9.4838559491371666e-01
9.4796985083903751e-01
9.4762300313668646e-01
9.4736232723970382e-01
9.4707954243570169e-01
9.4665712929777823e-01
9.4662377348849203e-01
9.4766930750265632e-01
9.4797785227225428e-01
9.4356588579627887e-01
9.3517681495585891e-01
9.3087798920587628e-01
9.3651364633969925e-01
9.4388361129017773e-01
9.4727496841358161e-01
9.4659711383210365e-01
9.4546211265462354e-01
9.4525284544527943e-01
9.4529666421172476e-01
9.4516749330373184e-01
9.4496960865851920e-01
9.4478412574980730e-01
9.4459547747111317e-01
9.4440053613871411e-01
9.4421345280754787e-01
9.4404484602905980e-01
9.4390127249848266e-01
9.4378915558249565e-01
9.4371697348572470e-01
9.4369398000689897e-01
9.4372533866974850e-01
9.4380826444601229e-01
9.4393235358624261e-01
9.4408326934995157e-01
9.4424693986831221e-01
9.4441224935876666e-01
9.4457187151958644e-01
9.4472185948275200e-01
9.4486076600901070e-01
9.4498877750103649e-01
9.4510706111146325e-01
9.4521733062847235e-01
9.4532162750512927e-01
9.4542226896390802e-01
9.4552175350254586e-01
9.4562308679371654e-01
9.4572956337704006e-01
9.4584515653052470e-01
9.4597471131239774e-01
9.4612424687340757e-01
9.4630130144026769e-01
9.4651516781407652e-01
9.4677674722781346e-01
9.4709740330788572e-01
9.4748577016952518e-01
9.4794133803092184e-01
9.4844457535789140e-01
9.4894650591223684e-01
9.4936715947610861e-01
9.4961402533193917e-01
9.4962184743668754e-01
9.4939529317452509e-01
9.4901236379038945e-01
9.4857787798654558e-01
9.4816525450622258e-01
9.4779755644573449e-01
9.4748860103635368e-01
9.4725671286471991e-01
9.4700679614502425e-01
9.4662237492356327e-01
9.4657109326261502e-01
9.4751958454404717e-01
9.4788449207048164e-01
9.4398448665239743e-01
9.3632542719725709e-01
9.3224508458975819e-01
9.3729040072073255e-01
9.4403400402120663e-01
9.4718540500371129e-01
9.4658049871294370e-01
9.4553225704800270e-01
9.4533601867057060e-01
9.4537732360348459e-01
9.4525871357962610e-01
9.4507503291026906e-01
9.4490151196411831e-01
9.4472343665860370e-01
9.4453752537629643e-01
9.4435713846345082e-01
9.4419338363296645e-01
9.4405456087004314e-01
9.4394892252042606e-01
9.4388542041215884e-01
9.4387184971314086e-01
9.4391086758289466e-01
9.4399754528574653e-01
9.4412057498522683e-01
9.4426597138072721e-01
9.4442076054979918e-01
9.4457510539868006e-01
9.4472278359493012e-01
9.4486063717162816e-01
9.4498770015274969e-01
9.4510440299811516e-01
9.4521198822180819e-01
9.4531213651174217e-01
9.4540678235919651e-01
9.4549807475686121e-01
9.4558831079425576e-01
9.4568020681223786e-01
9.4577672580703187e-01
9.4588141307486073e-01
9.4599856616419431e-01
9.4613349386298096e-01
9.4629280201123389e-01
9.4648457789804308e-01
9.4671822776201708e-01
9.4700343790737562e-01
9.4734736792595164e-01
9.4774909000560603e-01
9.4819113441641256e-01
9.4863074029123051e-01
9.4899884147933733e-01
9.4921607546865028e-01
9.4922666874836403e-01
9.4903426769338051e-01
9.4870459991154643e-01
9.4832675040785508e-01
9.4796441926893349e-01
9.4763886415032705e-01
9.4736342867212398e-01
9.4715680141969438e-01
9.4693566771784399e-01
9.4658680999872058e-01
9.4652306707135314e-01
9.4738037903458383e-01
9.4777861987349321e-01
9.4432937343132550e-01
9.3734871232245365e-01
9.3349816786703399e-01
9.3801378475413455e-01
9.4417659553237010e-01
9.4709869167680505e-01
9.4655955299589278e-01
9.4559313768678788e-01
9.4540955947772254e-01
9.4544838659775776e-01
9.4533970469952688e-01
9.4516965667138120e-01
9.4500790673318913e-01
9.4484061461838864e-01
9.4466440798071027e-01
9.4449183288484961e-01
9.4433421725969058e-01
9.4420110532149881e-01
9.4410204801612141e-01
9.4404620768273539e-01
9.4404009903771013e-01
9.4408438262909067e-01
9.4417255736046057e-01
9.4429281619709082e-01
9.4443168417472911e-01
9.4457724543533317e-01
9.4472080054032015e-01
9.4485706431190941e-01
9.4498352552685616e-01
9.4509959573007385e-01
9.4520587988084603e-01
9.4530365567766061e-01
9.4539455066090350e-01
9.4548038677457424e-01
9.4556315093138799e-01
9.4564495179602825e-01
9.4572824415386014e-01
9.4581569505024077e-01
9.4591047166354547e-01
9.4601639196928189e-01
9.4613814675224306e-01
9.4628153679076421e-01
9.4645361522266347e-01
9.4666251577337501e-01
9.4691651210035810e-01
9.4722154288260674e-01
9.4757638575813607e-01
9.4796540771719495e-01
9.4835120870283018e-01
9.4867400723538919e-01
9.4886554189914996e-01
9.4887798413516955e-01
9.4871413896633106e-01
9.4842956652815980e-01
9.4810023575735425e-01
9.4778154490994404e-01
9.4749298259738179e-01
9.4724723096427776e-01
9.4706283863858853e-01
9.4686690718502675e-01
9.4655101719443524e-01
9.4647924835075481e-01
9.4725210783652924e-01
9.4766626776450169e-01
9.4461326320082206e-01
9.3825986427365349e-01
9.3464449286837281e-01
9.3868575942905730e-01
9.4431160821439841e-01
9.4701560905000737e-01
9.4653554891794389e-01
9.4564603310353890e-01
9.4547470151230184e-01
9.4551110193078958e-01
9.4541170339515657e-01
9.4525464628551947e-01
9.4510434173483615e-01
9.4494782800260602e-01
9.4478169667671974e-01
9.4461767449551526e-01
9.4446709785402561e-01
9.4434034496044539e-01
9.4424783351227148e-01
9.4419873577286983e-01
9.4419845338307495e-01
9.4424608215690942e-01
9.4433401369763059e-01
9.4445025403071292e-01
9.4458194486476366e-01
9.4471817533652058e-01
9.4485125514191115e-01
9.4497669450086164e-01
9.4509251031917163e-01
9.4519840763824958e-01
9.4529511157361901e-01
9.4538390452919030e-01
9.4546634703002741e-01
9.4554414648152962e-01
9.4561913554359578e-01
9.4569324724797155e-01
9.4576870000398272e-01
9.4584789625664889e-01
9.4593366845794080e-01
9.4602941364325377e-01
9.4613928395001867e-01
9.4626838337598396e-01
9.4642287601833508e-01
9.4660981114068021e-01
9.4683627042493190e-01
9.4710718310436270e-01
9.4742113054643906e-01
9.4776411696198937e-01
9.4810337198126993e-01
9.4838703065324181e-01
9.4855622250134330e-01
9.4856979908698003e-01
9.4842988086906643e-01
9.4818358553029036e-01
9.4789591341140556e-01
9.4761515040710409e-01
9.4735909133149032e-01
9.4713965534139088e-01
9.4697489194655282e-01
9.4680104156730760e-01
9.4651548009250808e-01
9.4643919696282464e-01
9.4713465990628043e-01
9.4755183895279360e-01
9.4484686275043106e-01
9.3907101373079926e-01
9.3569136303876876e-01
9.3930849919642900e-01
9.4443920651796665e-01
9.4693668644783591e-01
9.4650953160588147e-01
9.4569204419881603e-01
9.4553250907754083e-01
9.4556655112301868e-01
9.4547579541056181e-01
9.4533104410812163e-01
9.4519176273022154e-01
9.4504585887794024e-01
9.4488993436645541e-01
9.4473490665185023e-01
9.4459195631212944e-01
9.4447196204224437e-01
9.4438585999694158e-01
9.4434268168230340e-01
9.4434687008253126e-01
9.4439631801670088e-01
9.4448268467937047e-01
9.4459402802497894e-01
9.4471817234908917e-01
9.4484515115331780e-01
9.4496816680037654e-01
9.4508340446769301e-01
9.4518931080946467e-01
9.4528581654705968e-01
9.4537372483198456e-01
9.4545430032673283e-01
9.4552902709085174e-01
9.4559949867957571e-01
9.4566740241014402e-01
9.4573450733743680e-01
9.4580281945995481e-01
9.4587450355136926e-01
9.4595209559851889e-01
9.4603862265436522e-01
9.4613776594872701e-01
9.4625402495837752e-01
9.4639279810765076e-01
9.4656020877191116e-01
9.4676233173416546e-01
9.4700326271808144e-01
9.4728146295481763e-01
9.4758439589301602e-01
9.4788329507222990e-01
9.4813305890227184e-01
9.4828277959944141e-01
9.4829694333732906e-01
9.4817712079562677e-01
9.4796340043898564e-01
9.4771157935969463e-01
9.4746383498030629e-01
9.4723636515834142e-01
9.4704028341821822e-01
9.4689289604561555e-01
9.4673841705031603e-01
9.4648059162865583e-01
9.4640250711751783e-01
9.4702759425707495e-01
9.4743846123178299e-01
9.4503909633939465e-01
9.3979318942953216e-01
9.3664600252358565e-01
9.3988433455040443e-01
9.4455952376176466e-01
9.4686224999170510e-01
9.4648235209019749e-01
9.4573212245386817e-01
9.4558390338020126e-01
9.4561567195619167e-01
9.4553293383404757e-01
9.4539978090071142e-01
9.4527103402242640e-01
9.4513544986613018e-01
9.4498967894723462e-01
9.4484385048420638e-01
9.4470886406632515e-01
9.4459583149479598e-01
9.4451592964058095e-01
9.4447793823033355e-01
9.4448548127512388e-01
9.4453554973205300e-01
9.4461936946019842e-01
9.4472522929063552e-01
9.4484167145315656e-01
9.4495961044375432e-01
9.4507303621993688e-01
9.4517870670084658e-01
9.4527541768472112e-01
9.4536327030286471e-01
9.4544311315402962e-01
9.4551617691152456e-01
9.4558386407349015e-01
9.4564765641666915e-01
9.4570910482283899e-01
9.4576982653654584e-01
9.4583163593990938e-01
9.4589648467921017e-01
9.4596664577061396e-01
9.4604481996894951e-01
9.4613427603240174e-01
9.4623898806446938e-01
9.4636369396374453e-01
9.4651372453007510e-01
9.4669430291265777e-01
9.4690883627643230e-01
9.4715572448170093e-01
9.4742373345845121e-01
9.4768756430247858e-01
9.4790790505413303e-01
9.4804061695013619e-01
9.4805495491127278e-01
9.4795205274854710e-01
9.4776612915611247e-01
9.4754523298609905e-01
9.4732628422463805e-01
9.4712399174396200e-01
9.4694865777602122e-01
9.4681669050064488e-01
9.4667923502231743e-01
9.4644666065812755e-01
9.4636882024007407e-01
9.4693028502139243e-01
9.4732830092290155e-01
9.4519737538493298e-01
9.4043634101689599e-01
9.3751544234598305e-01
9.4041571757904940e-01
9.4467270346251542e-01
9.4679247115829768e-01
9.4645469304929064e-01
9.4576708824990285e-01
9.4562968251382906e-01
9.4565927706735808e-01
9.4558395507571857e-01
9.4546168765894067e-01
9.4534294444460409e-01
9.4521730242778890e-01
9.4508149160252342e-01
9.4494488275069943e-01
9.4481800111052117e-01
9.4471197950913477e-01
9.4463801732322372e-01
9.4460456386313596e-01
9.4461454842288883e-01
9.4466430868377793e-01
9.4474487249088956e-01
9.4484489084951551e-01
9.4495363716204184e-01
9.4506284234021165e-01
9.4516719066768040e-01
9.4526392527044834e-01
9.4535212510730326e-01
9.4543201784840436e-01
9.4550447218109523e-01
9.4557067319527299e-01
9.4563193950924551e-01
9.4568964486315088e-01
9.4574521256590860e-01
9.4580011995811220e-01
9.4585600812779347e-01
9.4591463768410022e-01
9.4597804778875838e-01
9.4604865100095337e-01
9.4612935440492263e-01
9.4622367433153332e-01
9.4633577733357466e-01
9.4647031443769147e-01
9.4663178763017275e-01
9.4682303512915800e-01
9.4704244008785166e-01
9.4727993033658831e-01
9.4751321658865162e-01
9.4770795470679037e-01
9.4782577370753018e-01
9.4783997884150684e-01
9.4775135974524449e-01
9.4758921982166000e-01
9.4739506285355990e-01
9.4720127277160804e-01
9.4702118235954458e-01
9.4686430031071622e-01
9.4674604864862455e-01
9.4662358448178752e-01
9.4641392190973817e-01
9.4633782432166347e-01
9.4684201261685674e-01
9.4722278665672810e-01
9.4532782077074762e-01
9.4100939772116676e-01
9.3830644885800707e-01
9.4090516591509954e-01
9.4477890036569401e-01
9.4672739426126062e-01
9.4642709572655848e-01
9.4579765052849529e-01
9.4567054005683526e-01
9.4569807211574841e-01
9.4562959444018169e-01
9.4551750719554639e-01
9.4540821342085779e-01
9.4529207575282670e-01
9.4516592784114239e-01
9.4503841714148429e-01
9.4491962741636415e-01
9.4482054764347945e-01
9.4475223101007522e-01
9.4472274261240941e-01
9.4473442668206575e-01
9.4478317063531658e-01
9.4485998809562211e-01
9.4495398479386783e-01
9.4505516186129135e-01
9.4515600315350090e-01
9.4525180463351066e-01
9.4534022080119440e-01
9.4542055893499966e-01
9.4549313856710548e-01
9.4555882947772363e-01
9.4561876315082194e-01
9.4567417388936237e-01
9.4572633220885538e-01
9.4577654261677180e-01
9.4582615363958267e-01
9.4587664988998266e-01
9.4592962047282680e-01
9.4598689626833243e-01
9.4605063500676534e-01
9.4612342589929366e-01
9.4620838547056407e-01
9.4630918483138970e-01
9.4642989127152188e-01
9.4657439469192950e-01
9.4674506278665904e-01
9.4694029538476154e-01
9.4715105783730102e-01
9.4735767773106083e-01
9.4753008310898224e-01
9.4763483144526017e-01
9.4764867979885647e-01
9.4757214950220048e-01
9.4743041476813683e-01
9.4725943268566870e-01
9.4708766464896099e-01
9.4692717991424391e-01
9.4678672574915856e-01
9.4668069898499552e-01
9.4657146684313531e-01
9.4638254398226407e-01
9.4630925182118331e-01
9.4676202960364708e-01
9.4712280772653501e-01
9.4543546914728005e-01
9.4152031939597847e-01
9.3902545846521013e-01
9.4135522808982419e-01
9.4487829446903449e-01
9.4666696789668014e-01
9.4639998127300329e-01
9.4582442135826728e-01
9.4570707998577508e-01
9.4573267074468459e-01
9.4567049857673291e-01
9.4556790322199979e-01
9.4546749626488291e-01
9.4536038694138447e-01
9.4524353067483047e-01
9.4512488997865418e-01
9.4501406169547930e-01
9.4492176524283844e-01
9.4485877958648790e-01
9.4483275176491310e-01
9.4484553677809413e-01
9.4489273590215928e-01
9.4496548932797741e-01
9.4505342009574644e-01
9.4514724173228770e-01
9.4524012965563420e-01
9.4532791855039433e-01
9.4540861187310865e-01
9.4548170029716849e-01
9.4554756745226676e-01
9.4560707009956502e-01
9.4566128129058091e-01
9.4571135206877632e-01
9.4575845490768440e-01
9.4580378413950450e-01
9.4584856988931953e-01
9.4589415546282662e-01
9.4594197582348905e-01
9.4599367624208563e-01
9.4605118860466830e-01
9.4611682212019799e-01
9.4619334342023931e-01
9.4628399338624203e-01
9.4639233672940914e-01
9.4652174246722465e-01
9.4667418937164327e-01
9.4684811844947769e-01
9.4703542147562281e-01
9.4721870617002857e-01
9.4737158367161722e-01
9.4746483469026899e-01
9.4747816717102618e-01
9.4741189567277118e-01
9.4728771498809816e-01
9.4713686625003413e-01
9.4698441117360965e-01
9.4684126443105687e-01
9.4671545252461398e-01
9.4662034290707187e-01
9.4652281805786820e-01
9.4635263826739846e-01
9.4628287071670258e-01
9.4668959659764262e-01
9.4702884943165511e-01
9.4552444228339416e-01
9.4197617398289080e-01
9.3967854541662177e-01
9.4176843683205502e-01
9.4497109291308312e-01
9.4661107428593516e-01
9.4637367147552209e-01
9.4584793050885074e-01
9.4573982970984094e-01
9.4576360709495644e-01
9.4570723698438397e-01
9.4561346993973583e-01
9.4552139047746242e-01
9.4542281260744487e-01
9.4531482642130360e-01
9.4520474968224966e-01
9.4510166411643115e-01
9.4501592624724451e-01
9.4495794648373799e-01
9.4493493542101592e-01
9.4494834175199260e-01
9.4499361229242451e-01
9.4506211939542317e-01
9.4514404245566674e-01
9.4523078339789002e-01
9.4531615106863665e-01
9.4539645461911659e-01
9.4546999352224204e-01
9.4553640525058380e-01
9.4559611569702673e-01
9.4564995807254015e-01
9.4569894439071167e-01
9.4574414463383916e-01
9.4578663886927239e-01
9.4582751950393096e-01
9.4586790792069853e-01
9.4590901989169307e-01
9.4595215164644197e-01
9.4599878274045734e-01
9.4605064470024713e-01
9.4610979966082320e-01
9.4617870749488930e-01
9.4626023450479213e-01
9.4635751158220738e-01
9.4647346380059816e-01
9.4660974829630895e-01
9.4676486421572936e-01
9.4693153118045048e-01
9.4709434787590685e-01
9.4723010872627444e-01
9.4731322308578214e-01
9.4732593033676671e-01
9.4726838756006437e-01
9.4715934837340965e-01
9.4702603172544209e-01
9.4689054634757919e-01
9.4676275526346287e-01
9.4665000927201193e-01
9.4656466671889372e-01
9.4647752605205571e-01
9.4632426793685032e-01
9.4625848043895555e-01
9.4662400900156851e-01
9.4694111224762767e-01
9.4559811973179864e-01
9.4238322560159793e-01
9.4027139365770629e-01
9.4214728960007832e-01
9.4505753172509133e-01
9.4655954412565591e-01
9.4634840468498471e-01
9.4586863554686618e-01
9.4576925049644045e-01
9.4579134721711278e-01
9.4574031208554199e-01
9.4565473991109650e-01
9.4557044078774577e-01
9.4547988999514598e-01
9.4538032113155723e-01
9.4527844749832524e-01
9.4518282156678357e-01
9.4510337045834891e-01
9.4505006869433561e-01
9.4502968408584753e-01
9.4504333037054600e-01
9.4508640415194556e-01
9.4515058732153812e-01
9.4522663618406666e-01
9.4530661137640815e-01
9.4538490065278979e-01
9.4545823118263794e-01
9.4552515356740618e-01
9.4558542221722974e-01
9.4563948817209476e-01
9.4568815376108395e-01
9.4573236893556989e-01
9.4577312560558668e-01
9.4581141704884941e-01
9.4584824163473213e-01
9.4588462111095661e-01
9.4592165597042421e-01
9.4596051752073007e-01
9.4600253730437156e-01
9.4604926872954087e-01
9.4610255546687783e-01
9.4616458782305612e-01
9.4623790531507801e-01
9.4632526353393764e-01
9.4642920843915257e-01
9.4655113066239371e-01
9.4668959919760431e-01
9.4683807406771336e-01
9.4698289564682459e-01
9.4710361680981858e-01
9.4717777374786194e-01
9.4718978424191835e-01
9.4713968744680344e-01
9.4704374314549000e-01
9.4692572864831204e-01
9.4680518261608526e-01
9.4669101282309764e-01
9.4658994023036713e-01
9.4651335123764979e-01
9.4643544490512688e-01
9.4629745673662247e-01
9.4623590406896996e-01
9.4656460663043318e-01
9.4685959033002354e-01
9.4565925436819787e-01
9.4274700722390248e-01
9.4080929803945545e-01
9.4249421168789582e-01
9.4513786799093147e-01
9.4651217546099864e-01
9.4632435077334209e-01
9.4588693201266461e-01
9.4579574702737634e-01
9.4581629852933857e-01
9.4577016809700976e-01
9.4569219116123071e-01
9.4561514395960888e-01
9.4553211928349923e-01
9.4544049876288228e-01
9.4534643134417917e-01
9.4525793731223662e-01
9.4518446888224616e-01
9.4513551982520638e-01
9.4511741796303506e-01
9.4513100311213538e-01
9.4517170322059607e-01
9.4523156450868195e-01
9.4530192635596011e-01
9.4537547478807094e-01
9.4544712575754297e-01
9.4551397509383706e-01
9.4557478645961857e-01
9.4562940679075747e-01
9.4567829902004896e-01
9.4572222956724350e-01
9.4576208653119709e-01
9.4579878736415768e-01
9.4583324416048320e-01
9.4586636864671836e-01
9.4589909129977845e-01
9.4593240841876292e-01
9.4596737877747761e-01
9.4600520147304690e-01
9.4604727124391363e-01
9.4609523837984832e-01
9.4615105581207692e-01
9.4621697736076915e-01
9.4629543314521503e-01
9.4638864459392646e-01
9.4649778128376671e-01
9.4662148946073388e-01
9.4675389166530943e-01
9.4688285543268369e-01
9.4699032954803208e-01
9.4705655260283106e-01
9.4706782303663273e-01
9.4702409346255412e-01
9.4693950277816896e-01
9.4683487468938055e-01
9.4672750576879305e-01
9.4662543819617229e-01
9.4653480877704788e-01
9.4646607880395461e-01
9.4639640567687233e-01
9.4627219623737258e-01
9.4621498472290622e-01
9.4651078129101440e-01
9.4678413903769110e-01
9.4571009477271972e-01
9.4307240158155214e-01
9.4129715783788193e-01
9.4281154284428204e-01
9.4521237890965371e-01
9.4646874475576137e-01
9.4630162449705513e-01
9.4590316204286284e-01
9.4581967494491526e-01
9.4583881820854732e-01
9.4579719857814804e-01
9.4572625368791485e-01
9.4565595391636548e-01
9.4557996596667970e-01
9.4549582070537297e-01
9.4540914191232983e-01
9.4532742277280157e-01
9.4525961261839886e-01
9.4521469751431908e-01
9.4519857470553592e-01
9.4521186257614065e-01
9.4525008317820269e-01
9.4530568346724708e-01
9.4537058166749610e-01
9.4543805386929347e-01
9.4550349712157777e-01
9.4556433274997576e-01
9.4561950519589510e-01
9.4566893406501096e-01
9.4571308404923016e-01
9.4575268236350174e-01
9.4578855651510385e-01
9.4582155318990657e-01
9.4585250897054918e-01
9.4588225580523932e-01
9.4591164060243438e-01
9.4594156547958175e-01
9.4597298769408655e-01
9.4600698757695822e-01
9.4604481858048162e-01
9.4608795926831513e-01
9.4613815324117279e-01
9.4619740391957730e-01
9.4626785843686423e-01
9.4635145991794323e-01
9.4644919425987162e-01
9.4655978904426430e-01
9.4667796001226101e-01
9.4679291640774133e-01
9.4688869360141492e-01
9.4694787222828714e-01
9.4695837951197137e-01
9.4692010702940110e-01
9.4684538416829334e-01
9.4675249262266603e-01
9.4665676910709073e-01
9.4656547215214948e-01
9.4648419883181723e-01
9.4642253791837894e-01
9.4636022535591646e-01
9.4624845307108030e-01
9.4619558091430933e-01
9.4646197748993099e-01
9.4671452006882284e-01
9.4575247173955235e-01
9.4336371274898156e-01
9.4173949107401977e-01
9.4310152203109932e-01
9.4528135758479659e-01
9.4642901812599667e-01
9.4628029523729673e-01
9.4591762094786735e-01
9.4584134748689064e-01
9.4585921994343614e-01
9.4582175282054892e-01
9.4575731482741987e-01
9.4569328561845578e-01
9.4562386303552270e-01
9.4554672559757835e-01
9.4546700921718030e-01
9.4539169132743406e-01
9.4532920422677613e-01
9.4528801320580402e-01
9.4527359993464677e-01
9.4528640608911185e-01
9.4532209533653022e-01
9.4537353757074882e-01
9.4543321777502520e-01
9.4549496597543514e-01
9.4555461691536691e-01
9.4560987943866548e-01
9.4565985169434286e-01
9.4570450950867824e-01
9.4574431175031015e-01
9.4577994454624015e-01
9.4581217663039308e-01
9.4584178791584683e-01
9.4586954472851958e-01
9.4589620571097455e-01
9.4592254138479592e-01
9.4594936853574274e-01
9.4597755278957829e-01
9.4600806800889914e-01
9.4604204140871861e-01
9.4608079891980168e-01
9.4612589913789991e-01
9.4617912547757343e-01
9.4624237865658156e-01
9.4631736218262474e-01
9.4640490918988673e-01
9.4650383010554029e-01
9.4660937231833364e-01
9.4671192617838629e-01
9.4679734882783539e-01
9.4685025655866040e-01
9.4685999173771507e-01
9.4682640529716677e-01
9.4676027885764535e-01
9.4667769982635752e-01
9.4659228837825182e-01
9.4651059418850148e-01
9.4643771648521335e-01
9.4638242689494467e-01
9.4632671356770537e-01
9.4622617487462768e-01
9.4617756420852939e-01
9.4641769110831508e-01
9.4665043598369270e-01
9.4578787860366953e-01
9.4362473641446609e-01
9.4214044986973589e-01
9.4336627536197504e-01
9.4534510453569986e-01
9.4639275657504485e-01
9.4626039688455432e-01
9.4593056443437473e-01
9.4586104109004576e-01
9.4587777962233210e-01
9.4584414111437021e-01
9.4578572386473192e-01
9.4572751913411379e-01
9.4566421411284152e-01
9.4559363065790480e-01
9.4552045178197885e-01
9.4545115492898002e-01
9.4539365177143853e-01
9.4535588524671188e-01
9.4534294034506128e-01
9.4535512043302183e-01
9.4538826625506445e-01
9.4543568171659942e-01
9.4549040086452174e-01
9.4554677159944156e-01
9.4560102639228827e-01
9.4565112818566988e-01
9.4569630593524689e-01
9.4573657837229841e-01
9.4577239271481750e-01
9.4580439327841936e-01
9.4583329215440659e-01
9.4585980657691171e-01
9.4588463767820485e-01
9.4590847673863299e-01
9.4593202437982915e-01
9.4595602012146895e-01
9.4598124679258511e-01
9.4600858259741671e-01
9.4603904176753961e-01
9.4607381447821093e-01
9.4611429535648461e-01
9.4616207418263831e-01
9.4621883643917526e-01
9.4628607876667159e-01
9.4636450712247544e-01
9.4645301431751416e-01
9.4654732434332689e-01
9.4663886939329456e-01
9.4671510124231528e-01
9.4676241048180088e-01
9.4677137335606454e-01
9.4674181676259805e-01
9.4668319514288379e-01
9.4660969700119768e-01
9.4653343586102412e-01
9.4646032039550410e-01
9.4639499077232558e-01
9.4634545677659088e-01
9.4629567796174807e-01
9.4620529562630884e-01
9.4616081760408954e-01
9.4637746796619726e-01
9.4659155799145656e-01
9.4581753245573741e-01
9.4385881650616421e-01
9.4250383725267828e-01
9.4360780997867078e-01
9.4540392491187908e-01
9.4635972300201276e-01
9.4624193482584484e-01
9.4594221281161694e-01
9.4587899901305095e-01
9.4589473928067280e-01
9.4586463908544471e-01
9.4581179681635075e-01
9.4575900414833081e-01
9.4570139668855713e-01
9.4563693319772668e-01
9.4556987628726641e-01
9.4550622177175103e-01
9.4545336506408484e-01
9.4541873404682075e-01
9.4540703912289792e-01
9.4541847882867314e-01
9.4544909679220324e-01
9.4549263378876458e-01
9.4554265127260173e-01
9.4559397956684965e-01
9.4564321232607629e-01
9.4568853706753320e-01
9.4572929392474814e-01
9.4576553376742034e-01
9.4579768778755891e-01
9.4582635847024077e-01
9.4585220383469215e-01
9.4587588229003250e-01
9.4589803461662281e-01
9.4591929019145837e-01
9.4594028573841726e-01
9.4596169064880387e-01
9.4598421287838574e-01
9.4600864454866340e-01
9.4603589876218730e-01
9.4606704452674428e-01
9.4610333098282395e-01
9.4614617710236681e-01
9.4619707977300616e-01
9.4625735660759991e-01
9.4632760733448706e-01
9.4640680510095287e-01
9.4649110147892213e-01
9.4657284932008912e-01
9.4664089954954567e-01
9.4668319407291035e-01
9.4669138868719416e-01
9.4666530038403074e-01
9.4661324334366348e-01
9.4654775892121590e-01
9.4647963530459167e-01
9.4641420125589304e-01
9.4635567361510586e-01
9.4631135372857500e-01
9.4626692944190827e-01
9.4618574062145955e-01
9.4614523328570654e-01
9.4634089894099493e-01
9.4653754132217527e-01
9.4584242654350970e-01
9.4406890300991231e-01
9.4283312860487878e-01
9.4382801196183219e-01
9.4545812375148619e-01
9.4632968504326198e-01
9.4622489191292147e-01
9.4595275499909792e-01
9.4589543439143853e-01
9.4591031135093451e-01
9.4588349357746315e-01
9.4583582231240937e-01
9.4578806448791186e-01
9.4573576540503512e-01
9.4567701316079411e-01
9.4561567915377209e-01
9.4555729648384301e-01
9.4550875446737137e-01
9.4547697993136481e-01
9.4546633362661470e-01
9.4547693925012066e-01
9.4550506220168862e-01
9.4554487664387110e-01
9.4559044741567144e-01
9.4563705260331488e-01
9.4568161351677915e-01
9.4572251614366709e-01
9.4575919489118021e-01
9.4579172384716637e-01
9.4582051506999876e-01
9.4584612968343240e-01
9.4586917429659290e-01
9.4589025239393687e-01
9.4590994884427726e-01
9.4592883619391033e-01
9.4594749265005140e-01
9.4596652391090552e-01
9.4598657008228970e-01
9.4600834576236070e-01
9.4603267324930285e-01
9.4606051336196240e-01
9.4609298590307356e-01
9.4613135875109511e-01
9.4617696317029498e-01
9.4623096129595674e-01
9.4629386369632540e-01
9.4636472070076627e-01
9.4644006753891818e-01
9.4651307182676503e-01
9.4657381525277795e-01
9.4661159997257205e-01
9.4661903035731909e-01
9.4659592622922317e-01
9.4654962118615615e-01
9.4649122466082269e-01
9.4643035618679860e-01
9.4637181863304831e-01
9.4631943826228693e-01
9.4627985924962299e-01
9.4624028601199317e-01
9.4616743238054068e-01
9.4613071434422313e-01
9.4630761823858145e-01
9.4648804096370387e-01
9.4586337404162091e-01
9.4425760013153348e-01
9.4313149451921152e-01
9.4402864567602862e-01
9.4550800225142706e-01
9.4630241756560818e-01
9.4620923200178197e-01
9.4596235054699773e-01
9.4591053409857095e-01
9.4592468577381672e-01
9.4590092954751037e-01
9.4585806528151983e-01
9.4581499935984947e-01
9.4576765298762122e-01
9.4571423448886616e-01
9.4565824809474341e-01
9.4560478161031303e-01
9.4556023156630908e-01
9.4553104287657042e-01
9.4552125473307413e-01
9.4553094448101060e-01
9.4555661325085749e-01
9.4559286075489546e-01
9.4563422967654864e-01
9.4567641231561783e-01
9.4571662670960610e-01
9.4575343384013910e-01
9.4578634770355019e-01
9.4581545818321422e-01
9.4584115598820839e-01
9.4586396186540989e-01
9.4588443375627584e-01
9.4590312389000852e-01
9.4592056541370650e-01
9.4593727864959842e-01
9.4595378812345110e-01
9.4597064160766453e-01
9.4598841758522845e-01
9.4600776068036252e-01
9.4602941157820808e-01
9.4605423428549174e-01
9.4608323337344258e-01
9.4611754286348937e-01
9.4615834823309308e-01
9.4620667605076558e-01
9.4626296155236755e-01
9.4632632814183471e-01
9.4639365508425133e-01
9.4645883179097412e-01
9.4651302503071211e-01
9.4654673342613471e-01
9.4655339911109271e-01
9.4653285757337779e-01
9.4649159990178722e-01
9.4643948852115045e-01
9.4638510881858218e-01
9.4633278344303462e-01
9.4628597702287431e-01
9.4625072702143587e-01
9.4621557172195747e-01
9.4615029351744362e-01
9.4611717564117037e-01
9.4627730047410819e-01
9.4644271935129043e-01
9.4588104078386848e-01
9.4442720945406844e-01
9.4340182297241582e-01
9.4421135355001640e-01
9.4555385347533782e-01
9.4627770362908015e-01
9.4619490343627044e-01
9.4597113561765400e-01
9.4592446735843305e-01
9.4593803624048112e-01
9.4591714821574280e-01
9.4587875913581365e-01
9.4584007607398868e-01
9.4579736654974822e-01
9.4574894423714584e-01
9.4569796255208638e-01
9.4564907841061185e-01
9.4560820991419792e-01
9.4558134293869855e-01
9.4557222726401069e-01
9.4558092335859700e-01
9.4560417870331137e-01
9.4563700785259885e-01
9.4567440531839575e-01
9.4571244491600048e-01
9.4574861262783028e-01
9.4578162290584289e-01
9.4581105656104958e-01
9.4583701313354385e-01
9.4585986052761617e-01
9.4588008036680249e-01
9.4589818471018350e-01
9.4591467798241258e-01
9.4593004548189052e-01
9.4594475940042488e-01
9.4595929497483344e-01
9.4597414711638050e-01
9.4598983825901584e-01
9.4600694967466870e-01
9.4602614856720435e-01
9.4604821209250800e-01
9.4607404205464396e-01
9.4610465361613194e-01
9.4614110364305748e-01
9.4618430007506782e-01
9.4623461411568621e-01
9.4629123705730855e-01
9.4635135610024435e-01
9.4640950029890036e-01
9.4645779502399008e-01
9.4648779470284206e-01
9.4649368590191796e-01
9.4647533510740434e-01
9.4643851275663027e-01
9.4639199399659801e-01
9.4634344444215712e-01
9.4629674139916553e-01
9.4625500829211817e-01
9.4622372474436767e-01
9.4619261224539208e-01
9.4613424203445029e-01
9.4610454220598228e-01
9.4624966082710427e-01
9.4640125558711263e-01
9.4589597564929917e-01
9.4457976795241627e-01
9.4364674026394868e-01
9.4437766163630443e-01
9.4559595964709264e-01
9.4625533330110190e-01
9.4618184433615571e-01
9.4597923189151245e-01
9.4593738852110965e-01
9.4595050692645821e-01
9.4593230405723161e-01
9.4589808953064636e-01
9.4586352827758513e-01
9.4582519461258285e-01
9.4578148032406029e-01
9.4573519942643469e-01
9.4569059124211685e-01
9.4565310861562202e-01
9.4562830297410505e-01
9.4561967181620754e-01
9.4562729219942354e-01
9.4564816774865068e-01
9.4567771465657879e-01
9.4571135364721604e-01
9.4574550694382387e-01
9.4577790169587550e-01
9.4580738600430292e-01
9.4583359639171150e-01
9.4585663708856194e-01
9.4587685226222240e-01
9.4589468582297542e-01
9.4591060662495852e-01
9.4592507451852403e-01
9.4593853045534004e-01
9.4595140219093954e-01
9.4596411955410187e-01
9.4597712902054409e-01
9.4599090184319001e-01
9.4600596180414287e-01
9.4602290980575188e-01
9.4604244499491130e-01
9.4606537732561413e-01
9.4609261620906515e-01
9.4612510476679090e-01
9.4616364682556320e-01
9.4620855876347465e-01
9.4625909364149052e-01
9.4631271356975999e-01
9.4636451307885094e-01
9.4640746655729691e-01
9.4643406315335676e-01
9.4643915661041067e-01
9.4642266430248467e-01
9.4638974630310280e-01
9.4634822915641870e-01
9.4630495584666774e-01
9.4626338362897378e-01
9.4622630028126609e-01
9.4619866190530888e-01
9.4617125039366756e-01
9.4611918923084437e-01
9.4609273825089568e-01
9.4622444673245232e-01
9.4636335144761774e-01
9.4590863472083364e-01
9.4471708164068979e-01
9.4386863428455103e-01
9.4452897858513207e-01
9.4563458761743324e-01
9.4623510879384543e-01
9.4616999338412688e-01
9.4598674540244865e-01
9.4594941003499944e-01
9.4596217572820029e-01
9.4594649400875797e-01
9.4591622488381155e-01
9.4588560811648104e-01
9.4585145521866010e-01
9.4581220783800946e-01
9.4577036207727117e-01
9.4572975289498262e-01
9.4569537337044984e-01
9.4567236198955007e-01
9.4566400938263540e-01
9.4567045539801287e-01
9.4568897186009959e-01
9.4571535730577305e-01
9.4574543245415799e-01
9.4577593216986811e-01
9.4580480084183594e-01
9.4583100233344208e-01
9.4585421940516790e-01
9.4587455679193877e-01
9.4589233428004427e-01
9.4590795958092067e-01
9.4592186089207853e-01
9.4593445655229846e-01
9.4594614629521001e-01
9.4595731670856598e-01
9.4596835555687719e-01
9.4597966463601169e-01
9.4599166817420588e-01
9.4600483760436049e-01
9.4601971380947425e-01
9.4603692585824450e-01
9.4605720157346274e-01
9.4608135622634504e-01
9.4611023203338140e-01
9.4614454103561429e-01
9.4618455229054388e-01
9.4622957393341101e-01
9.4627731336024068e-01
9.4632336143171036e-01
9.4636144604362460e-01
9.4638488425698286e-01
9.4638913486322584e-01
9.4637419563405600e-01
9.4634471948255916e-01
9.4630770292864363e-01
9.4626924859959227e-01
9.4623241897139010e-01
9.4619966525499677e-01
9.4617542217148931e-01
9.4615139995917674e-01
9.4610507691370782e-01
9.4608169054919200e-01
9.4620142456128964e-01
9.4632872727420236e-01
9.4591939987732121e-01
9.4484075435306736e-01
9.4406967083381121e-01
9.4466660836448535e-01
9.4566999390272033e-01
9.4621684950533269e-01
9.4615928178014874e-01
9.4599372939596460e-01
9.4596056341146650e-01
9.4597307533946440e-01
9.4595986166490220e-01
9.4593345345759305e-01
9.4590669395883764e-01
9.4587656012717003e-01
9.4584156105140227e-01
9.4580391962439614e-01
9.4576706693767931e-01
9.4573551761194030e-01
9.4571400676757167e-01
9.4570567845452835e-01
9.4571081314857930e-01
9.4572697182798215e-01
9.4575029897608776e-01
9.4577698701518087e-01
9.4580404121777628e-01
9.4582960354566814e-01
9.4585273748765575e-01
9.4587316395365251e-01
9.4589098470753918e-01
9.4590649497411683e-01
9.4592006810875739e-01
9.4593209430479341e-01
9.4594295322521815e-01
9.4595300616598954e-01
9.4596260125491027e-01
9.4597208683550138e-01
9.4598182302823053e-01
9.4599219037600102e-01
9.4600361216813089e-01
9.4601657466124123e-01
9.4603164382218985e-01
9.4604947418599261e-01
9.4607079758863732e-01
9.4609636697739363e-01
9.4612681313388136e-01
9.4616236380349850e-01
9.4620237522735884e-01
9.4624477593048095e-01
9.4628558571264954e-01
9.4631920031714145e-01
9.4633965733453218e-01
9.4634297281051272e-01
9.4632927859356342e-01
9.4630282575694047e-01
9.4626987596086221e-01
9.4623585045329373e-01
9.4620345087262892e-01
9.4617482241874840e-01
9.4615387203316959e-01
9.4613304694454714e-01
9.4609194272037944e-01
9.4607138381405453e-01
9.4618038978631258e-01
9.4629711477908118e-01
9.4592859044436850e-01
9.4495221968811949e-01
9.4425182279905040e-01
9.4479174991266113e-01
9.4570242320967735e-01
9.4620038031511000e-01
9.4614959461946491e-01
9.4600015603680643e-01
9.4597086979865475e-01
9.4598338526159143e-01
9.4597279884070040e-01
9.4595025898288321e-01
9.4592721667473723e-01
9.4590086316032196e-01
9.4586988486894807e-01
9.4583627904000767e-01
9.4580303337552218e-01
9.4577411340039341e-01
9.4575381337094788e-01
9.4574519107195876e-01
9.4574880709891451e-01
9.4576256997867469e-01
9.4578290830843270e-01
9.4580636486020631e-01
9.4583015651296032e-01
9.4585260421754802e-01
9.4587285494866891e-01
9.4589066189136628e-01
9.4590612259695617e-01
9.4591950890956122e-01
9.4593116227023810e-01
9.4594143752412940e-01
9.4595067808157596e-01
9.4595920897518504e-01
9.4596734172550978e-01
9.4597538702509598e-01
9.4598366540384271e-01
9.4599251610396606e-01
9.4600231727248429e-01
9.4601350468608836e-01
9.4602658688292196e-01
9.4604215284436510e-01
9.4606086096942321e-01
9.4608338635491829e-01
9.4611028929341823e-01
9.4614176250575532e-01
9.4617720321546395e-01
9.4621474274215900e-01
9.4625075633760392e-01
9.4628023109736503e-01
9.4629779607960807e-01
9.4630000660081481e-01
9.4628723813485693e-01
9.4626344504743343e-01
9.4623419769540840e-01
9.4620423790387687e-01
9.4617593055247684e-01
9.4615122099667959e-01
9.4613358660376445e-01
9.4611601758294783e-01
9.4607984458053984e-01
9.4606190855634154e-01
9.4616122574637995e-01
9.4626827434184968e-01
9.4593646356843641e-01
9.4505274831263331e-01
9.4441687651619977e-01
9.4490552016007778e-01
9.4573211495566889e-01
9.4618550524236855e-01
9.4614075826896360e-01
9.4600603058661326e-01
9.4598059192156736e-01
9.4599360806443133e-01
9.4598578895851015e-01
9.4596680575005043e-01
9.4594698364603302e-01
9.4592401675347604e-01
9.4589690146770156e-01
9.4586737792346398e-01
9.4583787850411583e-01
9.4581166289795859e-01
9.4579244064424528e-01
9.4578319367812302e-01
9.4578499161458973e-01
9.4579624939107676e-01
9.4581359159849021e-01
9.4583393788495496e-01
9.4585461972358220e-01
9.4587410952201201e-01
9.4589162012571348e-01
9.4590693665067016e-01
9.4592015604768886e-01
9.4593152990714913e-01
9.4594137032579495e-01
9.4594999869361307e-01
9.4595772350305929e-01
9.4596483446347646e-01
9.4597160735482211e-01
9.4597831595507320e-01
9.4598524228147163e-01
9.4599268553489091e-01
9.4600098054707205e-01
9.4601051516325219e-01
9.4602174422380514e-01
9.4603519673343139e-01
9.4605146587520028e-01
9.4607116001104419e-01
9.4609478251267343e-01
9.4612250274150922e-01
9.4615375420903536e-01
9.4618685256577073e-01
9.4621842258183775e-01
9.4624399475707166e-01
9.4625864057602871e-01
9.4625954611423990e-01
9.4624752951956559e-01
9.4622629337684971e-01
9.4620062770158864e-01
9.4617447115258690e-01
9.4614979316261061e-01
9.4612848063293875e-01
9.4611390892599745e-01
9.4609969320317588e-01
9.4606851150699978e-01
9.4605329504393598e-01
9.4614392185724794e-01
9.4624206523617782e-01
9.4594326219654168e-01
9.4514347693263345e-01
9.4456645883203383e-01
9.4500881832464212e-01
9.4575919029001310e-01
9.4617197268529352e-01
9.4613269463037475e-01
9.4601168196964114e-01
9.4599029656226741e-01
9.4600402203891154e-01
9.4599832211952251e-01
9.4598182975654233e-01
9.4596450747834915e-01
9.4594483132305518e-01
9.4592192643702044e-01
9.4589701221975853e-01
9.4587178129437155e-01
9.4584862178823192e-01
9.4583050711031869e-01
9.4582032683176098e-01
9.4581995877670766e-01
9.4582861278568553e-01
9.4584285530925061e-01
9.4586015245466859e-01
9.4587782017014910e-01
9.4589444932641698e-01
9.4590930194837397e-01
9.4592220153691631e-01
9.4593325288446450e-01
9.4594269102106232e-01
9.4595079969403661e-01
9.4595786657765657e-01
9.4596416450512155e-01
9.4596994705468496e-01
9.4597545389264348e-01
9.4598092175104165e-01
9.4598659413875175e-01
9.4599273043869414e-01
9.4599962297216511e-01
9.4600761275227763e-01
9.4601710253375260e-01
9.4602856397992252e-01
9.4604252975861514e-01
9.4605955013156984e-01
9.4608008736286153e-01
9.4610430787235300e-01
9.4613168442936479e-01
9.4616069638659661e-01
9.4618805925636007e-01
9.4620990799447779e-01
9.4622154440021100e-01
9.4622109190064585e-01
9.4621004486280214e-01
9.4619177874972271e-01
9.4617010863632056e-01
9.4614794036318550e-01
9.4612660586630637e-01
9.4610783934048859e-01
9.4609525178136344e-01
9.4608365737535027e-01
9.4605726684867442e-01
9.4604513752548791e-01
9.4612832005488257e-01
9.4621838057191043e-01
9.4594920068782973e-01
9.4522534010877235e-01
9.4470190036508173e-01
9.4510312088740256e-01
9.4578403638185837e-01
9.4615972283078931e-01
9.4612561421944252e-01
9.4601750686648267e-01
9.4599978236545668e-01
9.4601318925346467e-01
9.4600806688176442e-01
9.4599329386124220e-01
9.4597907727623343e-01
9.4596412195159363e-01
9.4594683858348128e-01
9.4592747752911055e-01
9.4590692662706710e-01
9.4588675156590940e-01
9.4586924319558230e-01
9.4585734269706956e-01
9.4585423282802561e-01
9.4586053799337311e-01
9.4587154627540981e-01
9.4588572105196389e-01
9.4590031405845454e-01
9.4591405025917463e-01
9.4592622628211132e-01
9.4593670475785041e-01
9.4594560433386132e-01
9.4595314328459423e-01
9.4595957352614768e-01
9.4596514479553895e-01
9.4597009042223579e-01
9.4597462475229344e-01
9.4597894931237225e-01
9.4598326279169664e-01
9.4598776879139601e-01
9.4599268595445085e-01
9.4599826371724438e-01
9.4600479587105579e-01
9.4601263263945123e-01
9.4602218805366811e-01
9.4603393480085052e-01
9.4604836875167042e-01
9.4606592354080810e-01
9.4608678013875802e-01
9.4611045559312956e-01
9.4613560272580610e-01
9.4615891707153954e-01
9.4617752650106768e-01
9.4618611605211478e-01
9.4618424375526600e-01
9.4617433697048714e-01
9.4615948841447595e-01
9.4614255043754925e-01
9.4612532628889401e-01
9.4610818799097174e-01
9.4609207965780628e-01
9.4608041554711242e-01
9.4606961175810089e-01
9.4604642172041209e-01
9.4603700230972687e-01
9.4611393364180807e-01
9.4619696514770291e-01
9.4595461894049082e-01
9.4529972683920227e-01
9.4482525755955926e-01
9.4518765381045633e-01
9.4580614461860779e-01
9.4614860265261913e-01
9.4611946691142257e-01
9.4602281503694885e-01
9.4600715579578221e-01
9.4601875346569542e-01
9.4601413510363463e-01
9.4600331698807516e-01
9.4599585173381351e-01
9.4598906666331817e-01
9.4597975928393785e-01
9.4596715536014508e-01
9.4595158039121185e-01
9.4593375839535321e-01
9.4591490126757871e-01
9.4589809353933685e-01
9.4588946548806796e-01
9.4589399950913400e-01
9.4590143098834467e-01
9.4591203035392457e-01
9.4592309782044992e-01
9.4593361735757320e-01
9.4594290419455807e-01
9.4595082582482926e-01
9.4595750068147744e-01
9.4596311689012125e-01
9.4596788139031862e-01
9.4597199501975193e-01
9.4597564315158611e-01
9.4597899456346035e-01
9.4598220771797625e-01
9.4598544006809904e-01
9.4598885197782923e-01
9.4599261856309091e-01
9.4599694304487214e-01
9.4600206785540408e-01
9.4600828575198204e-01
9.4601594727832272e-01
9.4602545840640440e-01
9.4603725453861698e-01
9.4605173713144075e-01
9.4606908326572259e-01
9.4608883399425936e-01
9.4610990941300344e-01
9.4612909288454339e-01
9.4614548736428972e-01
9.4614965549545293e-01
9.4614422869933168e-01
9.4613402021499238e-01
9.4612232584704947e-01
9.4611093418009573e-01
9.4610052630743291e-01
9.4609042983861591e-01
9.4608002904491673e-01
9.4607109105406872e-01
9.4606060039888507e-01
9.4603841604672445e-01
9.4602982261541813e-01
9.4610062275190865e-01
9.4617741682078571e-01
9.4595918894330666e-01
9.4536619011386802e-01
9.4493575956466624e-01
9.4526684913814052e-01
9.4582793736160298e-01
9.4613947717444602e-01
9.4611400887508879e-01
9.4602639957715251e-01
9.4601143443758318e-01
9.4602245431129894e-01
9.4602278122283900e-01
9.4602211688262272e-01
9.4602697154180249e-01
9.4603212557059924e-01
9.4603309995170237e-01
9.4602881304210440e-01
9.4601942271490647e-01
9.4600450622147780e-01
9.4598250416393959e-01
9.4595433648637917e-01
9.4593087495036687e-01
9.4593285046247844e-01
9.4593526208861356e-01
9.4594111161404615e-01
9.4594759791820937e-01
9.4595410340784658e-01
9.4595997633586426e-01
9.4596500630736535e-01
9.4596925558699207e-01
9.4597284333419673e-01
9.4597590261190045e-01
9.4597856474034814e-01
9.4598095250650138e-01
9.4598317846444768e-01
9.4598534867332706e-01
9.4598757153393365e-01
9.4598995912930450e-01
9.4599263754629237e-01
9.4599575445480821e-01
9.4599948846884019e-01
9.4600405891983663e-01
9.4600973223876927e-01
9.4601682088868044e-01
9.4602566625087425e-01
9.4603659045128108e-01
9.4604967947373253e-01
9.4606446295249713e-01
9.4608026037919668e-01
9.4609392505084455e-01
9.4610781674150435e-01
9.4609952496700556e-01
9.4608351318948969e-01
9.4607039230829781e-01
9.4606219229928401e-01
9.4605811503071591e-01
9.4605743507002038e-01
9.4605878757466166e-01
9.4606009780232436e-01
9.4606035122682752e-01
9.4605471079535974e-01
9.4603448785669142e-01
9.4602527894142019e-01
9.4608905305378288e-01
9.4615992182293773e-01
9.4596428978207525e-01
9.4542845485757210e-01
9.4503875146998517e-01
9.4533028620814008e-01
9.4584323102944790e-01
9.4612945254592584e-01
9.4610731492959488e-01
9.4602693855130682e-01
9.4601439845023871e-01
9.4603112489290397e-01
9.4604415031381650e-01
9.4605887050736914e-01
9.4607708454298678e-01
9.4609215263423330e-01
9.4610042317315524e-01
9.4610209890723485e-01
9.4609842586192494e-01
9.4608952703350857e-01
9.4607170501947568e-01
9.4603714071372436e-01
9.4598657671431852e-01
9.4598126243573311e-01
9.4597549089856914e-01
9.4597456871858365e-01
9.4597487008468584e-01
9.4597608194128691e-01
9.4597767431247026e-01
9.4597927247412916e-01
9.4598077836351968e-01
9.4598217136085216e-01
9.4598346273823808e-01
9.4598468169925010e-01
9.4598586620620406e-01
9.4598705734179622e-01
9.4598829645467097e-01
9.4598963097407252e-01
9.4599111952626469e-01
9.4599283084418351e-01
9.4599484204041895e-01
9.4599724618056635e-01
9.4600015754579958e-01
9.4600371252579241e-01
9.4600806455486974e-01
9.4601336920243295e-01
9.4601973657876393e-01
9.4602701296464242e-01
9.4603473507566993e-01
9.4604254509423946e-01
9.4604667636609929e-01
9.4605259105025630e-01
9.4601639150376471e-01
9.4599076465998155e-01
9.4598098907441608e-01
9.4597971756168386e-01
9.4598343589834599e-01
9.4599178765777092e-01
9.4600446778702285e-01
9.4601987381621910e-01
9.4603537972846630e-01
9.4604277069078224e-01
9.4603110716312999e-01
9.4602430258777648e-01
9.4608165490285612e-01
9.4614522483087327e-01
9.4596646795429795e-01
9.4547790930917253e-01
9.4512213041403204e-01
9.4541980942537474e-01
9.4586973361739413e-01
9.4612030252887791e-01
9.4610052904712283e-01
9.4603306333169646e-01
9.4603073507707369e-01
9.4605784878020893e-01
9.4608083701809575e-01
9.4610030258328337e-01
9.4611654875998452e-01
9.4612534421964090e-01
9.4612629361233169e-01
9.4612249506490609e-01
9.4611830594132429e-01
9.4611725540267055e-01
9.4611830949997844e-01
9.4612704177360207e-01
9.4607072258199765e-01
9.4604929196677356e-01
9.4602913973477154e-01
9.4601622566773658e-01
9.4600682019917726e-01
9.4600027026652844e-01
9.4599594219460470e-01
9.4599313167064547e-01
9.4599136460224897e-01
9.4599032153691032e-01
9.4598978732688344e-01
9.4598962125541364e-01
9.4598973376716688e-01
9.4599006910460093e-01
9.4599059115437034e-01
9.4599127725788879e-01
9.4599212596849047e-01
9.4599313721943412e-01
9.4599430268682982e-01
9.4599560317309939e-01
9.4599699816478655e-01
9.4599840709341465e-01
9.4599968081909047e-01
9.4600056067707960e-01
9.4600061031168670e-01
9.4599909920102099e-01
9.4599521936438802e-01
9.4598810495290286e-01
9.4597385139341961e-01
9.4595870135949556e-01
9.4590424929223704e-01
9.4592408974873321e-01
9.4593558353211193e-01
9.4594352265285186e-01
9.4594823707010411e-01
9.4595339918005172e-01
9.4596245802962931e-01
9.4597719956550341e-01
9.4599733897790750e-01
9.4601462867989583e-01
9.4601519533036416e-01
9.4601633071785640e-01
9.4607039210191535e-01
9.4612891920663689e-01
9.4597468987769295e-01
9.4554807021651754e-01
9.4523716723208040e-01
6.6150759331796788e-02
8.8761307789913341e-02
9.9851820916658646e-02
1.0473538704031304e-01
1.0571698824360139e-01
1.0485086795157235e-01
1.0298831869856817e-01
1.0034270784398581e-01
9.7032516072058636e-02
9.3108442286381488e-02
8.8572854930849973e-02
8.3347668264677349e-02
7.7300990345956069e-02
7.0273807672910041e-02
6.2090178467066909e-02
5.2554439954182096e-02
4.1437570937617386e-02
2.8479845597633828e-02
1.3372597564011629e-02
-4.2252100703283465e-03
-2.4665062820459910e-02
-4.8357543476043513e-02
-7.5838547886599245e-02
-1.0792817314663022e-01
-1.4579268642697707e-01
-1.9077473115081278e-01
-2.4372925521850072e-01
-3.0300094209517558e-01
-3.5862768671322559e-01
-3.7782271896034886e-01
-2.7967179952685506e-01
2.4124115596291545e-02
4.3273563164881063e-01
6.0686603116388482e-01
5.6689730251441139e-01
4.5540673215873939e-01
3.4726180863421674e-01
2.5936466275728798e-01
1.9228806820440050e-01
1.4197483716899062e-01
1.0360763620956825e-01
7.3147302742371620e-02
4.7904382736599152e-02
2.6320075817335028e-02
7.6008953834606997e-03
-8.6938517380576834e-03
-2.2808565948307880e-02
-3.5088591157875569e-02
-4.5572721466738936e-02
-5.4473676276899384e-02
-6.2517032095148778e-02
-6.6394786738882924e-02
-6.8362070955572007e-02
-6.7008741744082972e-02
-7.7096330064857235e-02
-8.1573028273576584e-02
-8.3955673477437515e-02
-8.5753622022747902e-02
-8.6664612758537610e-02
-8.5736623613213062e-02
-8.2509271829397504e-02
-8.2740173508827647e-02
-8.5257462119273875e-02
-3.3842296275906375e-02
4.2395610592802779e-02
5.8536300281370218e-02
8.0303047483430492e-02
9.3285190758819608e-02
9.8245950499951551e-02
9.9900535149897801e-02
1.0000983359902565e-01
9.8859142250211085e-02
9.6722204298346159e-02
9.3803249192731031e-02
9.0215134889455539e-02
8.5958443284378655e-02
8.0971260999277775e-02
7.5150501641651102e-02
6.8366134986555221e-02
6.0449129351508576e-02
5.1161549718632446e-02
4.0179146619579019e-02
2.7075971335147483e-02
1.1485707479424784e-02
-6.8192332712683152e-03
-2.7917648429547588e-02
-5.1789838787318451e-02
-7.8407790392351198e-02
-1.0770973986655805e-01
-1.3922879894345214e-01
-1.7122632970439880e-01
-1.9896176867752480e-01
-2.1179639283018695e-01
-1.9028238577998224e-01
-1.0645791951253869e-01
5.6154394725096049e-02
2.4678144349028594e-01
3.7001574770197337e-01
3.9778021855336931e-01
3.6210802794472208e-01
2.9894874923960663e-01
2.3329267725274111e-01
1.7671022291286195e-01
1.3145706982108568e-01
9.5288497036084108e-02
6.5529267626591739e-02
4.0216312917220144e-02
1.8200214723688178e-02
-1.1065802466637836e-03
-1.8021666605988758e-02
-3.2683921540426590e-02
-4.5381979606881499e-02
-5.5575875603210867e-02
-6.5510282408792156e-02
-7.1901143649714172e-02
-7.0236423669238629e-02
-8.3408484087696758e-02
-7.3157477493807369e-02
-8.3644618834924661e-02
-8.4880704105062946e-02
-8.3473672921108799e-02
-8.2499194913920354e-02
-8.0876910615767059e-02
-7.6866272164279617e-02
-7.0903031004477077e-02
-6.6210704708452847e-02
-5.2426366436830879e-02
-3.8074978322577913e-03
3.1873460836623305e-02
4.0799999963290680e-02
6.0674311349250429e-02
7.6848954678287562e-02
8.4952196263881896e-02
8.8732824788207862e-02
9.0398285958373265e-02
9.0345563547487726e-02
8.8918615352870878e-02
8.6440877076345776e-02
8.3073793644491190e-02
7.8859619011036428e-02
7.3774631128555326e-02
6.7747308081367877e-02
6.0679224099149970e-02
5.2435169431281986e-02
4.2776144565656767e-02
3.1314858059521902e-02
1.7605110666864918e-02
1.3193538614693207e-03
-1.7620426462264811e-02
-3.9038414917272488e-02
-6.2577973100100673e-02
-8.7715186712299970e-02
-1.1351501313191359e-01
-1.3809975531336691e-01
-1.5781769435150023e-01
-1.6623483616635870e-01
-1.5363121357344947e-01
-1.0945936436754952e-01
-3.0406800837713747e-02
7.1511312492030382e-02
1.7796307941477502e-01
2.7558772235081536e-01
3.3569092042990972e-01
3.4398333904548006e-01
3.1498295991133834e-01
2.6861474253447137e-01
2.1836441740894844e-01
1.7134690232020847e-01
1.3043134583781868e-01
9.5789941390486605e-02
6.6459663957097181e-02
4.1299880151033481e-02
1.9370509637203312e-02
5.0576082221837965e-05
-1.7001136805920442e-02
-3.1913409781152063e-02
-4.3635044561784499e-02
-5.7522449419278671e-02
-6.1612695927093480e-02
-5.9689575781451419e-02
-8.3840145780592054e-02
-6.4072177373799624e-02
-7.6480324911191416e-02
-7.8439208494269885e-02
-7.5937269891686907e-02
-7.3604357742900944e-02
-7.0493747084370742e-02
-6.4376014356691838e-02
-5.5933831174843060e-02
-4.8474353365344572e-02
-3.1193244215356887e-02
8.3833010695094252e-03
2.8368979601545271e-02
3.2784273465493396e-02
4.6964296436176348e-02
6.2870691869342479e-02
7.2959933841286601e-02
7.8742765298738471e-02
8.2129370884707412e-02
8.3456677771983429e-02
8.3088201441914145e-02
8.1447383348573432e-02
7.8766018883974803e-02
7.5133952133111651e-02
7.0563399815015471e-02
6.5011352643127823e-02
5.8397074919665490e-02
5.0582872243994007e-02
4.1311745394598351e-02
3.0191875859868343e-02
1.6814472623410178e-02
9.8595825470325490e-04
-1.7121728245759710e-02
-3.6977925377118810e-02
-5.7759973572279258e-02
-7.8321392785632341e-02
-9.6948704663688101e-02
-1.1106301725330787e-01
-1.1702972251280122e-01
-1.1041241034959021e-01
-8.7172820538167245e-02
-4.5832018827045268e-02
9.9736440523039392e-03
7.2934190731750490e-02
1.3625236852940217e-01
1.9554571034146720e-01
2.4145242985416990e-01
2.6500522206361260e-01
2.6519350772118211e-01
2.4653713198562693e-01
2.1608333966090337e-01
1.8048601118862492e-01
1.4448826395487929e-01
1.1083040602705953e-01
8.0670736373694277e-02
5.4125805370926421e-02
3.0766662013603237e-02
1.0100724301384001e-02
-8.3858937441102111e-03
-2.4280126173332955e-02
-3.6226006399940371e-02
-5.3005688038614496e-02
-5.3184560421674978e-02
-5.7872455116299640e-02
-9.1183368570083106e-02
-6.5204254161616432e-02
-7.3512045535127371e-02
-7.4931158812049106e-02
-7.0772454870674753e-02
-6.6257407676967375e-02
-6.1120233574020855e-02
-5.3075064298062240e-02
-4.3201125374637543e-02
-3.5014033562791091e-02
-1.9789188215546274e-02
1.1082249908832756e-02
2.6235071615027545e-02
2.8724956520439347e-02
3.8270034256237657e-02
5.2001312565355839e-02
6.2299018729599399e-02
6.9171698659684838e-02
7.3893248308545767e-02
7.6504927614385695e-02
7.7216424271082523e-02
7.6447940465729225e-02
7.4470113127311680e-02
7.1404328858316643e-02
6.7288752151404049e-02
6.2105541617316948e-02
5.5796410752810915e-02
4.8232004523283419e-02
3.9147308735773684e-02
2.8159884917645237e-02
1.4952935595219949e-02
-4.6636578232365366e-04
-1.7628004306947428e-02
-3.5633788546112363e-02
-5.3260130063973510e-02
-6.8955557069506096e-02
-8.0764851129412771e-02
-8.6336586625489223e-02
-8.3162327338939288e-02
-6.9241724800829255e-02
-4.4086240542620822e-02
-9.6895095865650888e-03
2.9906382506729518e-02
7.1613240998972663e-02
1.1314595679110902e-01
1.5337310237011986e-01
1.8970926654449607e-01
2.1633704219171429e-01
2.2855991745425575e-01
2.2558980434758849e-01
2.0993871387030635e-01
1.8565079342003266e-01
1.5673072646244332e-01
1.2641614148576108e-01
9.6905057912087075e-02
6.9414381102980316e-02
4.4420725004991050e-02
2.1987515470200902e-02
1.6939372153271523e-03
-1.5152575624792889e-02
-2.7589029895411274e-02
-4.5425741227435208e-02
-4.5810910919343882e-02
-6.7557303381861819e-02
-9.2556812758837065e-02
-6.6084085000115991e-02
-6.8312247008719976e-02
-6.9467495519378669e-02
-6.4687671488670703e-02
-5.8498140893939711e-02
-5.1739396808697775e-02
-4.2644286583625589e-02
-3.2889761059508769e-02
-2.5666630027580607e-02
-1.3098828833792420e-02
1.1549410730894327e-02
2.4326627275213092e-02
2.6029493478479177e-02
3.2471448355695313e-02
4.3631061312931978e-02
5.3049012145592149e-02
6.0067940164975520e-02
6.5521866639667289e-02
6.9142267851193276e-02
7.0849486510383738e-02
7.0939329978286614e-02
6.9662545538644219e-02
6.7151544651585585e-02
6.3467849026519821e-02
5.8623261906582388e-02
5.2585169304051160e-02
4.5236495420717324e-02
3.6324354147122782e-02
2.5522652399874505e-02
1.2672538889550547e-02
-1.9589804237906175e-03
-1.7588946482744488e-02
-3.3021528175599169e-02
-4.6816580505969985e-02
-5.7369295084171691e-02
-6.2997812725401156e-02
-6.2133104007160198e-02
-5.3680829265826749e-02
-3.7506557250122294e-02
-1.4813464471091017e-02
1.2002539283500714e-02
4.0483255365320762e-02
6.9294004723704991e-02
9.7929455020089262e-02
1.2659950576805640e-01
1.5411362707104662e-01
1.7766183712630923e-01
1.9367277586804599e-01
1.9971326890654736e-01
1.9530400715061252e-01
1.8175259065442564e-01
1.6143203364649086e-01
1.3695762918694795e-01
1.1062656191250286e-01
8.4191513420346129e-02
5.8832043464280823e-02
3.5286597417752461e-02
1.3664012966341075e-02
-3.9603459623579257e-03
-1.7744531539916352e-02
-3.5073479673195226e-02
-4.0933713889524818e-02
-8.2749675633622150e-02
-8.3865014537762725e-02
-6.5006256899494699e-02
-6.2782994123145225e-02
-6.2671821675865533e-02
-5.7501668205259142e-02
-5.0273555820262064e-02
-4.2548588504055761e-02
-3.3257898411481565e-02
-2.4491755818243324e-02
-1.8786978836937369e-02
-8.4962196842561250e-03
1.1695828491744829e-02
2.2766428580040344e-02
2.4079996485657465e-02
2.8427321673587459e-02
3.7350461187344509e-02
4.5574905875691844e-02
5.2167050694256659e-02
5.7797603112114501e-02
6.2058024230287889e-02
6.4587608275712610e-02
6.5484772769606320e-02
6.4920336956651017e-02
6.3005835116179507e-02
5.9812716636980068e-02
5.5375870346815383e-02
4.9682434771621257e-02
4.2626091539759388e-02
3.3981613579749277e-02
2.3525094339608314e-02
1.1300551744047128e-02
-2.1553777376944467e-03
-1.5805916895190456e-02
-2.8310372672065945e-02
-3.8238738020392148e-02
-4.4227677170833549e-02
-4.5139199718357025e-02
-4.0265886893257892e-02
-2.9593923115116109e-02
-1.3962602035284861e-02
5.0477665619622853e-03
2.5602726288964345e-02
4.6370393808445230e-02
6.6884839825148881e-02
8.7259398455146242e-02
1.0810077061364821e-01
1.2903047076617602e-01
1.4871310287763881e-01
1.6480601616270316e-01
1.7489897351738448e-01
1.7740443259433961e-01
1.7197362620784051e-01
1.5943011218495265e-01
1.4133695717218375e-01
1.1953822429716769e-01
9.5775842642664838e-02
7.1509162891466818e-02
4.7914583556670470e-02
2.5878115922355630e-02
7.2824410624700332e-03
-8.8203155792173794e-03
-2.4623706557284648e-02
-4.2151759746971912e-02
-9.0190985169239860e-02
-7.6275901918090819e-02
-6.2264444197459100e-02
-5.8005613503985032e-02
-5.5986033070253141e-02
-5.0112202378227839e-02
-4.2323950249344870e-02
-3.4245999106169753e-02
-2.5283959676676161e-02
-1.7706255796120830e-02
-1.3430779498933343e-02
-5.0726249764151453e-03
1.1772355108858297e-02
2.1603726383310772e-02
2.2677963987427149e-02
2.5560723472969549e-02
3.2706089497368515e-02
3.9785008257335656e-02
4.5687023690713639e-02
5.1065405807437701e-02
5.5561965624186638e-02
5.8642146523324848e-02
6.0201573182542503e-02
6.0292309087997965e-02
5.8968614486589049e-02
5.6286366764716184e-02
5.2288336330583871e-02
4.6973790399665635e-02
4.0252400497762957e-02
3.1952226739622086e-02
2.1986560865010156e-02
1.0621836683807201e-02
-1.3698822342650670e-03
-1.2804672687912510e-02
-2.2355334492081005e-02
-2.8785028541616704e-02
-3.1124805286716722e-02
-2.8819026372732686e-02
-2.1865124237545226e-02
-1.0888151485321856e-02
2.9678071128325196e-03
1.8328498933362587e-02
3.4037745738779164e-02
4.9441986093991377e-02
6.4508200499376875e-02
7.9488999362110721e-02
9.4952649606995523e-02
1.1089914806438106e-01
1.2676440035368766e-01
1.4121268007550555e-01
1.5242831768987264e-01
1.5868159743435403e-01
1.5883298327582829e-01
1.5259750743702982e-01
1.4051314027706671e-01
1.2369966487347123e-01
1.0357802938894756e-01
8.1564892431055802e-02
5.9008343341751979e-02
3.7428424323633781e-02
1.7696140506869604e-02
-1.4312922456939760e-03
-1.6940915534905357e-02
-5.0424450576997334e-02
-8.8301812516294612e-02
-7.0133079733123327e-02
-5.7342941490829205e-02
-5.2651311016823923e-02
-4.9235152025820843e-02
-4.2724161344830980e-02
-3.4856588857188356e-02
-2.6971995419619664e-02
-1.8642451109890480e-02
-1.2182257248221145e-02
-9.0757068061844606e-03
-2.3432873083507281e-03
1.1895316142818996e-02
2.0789484188220596e-02
2.1673371246234457e-02
2.3507003390887578e-02
2.9274695465178885e-02
3.5373917154035560e-02
4.0520800026961748e-02
4.5387798242263404e-02
4.9791483232023377e-02
5.3148046337927989e-02
5.5189778848870143e-02
5.5839812479430741e-02
5.5072562369263819e-02
5.2902757851447088e-02
4.9364004852444250e-02
4.4460232553546142e-02
3.8124937368196360e-02
3.0263317812774519e-02
2.0947774458217973e-02
1.0653899150911311e-02
3.2014889165420205e-04
-8.8439213471727795e-03
-1.5649512748411757e-02
-1.9157711246959700e-02
-1.8829814897090090e-02
-1.4606667155766227e-02
-6.9450770965059083e-03
3.2828397874119938e-03
1.5002328591205377e-02
2.7225942795049113e-02
3.9280415898939075e-02
5.0900106261732726e-02
6.2222530256663307e-02
7.3510919262583213e-02
8.5233031670285092e-02
9.7507075368997012e-02
1.1013907035630223e-01
1.2244397537697348e-01
1.3321537542982131e-01
1.4100848941819474e-01
1.4450122178991845e-01
1.4283047151586012e-01
1.3576989809722731e-01
1.2372208074930763e-01
1.0757319839857335e-01
8.8505439427657054e-02
6.7826670702749600e-02
4.7161600037570181e-02
2.6515733727367412e-02
4.6536413743624785e-03
-1.6917754344065516e-02
-5.7786080313476436e-02
-8.0932421232876722e-02
-6.2830715119920777e-02
-5.0801832202765962e-02
-4.6414255740298838e-02
-4.2319595519095865e-02
-3.5516287855876426e-02
-2.7969524610723995e-02
-2.0648424204976430e-02
-1.3093157718193195e-02
-7.5886845717198035e-03
-5.3777875121116753e-03
1.7856011640205852e-05
1.2157628246889525e-02
2.0272958928097554e-02
2.0975619198366203e-02
2.2046554551718427e-02
2.6756631885457030e-02
3.2052965620150316e-02
3.6482760171914513e-02
4.0726316640610660e-02
4.4826786870457928e-02
4.8237161092335334e-02
5.0579859722139714e-02
5.1666897577838093e-02
5.1390355388476923e-02
4.9710689187800194e-02
4.6636978498435670e-02
4.2171267733329500e-02
3.6277349448997374e-02
2.8952273659112033e-02
2.0428650930720337e-02
1.1350541470382374e-02
2.7379443657739510e-03
-4.2739352263670748e-03
-8.7149142705679420e-03
-9.9736009753520136e-03
-7.8853260069774011e-03
-2.7464017221178732e-03
4.7727981979492152e-03
1.3801781711862953e-02
2.3482603711493914e-02
3.3169353699846235e-02
4.2498204213862072e-02
5.1402681478838752e-02
6.0069528261688328e-02
6.8737275796873512e-02
7.7785340324693489e-02
8.7360065124551856e-02
9.7435953447684867e-02
1.0767493817930654e-01
1.1734145704201927e-01
1.2536689370135085e-01
1.3055539629445329e-01
1.3185479938094510e-01
1.2859601761989944e-01
1.2062131192762782e-01
1.0828481970598057e-01
9.2386369695936749e-02
7.4020789919763880e-02
5.4330524861961126e-02
3.2972843456472473e-02
8.7498597093643299e-03
-2.1013033540501925e-02
-5.8997514576574484e-02
-7.1281928732567446e-02
-5.4536787405591619e-02
-4.3685945609270881e-02
-3.9715258153995729e-02
-3.5373858390688906e-02
-2.8648198440106319e-02
-2.1706974918688383e-02
-1.5153302243434060e-02
-8.4115977998175939e-03
-3.6934533356875513e-03
-2.1374136042160764e-03
2.1797746623117278e-03
1.2589725818233850e-02
2.0012998396116071e-02
2.0537170314063415e-02
2.1053074311393246e-02
2.4949931498740047e-02
2.9586017018633917e-02
3.3369583426913076e-02
3.6976540166759699e-02
4.0668253169515611e-02
4.3971543280120998e-02
4.6448951410075559e-02
4.7838351629317336e-02
4.7964991589777607e-02
4.6733007271511931e-02
4.4116097555096649e-02
4.0108452292083221e-02
3.4707199206919476e-02
2.8005189880451607e-02
2.0377193103074884e-02
1.2581874386147669e-02
5.6388125104431808e-03
5.4358615402862567e-04
-1.9816922891092658e-03
-1.6270915630432229e-03
1.4865848275552778e-03
6.8644646394783633e-03
1.3794065054326156e-02
2.1523449000368886e-02
2.9429854324728676e-02
3.7111968947768144e-02
4.4396443666210365e-02
5.1312036493684821e-02
5.8046789475939817e-02
6.4803583333072109e-02
7.1885097107130466e-02
7.9435318976324512e-02
8.7503972663449697e-02
9.5939640619784800e-02
1.0431900929145914e-01
1.1190393229899773e-01
1.1772839150514838e-01
1.2077188522312637e-01
1.2017409708105940e-01
1.1541611010446327e-01
1.0641476990265546e-01
9.3550908327742086e-02
7.7545301172012193e-02
5.8831284675088323e-02
3.6892615909585098e-02
1.0457665777826131e-02
-2.3238121623224552e-02
-5.5385666621338564e-02
-6.0774549399082591e-02
-4.5926252307261765e-02
-3.6542853169426230e-02
-3.2910493283243948e-02
-2.8539609201892985e-02
-2.2172232723024418e-02
-1.6009054117620481e-02
-1.0317236805695931e-02
-4.3953793475458285e-03
-3.3722617226339592e-04
7.5194486696494021e-04
4.2153318064318702e-03
1.3183601280060008e-02
1.9971530204625366e-02
2.0323038257513814e-02
2.0440674270138303e-02
2.3704864695121126e-02
2.7781267191794252e-02
3.0992729003599576e-02
3.4007847302951172e-02
3.7260087535809255e-02
4.0352697692895671e-02
4.2828694768136971e-02
4.4394774800115944e-02
4.4833335558075220e-02
4.3996986799300336e-02
4.1818713790180373e-02
3.8280579640947429e-02
3.3412697944458419e-02
2.7397268332301807e-02
2.0721168560068434e-02
1.4200528550812009e-02
8.7929659009830605e-03
5.3196200685428040e-03
4.2625861402457166e-03
5.6894575816661616e-03
9.2885732954858195e-03
1.4492016892575477e-02
2.0642069332986783e-02
2.7142596232867099e-02
3.3565682890754421e-02
3.9677454370483471e-02
4.5414488139695529e-02
5.0846767370798351e-02
5.6145292421580520e-02
6.1478537110609438e-02
6.7086108216912813e-02
7.3097466055170868e-02
7.9590581647796463e-02
8.6517089652317594e-02
9.3640651524684343e-02
1.0047829713431884e-01
1.0629991561649074e-01
1.1021765313453603e-01
1.1134332645119710e-01
1.0896296025094399e-01
1.0267643441003042e-01
9.2476276946963643e-02
7.8620335934378560e-02
6.0942751756177353e-02
3.8750981765498030e-02
1.1042069020901924e-02
-2.2397910800063266e-02
-4.8557480339938480e-02
-5.0136177256498840e-02
-3.7471950005203855e-02
-2.9608070890541714e-02
-2.6265254254875206e-02
-2.1994665374334137e-02
-1.6140579353496262e-02
-1.0799143165798865e-02
-5.9762524549447447e-03
-8.7095820693121274e-04
2.5980695509900402e-03
3.3528140916351231e-03
6.1559538400847236e-03
1.3918613735031046e-02
2.0113287257326286e-02
2.0300820348892072e-02
2.0138926964674557e-02
2.2902100947447251e-02
2.6488793198150527e-02
2.9198816532629429e-02
3.1694235371089369e-02
3.4521293295977758e-02
3.7344989104931087e-02
3.9720399852497111e-02
4.1359964095847621e-02
4.2025886922326776e-02
4.1528066406703770e-02
3.9760202726230133e-02
3.6690895370809828e-02
3.2380310764595938e-02
2.7085976011185724e-02
2.1370830821406110e-02
1.6056985721283553e-02
1.2000904350163086e-02
9.8423142807113808e-03
9.8535845493834973e-03
1.1924236424148103e-02
1.5642196429621797e-02
2.0446944517822245e-02
2.5778494395947097e-02
3.1190418106792992e-02
3.6400461029642325e-02
4.1284297642874453e-02
4.5838407964387179e-02
5.0146628526593746e-02
5.4357768558332804e-02
5.8610606773720375e-02
6.3095130220925402e-02
6.7922749760600934e-02
7.3177010958593330e-02
7.8862744860866557e-02
8.4855269908721581e-02
9.0849087635491627e-02
9.6314769652865548e-02
1.0052785620923084e-01
1.0266220112510939e-01
1.0193022008295272e-01
9.7725937916949293e-02
8.9717751160085540e-02
7.7713744526061959e-02
6.1153915019933218e-02
3.9252284643544362e-02
1.1642315036267824e-02
-1.9222093181681818e-02
-4.0079043304942705e-02
-3.9917560813524565e-02
-2.9483229641804623e-02
-2.3021371698718009e-02
-1.9963808148439368e-02
-1.5902697037052035e-02
-1.0623043966997854e-02
-6.0422444659956887e-03
-2.0167701402157910e-03
2.2940456625384397e-03
5.2033011208867828e-03
5.7064071863792880e-03
8.0119846956600762e-03
1.4768767093888916e-02
2.0406480891818485e-02
2.0440964596743397e-02
2.0087045259919421e-02
2.2444969175647669e-02
2.5594950597741584e-02
2.7870364863279189e-02
2.9924991225935990e-02
3.2361755077649823e-02
3.4890852978441383e-02
3.7102382882826732e-02
3.8738412621848822e-02
3.9557912902420507e-02
3.9340149812653630e-02
3.7946454571671707e-02
3.5333150646706141e-02
3.1585628899923057e-02
2.7017921196802182e-02
2.2232928740070209e-02
1.8017962689931666e-02
1.5108999576221816e-02
1.3975494722835687e-02
1.4721988833152354e-02
1.7120566197434267e-02
2.0727447428779133e-02
2.5033866265997903e-02
2.9588324984234277e-02
3.4068830530466047e-02
3.8297502895162913e-02
4.2218387395033384e-02
4.5858793409785166e-02
4.9303056916462057e-02
5.2678059237030173e-02
5.6097859299774205e-02
5.9713634339124667e-02
6.3619377729544485e-02
6.7894326972333149e-02
7.2568197137716270e-02
7.7582958939328858e-02
8.2747545623367599e-02
8.7688599373265494e-02
9.1836976140577592e-02
9.4469140188089218e-02
9.4801313463411530e-02
9.2112717149894566e-02
8.5828534533600148e-02
7.5395154988207966e-02
6.0029778165990928e-02
3.9004898789827040e-02
1.2677806404564793e-02
-1.4622846914396210e-02
-3.1191011575357246e-02
-3.0440996467767389e-02
-2.2092547411609161e-02
-1.6849828175923919e-02
-1.4092756184571790e-02
-1.0345305479326166e-02
-5.6605950811540826e-03
-1.7317299120704034e-03
1.6216464773959943e-03
5.1917382733172486e-03
7.5511380746049236e-03
7.8430785024760762e-03
9.7804258263900594e-03
1.5703916141548882e-02
2.0822211552446752e-02
2.0716535064693797e-02
2.0232106357590644e-02
2.2254878159800078e-02
2.5013685539348973e-02
2.6916985851263113e-02
2.8604390363741468e-02
3.0691671529733771e-02
3.2923526566985668e-02
3.4937781244008259e-02
3.6516994089309127e-02
3.7428622751282767e-02
3.7434940886865942e-02
3.6374614398739367e-02
3.4194516992445544e-02
3.0999032106366699e-02
2.7138050706302808e-02
2.3222055774584010e-02
1.9976495060981665e-02
1.8011900996512707e-02
1.7648533927153046e-02
1.8866906447772877e-02
2.1374261494633850e-02
2.4739061356226295e-02
2.8524091348047027e-02
3.2378882847597233e-02
3.6077993825165085e-02
3.9515881954455920e-02
4.2677739235098287e-02
4.5605293574922372e-02
4.8377471313255302e-02
5.1101153058494969e-02
5.3870224482198137e-02
5.6805396988016517e-02
5.9985257705639616e-02
6.3480573878901062e-02
6.7330852146302786e-02
7.1516139918566937e-02
7.5918732312448042e-02
8.0278694671675033e-02
8.4157291562095296e-02
8.6943046307933050e-02
8.7900661632149213e-02
8.6262741747067787e-02
8.1294515356673966e-02
7.2197799627885570e-02
5.8092200012956022e-02
3.8428463255270835e-02
1.4206510889392942e-02
-9.3670811614272580e-03
-2.2630389466185032e-02
-2.1875569210739618e-02
-1.5362399718071389e-02
-1.1142568650416072e-02
-8.6905337455527656e-03
-5.3340254414156454e-03
-1.2497413459655582e-03
2.1345022661340097e-03
4.9607548556743512e-03
7.8784056133845808e-03
9.7004789043898393e-03
9.7897621747391108e-03
1.1452580932489284e-02
1.6692470813613809e-02
2.1333459127201467e-02
2.1102460066795500e-02
2.0528321931882240e-02
2.2268421904032186e-02
2.4678967936748293e-02
2.6267207333398258e-02
2.7650372968736847e-02
2.9428541967157197e-02
3.1375760834565329e-02
3.3181291177343801e-02
3.4669599620249951e-02
3.5624378520780091e-02
3.5804187722231567e-02
3.5035146615617470e-02
3.3257881642927770e-02
3.0588976193175164e-02
2.7394624470824268e-02
2.4267004744683775e-02
2.1853864231567280e-02
2.0645730092186457e-02
2.0839788660065674e-02
2.2331468037506581e-02
2.4804039311403441e-02
2.7862890192289928e-02
3.1146443440438171e-02
3.4390101023928983e-02
3.7440932272381038e-02
4.0241893930082644e-02
4.2802081458195591e-02
4.5168527064873933e-02
4.7412358960503442e-02
4.9623115421077904e-02
5.1878264188479052e-02
5.4274552131546812e-02
5.6877299178260357e-02
5.9747734790432487e-02
6.2927182199477322e-02
6.6416213585490103e-02
7.0144152920498762e-02
7.3928922951660925e-02
7.7435613640456882e-02
8.0157228129374355e-02
8.1428895856119538e-02
8.0484306666203057e-02
7.6503456795491948e-02
6.8555346106382156e-02
5.5754100815074731e-02
3.7773725798967886e-02
1.6083742592636618e-02
-4.0058599961242522e-03
-1.4772110821274194e-02
-1.4280422971041264e-02
-9.3126479503121209e-03
-5.9354255037124609e-03
-3.7766165976206930e-03
-8.4655425402043317e-04
2.6468086222387619e-03
5.5686120666532920e-03
8.0016449626230286e-03
1.0380080777825922e-02
1.1695416801193915e-02
1.1572980115513547e-02
1.3020686705033724e-02
1.7704157489290894e-02
2.1914877373635171e-02
2.1574930779729825e-02
2.0936641265419199e-02
2.2434950826384845e-02
2.4538917242845071e-02
2.5862609160383122e-02
2.6993125201476491e-02
2.8499915351764736e-02
3.0184258052130746e-02
3.1784027774099680e-02
3.3161710008536502e-02
3.4122522919069559e-02
3.4432286872456287e-02
3.3913397289321925e-02
3.2503293984940708e-02
3.0324428210822943e-02
2.7742413750528362e-02
2.5312315169612340e-02
2.3597486619520901e-02
2.2979957508514077e-02
2.3560768709014558e-02
2.5182533394605938e-02
2.7532369317184845e-02
3.0264400340685598e-02
3.3087933820847876e-02
3.5807641050750440e-02
3.8323734184188669e-02
4.0610905728483339e-02
4.2691448080557193e-02
4.4612758020009392e-02
4.6437518354375158e-02
4.8240611135188065e-02
5.0086137424299688e-02
5.2051898926603460e-02
5.4192025570708159e-02
5.6558528657402060e-02
5.9190428926409328e-02
6.2098456256337690e-02
6.5241145993208113e-02
6.8489727020877134e-02
7.1588173008064512e-02
7.4119433370101934e-02
7.5495849036280926e-02
7.4984493020795337e-02
7.1740412208926449e-02
6.4789829944757585e-02
5.3302745472610595e-02
3.7161470904439921e-02
1.8105057352212236e-02
1.1072776931878041e-03
-7.7720298134615617e-03
-7.6335278853937117e-03
-3.9277340622354603e-03
-1.2410839001525170e-03
6.4359823499598979e-04
3.1520509643751856e-03
6.0833945752142467e-03
8.5982165069343509e-03
1.0741872226906576e-02
1.2702167567482419e-02
1.3564464238198418e-02
1.3218258681067054e-02
1.4481386599139525e-02
1.8712507966368655e-02
2.2542831856411524e-02
2.2111868721633315e-02
2.1424793026793634e-02
2.2714392680181893e-02
2.4551754315601110e-02
2.5654409871655282e-02
2.6573891132954129e-02
2.7843969430885272e-02
2.9291663250706208e-02
3.0696986303280899e-02
3.1954812052510363e-02
3.2895014867141761e-02
3.3298516280386353e-02
3.2990953419343036e-02
3.1909301205561458e-02
3.0176382838365889e-02
2.8143980709010988e-02
2.6317869173528560e-02
2.5176839564706201e-02
2.5008876319786207e-02
2.5843589033635424e-02
2.7496365316298732e-02
2.9674892589694211e-02
3.2085149183756302e-02
3.4498643642801682e-02
3.6774384683022340e-02
3.8850583683174331e-02
4.0722330132330925e-02
4.2418467393929876e-02
4.3984148848540711e-02
4.5473998332098226e-02
4.6950572922687832e-02
4.8467058386179131e-02
5.0086248199544797e-02
5.1852939868604481e-02
5.3810691700320025e-02
5.5994461268568788e-02
5.8419196963314358e-02
6.1060950424797311e-02
6.3827322907775083e-02
6.6520488784784337e-02
6.8798011169761378e-02
7.0147595263084728e-02
6.9889315187799839e-02
6.7197631604423935e-02
6.1119719047102075e-02
5.0915478136709880e-02
3.6634024174484130e-02
2.0110183915604728e-02
5.7746782666635169e-03
-1.6605666927165398e-03
-1.8678443801535790e-03
8.3068757280200481e-04
2.9505826320216392e-03
4.5807380653058276e-03
6.6993512552571011e-03
9.1169482687356480e-03
1.1263102822908936e-02
1.3186217127881495e-02
1.4840314096503153e-02
1.5322155759122463e-02
1.4747912233373437e-02
1.5836549182166620e-02
1.9696248209569590e-02
2.3196101140787986e-02
2.2693120540002876e-02
2.1966633425172313e-02
2.3075159992301083e-02
2.4683082831079915e-02
2.5601428563159220e-02
2.6343681870083700e-02
2.7408683105962728e-02
2.8647119664919111e-02
2.9873541812157529e-02
3.1009685898448922e-02
3.1911340630038400e-02
3.2379184244825630e-02
3.2247216302819022e-02
3.1454235521562464e-02
3.0119022059046981e-02
2.8569904212466087e-02
2.7256809817130422e-02
2.6578300378646599e-02
2.6743506451934556e-02
2.7731728766654293e-02
2.9349862334337486e-02
3.1334966910431347e-02
3.3443079489354988e-02
3.5497825138970533e-02
3.7400058301109283e-02
3.9114707573821628e-02
4.0649605087524882e-02
4.2036172465399528e-02
4.3316064758435038e-02
4.4536542066140897e-02
4.5749897882482599e-02
4.7000360483458535e-02
4.8338781451298968e-02
4.9802193558089562e-02
5.1426748192370753e-02
5.3242767361686996e-02
5.5266023384731432e-02
5.7482752057814016e-02
5.9825189236212550e-02
6.2138167237998955e-02
6.4139697994832170e-02
6.5386803828397316e-02
6.5262509170710636e-02
6.2990003545053574e-02
5.7679501945677392e-02
4.8692149093324845e-02
3.6196023374354992e-02
2.1993570602547172e-02
9.9099493598406949e-03
3.6010204593979714e-03
3.1013239059921377e-03
5.0112106452354279e-03
6.6660003498258515e-03
8.0602365530282657e-03
9.8331121698760644e-03
1.1798589279390119e-02
1.3607766361021076e-02
1.5349795850734496e-02
1.6789455628757482e-02
1.6972769384240596e-02
1.6179272569627579e-02
1.7092196869121185e-02
2.0639995388455248e-02
2.3856364632060277e-02
2.3300839752828019e-02
2.2541470267742218e-02
2.3492411665125858e-02
2.4904237291574025e-02
2.5668979429772643e-02
2.6262006656617220e-02
2.7150504940811213e-02
2.8206140789874309e-02
2.9270903970927131e-02
3.0288620557336953e-02
3.1140546941495508e-02
3.1649290839391699e-02
3.1660751036303524e-02
3.1117249611483259e-02
3.0130188071978932e-02
2.8998194439036017e-02
2.8113205020563345e-02
2.7800529584043807e-02
2.8205161702649993e-02
2.9273104915152035e-02
3.0815448148885621e-02
3.2602222858536020e-02
3.4434851888015434e-02
3.6179597423921794e-02
3.7768956461968720e-02
3.9186410083275641e-02
4.0447401865693233e-02
4.1583574045510156e-02
4.2632633443906623e-02
4.3635282300380482e-02
4.4635300393113309e-02
4.5669521529207169e-02
4.6779272033123653e-02
4.7995134142489779e-02
4.9346919065207946e-02
5.0860342483284610e-02
5.2550203215066774e-02
5.4408419910879115e-02
5.6383822666060492e-02
5.8352699262931323e-02
6.0081372610319296e-02
6.1188559932778150e-02
6.1123501009889544e-02
5.9175214793985680e-02
5.4540407137198356e-02
4.6679335661315373e-02
3.5834987088243675e-02
2.3695389800804802e-02
1.3498325963707912e-02
8.0873007200161582e-03
7.3637683470535228e-03
8.6662614245329676e-03
9.9406514454685405e-03
1.1117773212108889e-02
1.2591341411276416e-02
1.4171344511818479e-02
1.5674964733951292e-02
1.7255717043249637e-02
1.8548786029627558e-02
1.8514855777875826e-02
1.7524149272725317e-02
1.8256769296721199e-02
2.1534011473324875e-02
2.4508625248978150e-02
2.3919692321074170e-02
2.3133128028649513e-02
2.3946577927439056e-02
2.5191330429825978e-02
2.5828106926281048e-02
2.6295548698255376e-02
2.7033075531900146e-02
2.7930354313975871e-02
2.8850902175451432e-02
2.9756665899441585e-02
3.0552679918903682e-02
3.1083919420874760e-02
3.1210364761894871e-02
3.0878955529257741e-02
3.0191412779396559e-02
2.9413299220975898e-02
2.8879571932135261e-02
2.8850599242945817e-02
2.9420690094672602e-02
3.0515575636457019e-02
3.1958428469303780e-02
3.3552521845905459e-02
3.5138855670297037e-02
3.6617932975720704e-02
3.7945881635934292e-02
3.9118861962976106e-02
4.0156532901764089e-02
4.1089414721496666e-02
4.1951218126612309e-02
4.2776930555188004e-02
4.3603252682557485e-02
4.4460904686836389e-02
4.5383576948309405e-02
4.6396513160572493e-02
4.7524163557642773e-02
4.8787980564602360e-02
5.0200960238438598e-02
5.1757991518629434e-02
5.3419100444666141e-02
5.5083891518126864e-02
5.6557323230433443e-02
5.7512015972497769e-02
5.7462268966177066e-02
5.5770909910067210e-02
5.1729674130481136e-02
4.4889961854047394e-02
3.5533713871266498e-02
2.5190621589392233e-02
1.6567405789736641e-02
1.1887713257566986e-02
1.1007722641777849e-02
1.1848970731545656e-02
1.2814033072547840e-02
1.3794053027351797e-02
1.5012089456302889e-02
1.6271248342874519e-02
1.7502463770932026e-02
1.8931236120079076e-02
2.0123196969499289e-02
1.9945111798074545e-02
1.8789482980861420e-02
1.9339374475219565e-02
2.2373359163643112e-02
2.5141302164213748e-02
2.4536873455612125e-02
2.3729037528022998e-02
2.4422284727159873e-02
2.5524656417421694e-02
2.6054898807883461e-02
2.6417007116896353e-02
2.7026099866380618e-02
2.7786997380575214e-02
2.8580134149552988e-02
2.9382251769626670e-02
3.0119734785518937e-02
3.0659247022001672e-02
3.0875906178289857e-02
3.0721833966796296e-02
3.0287697780229512e-02
2.9804905723943034e-02
2.9554617828421479e-02
2.9740923851187245e-02
3.0419020353183102e-02
3.1504185797653690e-02
3.2835966957964605e-02
3.4249091790182054e-02
3.5618181400718020e-02
3.6870862551275585e-02
3.7980714435856287e-02
3.8952380612476391e-02
3.9807521964665235e-02
4.0574813983740521e-02
4.1284161846475730e-02
4.1965611889957781e-02
4.2649958816021460e-02
4.3362894289616760e-02
4.4131935822173736e-02
4.4977914579998467e-02
4.5920807667157726e-02
4.6978277303176066e-02
4.8161212392810092e-02
4.9465877463102922e-02
5.0859966239151698e-02
5.2260592841183548e-02
5.3503698222038196e-02
5.4308456678527552e-02
5.4250533452264091e-02
5.2767862474716841e-02
4.9246233801466907e-02
4.3317784720728052e-02
3.5276788932478063e-02
2.6477491016933558e-02
1.9165945986909315e-02
1.5093479215674549e-02
1.4115816233307618e-02
1.4611328992313840e-02
1.5326562707343883e-02
1.6130685191159615e-02
1.7132470019604273e-02
1.8129169566975148e-02
1.9122203516996717e-02
2.0404305052359472e-02
2.1522692521887384e-02
2.1261147666108086e-02
1.9978682208956267e-02
2.0348413959457839e-02
2.3156685078842554e-02
2.5746063383136248e-02
2.5142097460861264e-02
2.4319518339298078e-02
2.4907506838960581e-02
2.5888143809798009e-02
2.6329831934186275e-02
2.6604064680832287e-02
2.7104418354512660e-02
2.7748366355489534e-02
2.8429798088197213e-02
2.9137408409145499e-02
2.9816210337740030e-02
3.0353187756181736e-02
3.0638775400247113e-02
3.0630429472735643e-02
3.0407152472067031e-02
3.0166802902347238e-02
3.0141235519475926e-02
3.0486703859661322e-02
3.1228967088845941e-02
3.2279855669626281e-02
3.3497115540314634e-02
3.4744057899524984e-02
3.5923340052940352e-02
3.6983824434191709e-02
3.7911831817442655e-02
3.8717532688235613e-02
3.9423166939241555e-02
4.0055199762750487e-02
4.0640055474266544e-02
4.1203501702417579e-02
4.1771431628063252e-02
4.2365363750328684e-02
4.3007828754466924e-02
4.3716006644922152e-02
4.4506175367255374e-02
4.5392693629995533e-02
4.6384375408272095e-02
4.7477975713160508e-02
4.8646500525901068e-02
4.9820447815724256e-02
5.0860842305800534e-02
5.1526813202425137e-02
5.1450127821877675e-02
5.0140876773799123e-02
4.7072694850231064e-02
4.1946927675627264e-02
3.5052306081231929e-02
2.7568174585070087e-02
2.1350767856423279e-02
1.7790584083030497e-02
1.6763099966517297e-02
1.7002742210700944e-02
1.7517642525565140e-02
1.8167571115958205e-02
1.8987614764014376e-02
1.9772185987405985e-02
2.0560808864486975e-02
2.1701287442540771e-02
2.2760766752039707e-02
2.2462706364502472e-02
2.1093067089420169e-02
2.1291049747188547e-02
2.3885140684451901e-02
2.6317430907543404e-02
2.5727428828670237e-02
2.4897171243802380e-02
2.5392901887537213e-02
2.6268889513597769e-02
2.6637132932442135e-02
2.6838567443464068e-02
2.7247244042030751e-02
2.7791244797007609e-02
2.8375350849291350e-02
2.8997758938626682e-02
2.9619385660240940e-02
3.0145771663584245e-02
3.0482215047037672e-02
3.0591367543361170e-02
3.0540561303001052e-02
3.0495873311547073e-02
3.0645021772159151e-02
3.1104276139652644e-02
3.1877822071017275e-02
3.2878779068809427e-02
3.3983342305552014e-02
3.5080041368215152e-02
3.6094594282523366e-02
3.6992332038205143e-02
3.7768767264233984e-02
3.8437484355397414e-02
3.9020413841445611e-02
3.9541713580699633e-02
4.0024642189438013e-02
4.0491304169373264e-02
4.0963507389266907e-02
4.1459308863718763e-02
4.1997196725871953e-02
4.2591328602545706e-02
4.3254934192613052e-02
4.3999570684919422e-02
4.4832129807856821e-02
4.5749383262639678e-02
4.6728173434396926e-02
4.7709401980249561e-02
4.8574565957682440e-02
4.9116974060689510e-02
4.9018655687915511e-02
4.7856339699960650e-02
4.5182768193465894e-02
4.0757182337582555e-02
3.4851910733378177e-02
2.8482060685393149e-02
2.3179057218584345e-02
2.0056332119013517e-02
1.9016079057586482e-02
1.9069120439386442e-02
1.9424625902447482e-02
1.9941644641046499e-02
2.0609875783938941e-02
2.1224479811451476e-02
2.1840562479918679e-02
2.2845806416793662e-02
2.3852732687170929e-02
2.3552094084361146e-02
2.2133127506390526e-02
2.2172947490486133e-02
2.4561308346358186e-02
2.6852295242213199e-02
2.6287050902300206e-02
2.5456444948880923e-02
2.5871323079269752e-02
2.6656724785578057e-02
2.6964197258951144e-02
2.7105826945800601e-02
2.7437510714049811e-02
2.7896343747105187e-02
2.8396083127961338e-02
2.8942331699122182e-02
2.9509341943954003e-02
3.0019277899621728e-02
3.0391411096356371e-02
3.0593264992365660e-02
3.0680939183099078e-02
3.0791227629967236e-02
3.1073101549840675e-02
3.1609933674997481e-02
3.2390540622238839e-02
3.3332366716422514e-02
3.4329305999017998e-02
3.5291676848300021e-02
3.6163952436798277e-02
3.6924111667784865e-02
3.7574189836215348e-02
3.8129719224272808e-02
3.8611775890084334e-02
3.9042245413519749e-02
3.9441534424790987e-02
3.9828633415857712e-02
4.0221938638969633e-02
4.0636622534766853e-02
4.1087890398450760e-02
4.1587411260898370e-02
4.2145893232800991e-02
4.2772555958754371e-02
4.3472608246116838e-02
4.4242628535001501e-02
4.5062305383676428e-02
4.5880813493646332e-02
4.6596532524137778e-02
4.7031927162668033e-02
4.6913370893089015e-02
4.5877499388573481e-02
4.3546555065843165e-02
3.9727373860956441e-02
3.4670020511553060e-02
2.9241284895373580e-02
2.4704506810452692e-02
2.1958695708586589e-02
2.0932958881126930e-02
2.0852498823439737e-02
2.1082254267051487e-02
2.1486371911763846e-02
2.2028438685576114e-02
2.2507738406196007e-02
2.2980337337887579e-02
2.3858437141081171e-02
2.4814349582944768e-02
2.4533851188019439e-02
2.3099342069029707e-02
2.2998466302258786e-02
2.5188502448567865e-02
2.7349409825073848e-02
2.6816980429802361e-02
2.5993263040021874e-02
2.6337386001246861e-02
2.7043776491198358e-02
2.7301081314175031e-02
2.7394049261282926e-02
2.7661319376561126e-02
2.8047763612059615e-02
2.8474676068625533e-02
2.8953296061769763e-02
2.9468880470678100e-02
2.9958246246471712e-02
3.0353482360706358e-02
3.0626573105880125e-02
3.0823117827132970e-02
3.1053529143700374e-02
3.1433318833788630e-02
3.2019187644304212e-02
3.2789387168089122e-02
3.3667471537943271e-02
3.4563713159572289e-02
3.5406954460083684e-02
3.6156764270102344e-02
3.6800741737497353e-02
3.7345456767371311e-02
3.7807370153490963e-02
3.8206385527993943e-02
3.8562214069123565e-02
3.8892748749365089e-02
3.9214313015429353e-02
3.9542452869592251e-02
3.9889941179648614e-02
4.0269301849559888e-02
4.0690152597702513e-02
4.1161142554808287e-02
4.1689549548119383e-02
4.2279144872915064e-02
4.2926262585323297e-02
4.3612804651076406e-02
4.4294630326801310e-02
4.4884171955650039e-02
4.5228786586193843e-02
4.5093509776639042e-02
4.4167770919188484e-02
4.2133806165490839e-02
3.8837133369741476e-02
3.4503125477669441e-02
2.9868017565542325e-02
2.5975106261658682e-02
2.3556109940363897e-02
2.2564077477662800e-02
2.2390559290276515e-02
2.2522123420006250e-02
2.2831604315952270e-02
2.3269281605794851e-02
2.3641404946465366e-02
2.3996305273465954e-02
2.4756798268420904e-02
2.5660854446560386e-02
2.5414201381247472e-02
2.3992704037516389e-02
2.3770927185308266e-02
2.5770241624174288e-02
2.7808898065531083e-02
2.7314763725186150e-02
2.6504750499268738e-02
2.6787135311400433e-02
2.7424080172172217e-02
2.7640051054229089e-02
2.7693853960102793e-02
2.7907444038181357e-02
2.8232496982799369e-02
2.8596763322537549e-02
2.9015638932046707e-02
2.9483316362365210e-02
2.9949361242211175e-02
3.0357388730887155e-02
3.0683384880147373e-02
3.0963377537494834e-02
3.1284456717151056e-02
3.1733650993132266e-02
3.2346331462714581e-02
3.3093866446215987e-02
3.3906812155741581e-02
3.4710191165462242e-02
3.5448400454855963e-02
3.6093051765211298e-02
3.6638975796237955e-02
3.7095797564768593e-02
3.7480207816452608e-02
3.7810779741908267e-02
3.8105182951604623e-02
3.8379105247679873e-02
3.8646594452882481e-02
3.8920815250727984e-02
3.9212530712053432e-02
3.9532079456249786e-02
3.9887385117208164e-02
4.0285410685792104e-02
4.0731841678901946e-02
4.1229258808422070e-02
4.1773776519065192e-02
4.2349083831620504e-02
4.2916553853415404e-02
4.3400407267697082e-02
4.3669234142012438e-02
4.3521508094601993e-02
4.2692552772357450e-02
4.0915730750465923e-02
3.8067731066616012e-02
3.4349035358855175e-02
3.0382978278913380e-02
2.7032740199237619e-02
2.4898375985672655e-02
2.3952786053019173e-02
2.3716757608156842e-02
2.3772576750753331e-02
2.4003680971403121e-02
2.4355305845140240e-02
2.4642873412239787e-02
2.4902471401281046e-02
2.5555856230269160e-02
2.6406428285957489e-02
2.6200495300872203e-02
2.4814931845358136e-02
2.4492921259564177e-02
2.6309948445623062e-02
2.8231839013053504e-02
2.7779201389381607e-02
2.6989030661148983e-02
2.7217770392745658e-02
2.7793230777536079e-02
2.7975188493248225e-02
2.7997864741569699e-02
2.8166900481273065e-02
2.8439998001740078e-02
2.8750537848437445e-02
2.9116844601224837e-02
2.9540256049479009e-02
2.9981295495443181e-02
3.0393782687653300e-02
3.0757231909510796e-02
3.1099130822837679e-02
3.1486288404470993e-02
3.1981800662504889e-02
3.2604234759592995e-02
3.3320819241215167e-02
3.4069409913265243e-02
3.4788050429423983e-02
3.5434053573182855e-02
3.5988557145227140e-02
3.6451752942529426e-02
3.6835222905393553e-02
3.7155416026723564e-02
3.7429510069584553e-02
3.7673305940361786e-02
3.7900552764473398e-02
3.8123357420585875e-02
3.8352886955078103e-02
3.8598227724089225e-02
3.8867928327297678e-02
3.9168515032653312e-02
3.9505575414033316e-02
3.9883501162166130e-02
4.0303908663460140e-02
4.0762739302896533e-02
4.1245183688965528e-02
4.1717249032642192e-02
4.2113121483277324e-02
4.2319498552324801e-02
4.2163602316070213e-02
4.1420245850528593e-02
3.9865978557917951e-02
3.7402454504283977e-02
3.4206390726036234e-02
3.0804660716936331e-02
2.7913197529852340e-02
2.6027501064541478e-02
2.5136125265222655e-02
2.4860469889640125e-02
2.4858740370706480e-02
2.5025683031042009e-02
2.5306580930298556e-02
2.5527644833966343e-02
2.5711062995799807e-02
2.6268289001209331e-02
2.7063896231229491e-02
2.6900627439349279e-02
2.5568450961340354e-02
2.5166606296204184e-02
2.6810805726553272e-02
2.8619936290880606e-02
2.8210077047556823e-02
2.7445030559579992e-02
2.7627414549767373e-02
2.8148084727775743e-02
2.8302061437633516e-02
2.8300372733304102e-02
2.8432590054999894e-02
2.8661797869405412e-02
2.8926376851510584e-02
2.9246577159746840e-02
2.9629345021995372e-02
3.0044521499183487e-02
3.0454835200924152e-02
3.0842875826182527e-02
3.1228656153478168e-02
3.1661603600887434e-02
3.2184984252464903e-02
3.2804282703202133e-02
3.3484632343897883e-02
3.4171085435000005e-02
3.4812998454439734e-02
3.5378308980642696e-02
3.5855612151383574e-02
3.6249010555017329e-02
3.6571233511096576e-02
3.6838182380123222e-02
3.7065628321641314e-02
3.7267683475071124e-02
3.7456402217159429e-02
3.7642232810946391e-02
3.7834664061494529e-02
3.8041379001421696e-02
3.8269459123165213e-02
3.8524278589932515e-02
3.8810307528699725e-02
3.9130889354751473e-02
3.9486870905945368e-02
3.9874093582806337e-02
4.0279054227206464e-02
4.0671699264191466e-02
4.0994688578191232e-02
4.1150168894529209e-02
4.0989985274740834e-02
4.0322666563100004e-02
3.8961022501759396e-02
3.6826632510649528e-02
3.4074284829440110e-02
3.1149119786903084e-02
2.8646662220982066e-02
2.6978694678246783e-02
2.6145606415493971e-02
2.5847326421779369e-02
2.5802702961778161e-02
2.5917703733471433e-02
2.6140631322654442e-02
2.6309515723996799e-02
2.6432820871320532e-02
2.6904831799428701e-02
2.7644655087249056e-02
2.7522672998100066e-02
2.6256347053559850e-02
2.5793891249558980e-02
2.7275668214982906e-02
2.8975257707936720e-02
2.8607918777464044e-02
2.7872332983412004e-02
2.8014922796459923e-02
2.8486494825410977e-02
2.8617444239630425e-02
2.8597033547493558e-02
2.8698966221389347e-02
2.8891165483320068e-02
2.9116508951583218e-02
2.9396375012388801e-02
2.9742012082368204e-02
3.0131102342724266e-02
3.0534061477505921e-02
3.0936132903878810e-02
3.1350904681148657e-02
3.1813099210531201e-02
3.2349773509889886e-02
3.2956389807305482e-02
3.3597472754219530e-02
3.4224902174596838e-02
3.4797738909399273e-02
3.5292590014035174e-02
3.5703825660481081e-02
3.6038327258989040e-02
3.6309384563606807e-02
3.6532152356485270e-02
3.6721040604840056e-02
3.6888638102899295e-02
3.7045522048805665e-02
3.7200718813959525e-02
3.7362311084915882e-02
3.7536801455962131e-02
3.7730069568557775e-02
3.7946538463300476e-02
3.8189771054948904e-02
3.8462269239998202e-02
3.8764275966411348e-02
3.9091606883490615e-02
3.9431916450230690e-02
3.9758542286887320e-02
4.0021383393152005e-02
4.0135790659888343e-02
3.9974631074182393e-02
3.9375077015853674e-02
3.8180235248591959e-02
3.6327560083022375e-02
3.3952083999641024e-02
3.1430053533999025e-02
2.9258415264602829e-02
2.7781384187258052e-02
2.7007959486095787e-02
2.6699541580923716e-02
2.6623736059100653e-02
2.6697169387813049e-02
2.6872702324928999e-02
2.7000715508601437e-02
2.7077229223402915e-02
2.7474598197478276e-02
2.8158664864322155e-02
2.8074506067700244e-02
2.6882193279067032e-02
2.6376619380147303e-02
2.7707094221461986e-02
2.9300046843677090e-02
2.8973798179175125e-02
2.8271042147945777e-02
2.8379735536063704e-02
2.8807113933421651e-02
2.8919082519648146e-02
2.8884620400507762e-02
2.8961775094580526e-02
2.9122817956080096e-02
2.9314727044442466e-02
2.9559380852412723e-02
2.9871230095569214e-02
3.0234488718542521e-02
3.0626136911589635e-02
3.1033693253638975e-02
3.1465304688923425e-02
3.1943446968223155e-02
3.2482056797866664e-02
3.3069104424687322e-02
3.3669548306589060e-02
3.4241580638154322e-02
3.4752499275934989e-02
3.5185918628142646e-02
3.5540628893323732e-02
3.5825417220398274e-02
3.6053708606776293e-02
3.6239790456947335e-02
3.6396786572638826e-02
3.6535918470106142e-02
3.6666472946253532e-02
3.6796261243021031e-02
3.6932181195881937e-02
3.7079746413418942e-02
3.7243845763626368e-02
3.7428119456024700e-02
3.7635394756100768e-02
3.7867501863352193e-02
3.8124222714286171e-02
3.8401407887819011e-02
3.8687755878794063e-02
3.8959550514753867e-02
3.9172911560917657e-02
3.9254479572486393e-02
3.9095027331780337e-02
3.8555986705312510e-02
3.7505723204569269e-02
3.5894313716125420e-02
3.3839254598774404e-02
3.1658934098708583e-02
2.9769443893987384e-02
2.8460066181151190e-02
2.7745788002628571e-02
2.7436273853593599e-02
2.7338574668796824e-02
2.7379149836149783e-02
2.7516035794160457e-02
2.7612073981622506e-02
2.7652693943438122e-02
2.7985365069071039e-02
2.8614577596249888e-02
2.8563641291921290e-02
2.7449914769569168e-02
2.6916626695312102e-02
2.8107348601438615e-02
2.9596589425315522e-02
2.9309166005649940e-02
2.8641673932315929e-02
2.8721743289318698e-02
2.9109205054793658e-02
2.9205487976871242e-02
2.9160811059833223e-02
2.9217813174897019e-02
2.9352666165889902e-02
2.9516131397192849e-02
2.9730094108972299e-02
3.0011297116100462e-02
3.0349334131132465e-02
3.0726738590279686e-02
3.1132975774221781e-02
3.1571657292935373e-02
3.2055178175794133e-02
3.2587025256321248e-02
3.3149722032416333e-02
3.3709364175920853e-02
3.4229868372501339e-02
3.4685464540516325e-02
3.5065378041514654e-02
3.5371725836929303e-02
3.5614534082414655e-02
3.5807058943705276e-02
3.5962661523679808e-02
3.6093263355824384e-02
3.6208865263194660e-02
3.6317625852208935e-02
3.6426317849088972e-02
3.6540837489645143e-02
3.6665869780404335e-02
3.6805485930170273e-02
3.6962680817096576e-02
3.7139687884262834e-02
3.7337804214968413e-02
3.7556467878226439e-02
3.7791615166339311e-02
3.8032899610617288e-02
3.8259179574298335e-02
3.8431939381516303e-02
3.8487479060748619e-02
3.8331822941215121e-02
3.7846905980260144e-02
3.6922101230534771e-02
3.5517529986805206e-02
3.3735303892134236e-02
3.1845301156678149e-02
3.0197125652968868e-02
2.9035105030045662e-02
2.8378174197912030e-02
2.8073992065558079e-02
2.7961692246730445e-02
2.7976642701598154e-02
2.8082099479663700e-02
2.8153146195436223e-02
2.8166678451766677e-02
2.8443797445698291e-02
2.9019837028313431e-02
2.8997053697097312e-02
2.7963617116939555e-02
2.7415818047548047e-02
2.8478461530532382e-02
2.9867124825456386e-02
2.9615713696618209e-02
2.8985057097213544e-02
2.9041189783369666e-02
2.9392507921816583e-02
2.9475782673129142e-02
2.9424014536515504e-02
2.9464735741021094e-02
2.9577608247690387e-02
2.9716908964975801e-02
2.9904153304676367e-02
3.0157631271234844e-02
3.0471319609470412e-02
3.0832399963047281e-02
3.1231997133099473e-02
3.1670004492249264e-02
3.2150640344861627e-02
3.2669209080302554e-02
3.3204418764582071e-02
3.3723959309008192e-02
3.4196863818976887e-02
3.4603146848166948e-02
3.4936483891245540e-02
3.5201443878673556e-02
3.5408784664935369e-02
3.5571379124305635e-02
3.5701645964913466e-02
3.5810393322789250e-02
3.5906533440706191e-02
3.5997241416358433e-02
3.6088398605682317e-02
3.6185056670788050e-02
3.6291201327950731e-02
3.6410230417250181e-02
3.6544607222883496e-02
3.6696085630066530e-02
3.6865542894969093e-02
3.7052167888808323e-02
3.7252023512582312e-02
3.7455641050715527e-02
3.7644144273487889e-02
3.7783654362582207e-02
3.7818756288866391e-02
3.7668458325409257e-02
3.7231994250030431e-02
3.6416215653724528e-02
3.5189233390774954e-02
3.3639748206602649e-02
3.1997008561681251e-02
3.0555805650399882e-02
2.9523427768331997e-02
2.8921202308691080e-02
2.8626793747047821e-02
2.8505567313724191e-02
2.8500847215881923e-02
2.8580826537843950e-02
2.8632353673987820e-02
2.8625830968825497e-02
2.8855645628390689e-02
2.9380832068190543e-02
2.9381133702105808e-02
2.8427464470575477e-02
2.7876164363573739e-02
2.8822264390005587e-02
3.0113791590425917e-02
2.9895270518709542e-02
2.9302250372967943e-02
2.9338583804840911e-02
2.9657121558323597e-02
2.9729562075611272e-02
2.9673220151882559e-02
2.9700892282422030e-02
2.9795345023724405e-02
2.9914140838561702e-02
3.0078148571816656e-02
3.0306598415794729e-02
3.0596994011796823e-02
3.0940368174989914e-02
3.1329258622480087e-02
3.1760563555440345e-02
3.2231976838061636e-02
3.2732522984705678e-02
3.3238384199927050e-02
3.3719122958746787e-02
3.4148292145289062e-02
3.4510694851261153e-02
3.4803495225907727e-02
3.5033022278475302e-02
3.5210379502785237e-02
3.5347911643883387e-02
3.5457108180202181e-02
3.5547752788411303e-02
3.5627788967485814e-02
3.5703533546718999e-02
3.5780102319737168e-02
3.5861832305782083e-02
3.5952120224396110e-02
3.6053806833778235e-02
3.6168918339030950e-02
3.6298822199354493e-02
3.6444068305090116e-02
3.6603671808000317e-02
3.6773853543271173e-02
3.6945952276790033e-02
3.7103094728687606e-02
3.7215422483693035e-02
3.7234635182300586e-02
3.7090795533491885e-02
3.6697737742267957e-02
3.5976856308603714e-02
3.4902620510412007e-02
3.3552103501515503e-02
3.2120509098450878e-02
3.0857302930147212e-02
2.9939096990677146e-02
2.9388415691160425e-02
2.9106730956244123e-02
2.8980942196260153e-02
2.8961407108039565e-02
2.9020809920670954e-02
2.9057104736321122e-02
2.9036077938610627e-02
2.9225905158398631e-02
2.9703029033502519e-02
2.9721647700329961e-02
2.8845578021492204e-02
2.8299708476702941e-02
2.9140431079997198e-02
3.0338593820116725e-02
3.0149718314786172e-02
2.9594474078567197e-02
2.9614631358547160e-02
2.9903410735346189e-02
2.9966782452316296e-02
2.9907874661222134e-02
2.9925185951281418e-02
3.0004226609177904e-02
3.0105642614625994e-02
3.0249457473645047e-02
3.0455354863114376e-02
3.0723634294201999e-02
3.1048488767739333e-02
3.1423653256113113e-02
3.1843666868242602e-02
3.2301115083660334e-02
3.2780319973185340e-02
3.3255951226796358e-02
3.3699587406446588e-02
3.4088740015636235e-02
3.4412145523198184e-02
3.4669664922646691e-02
3.4868839432827765e-02
3.5020831265341980e-02
3.5137364935628822e-02
3.5229031621352470e-02
3.5304676998590488e-02
3.5371382530922348e-02
3.5434716147139750e-02
3.5499135966836778e-02
3.5568372578849122e-02
3.5645326793950736e-02
3.5732377741905949e-02
3.5831191121979730e-02
3.5942824606345479e-02
3.6067574620483871e-02
3.6204342376111788e-02
3.6349530198115924e-02
3.6495222089507132e-02
3.6626315394856473e-02
3.6716451428182924e-02
3.6723447710164184e-02
3.6586790102828386e-02
3.6232640092221942e-02
3.5594498923523350e-02
3.4651902544621513e-02
3.3471875237005219e-02
3.2221066059569765e-02
3.1111341224457797e-02
3.0293778568445052e-02
2.9791225567236738e-02
2.9524096602433401e-02
2.9397049703359004e-02
2.9366623896337121e-02
2.9409478237826352e-02
2.9433902136373067e-02
2.9402702725338885e-02
2.9558941752974015e-02
2.9991103602069458e-02
3.0023744494618074e-02
2.9221946584200530e-02
2.8688544285560294e-02
2.9434514639276869e-02
3.0543387458222080e-02
3.0380933590393271e-02
2.9863051914160877e-02
2.9870179688389332e-02
3.0131933848402424e-02
3.0187673333846504e-02
3.0127782026044200e-02
3.0136960518613538e-02
3.0203128015180158e-02
3.0289828011761624e-02
3.0416106411934617e-02
3.0601711462858384e-02
3.0849124838152713e-02
3.1155102545329431e-02
3.1514390907172125e-02
3.1919720100517440e-02
3.2359767082688423e-02
3.2815449714738633e-02
3.3260713116723531e-02
3.3669198894126444e-02
3.4021859679618141e-02
3.4310635610027083e-02
3.4537439790134065e-02
3.4710595811473323e-02
3.4841113406325286e-02
3.4940043409106447e-02
3.5017120011375344e-02
3.5080334551976761e-02
3.5136002051321592e-02
3.5189036646594500e-02
3.5243329727432410e-02
3.5302096944825723e-02
3.5367820005566340e-02
3.5442495517833066e-02
3.5527492192613155e-02
3.5623619994184230e-02
3.5730981612850411e-02
3.5848411671334193e-02
3.5972507245878443e-02
3.6096040615714156e-02
3.6205480393091960e-02
3.6277520561963546e-02
3.6275247508794732e-02
3.6146190287167999e-02
3.5826928011077841e-02
3.5261054669320981e-02
3.4432147592255970e-02
3.3398565566656366e-02
3.2302968930077169e-02
3.1325928702896161e-02
3.0597168233933110e-02
3.0139239978007340e-02
2.9887669730195146e-02
2.9761822424166043e-02
2.9723647929627523e-02
2.9753258623746375e-02
2.9768448489405314e-02
2.9730416838797596e-02
2.9858595534298798e-02
3.0249062907397307e-02
3.0291986736903746e-02
2.9560367408511014e-02
2.9044787083929005e-02
2.9705967764545031e-02
3.0729876347356116e-02
3.0590742555715752e-02
3.0109365392530538e-02
3.0106172442498455e-02
3.0343384706287176e-02
3.0392665103778162e-02
3.0333019415644123e-02
3.0335904689255858e-02
3.0391338802505455e-02
3.0465591324597391e-02
3.0576648201376209e-02
3.0744018848551286e-02
3.0971851949669456e-02
3.1258956826210674e-02
3.1600933001700263e-02
3.1989169767170603e-02
3.2409442443657982e-02
3.2840321809384156e-02
3.3255633085570432e-02
3.3631061513990451e-02
3.3950532176922163e-02
3.4208573816631144e-02
3.4408626976532637e-02
3.4559462736498708e-02
3.4671785186696051e-02
3.4755949320576754e-02
3.4820879119650719e-02
3.4873789842994093e-02
3.4920316144521756e-02
3.4964799735013728e-02
3.5010643424882311e-02
3.5060625081116958e-02
3.5116871935656518e-02
3.5181062720380192e-02
3.5254321868154109e-02
3.5337261061746804e-02
3.5429837346529991e-02
3.5530855999796419e-02
3.5637115527755080e-02
3.5742022601673057e-02
3.5833444893933322e-02
3.5890741944602289e-02
3.5881547866104993e-02
3.5760268055414018e-02
3.5472298504201395e-02
3.4969660308693910e-02
3.4239159630607169e-02
3.3331685209489488e-02
3.2369707221939790e-02
3.1507661161535465e-02
3.0857329612711048e-02
3.0440549054334406e-02
3.0204933290465769e-02
3.0082070359574505e-02
3.0038636815690783e-02
3.0057708253099665e-02
3.0065737242886772e-02
3.0023418206329984e-02
3.0128260736758145e-02
3.0480346431573439e-02
3.0530388476963558e-02
2.9864408380756016e-02
2.9370551944273716e-02
2.9956165495550271e-02
3.0899616620611275e-02
3.0780894197912155e-02
3.0334815729125688e-02
3.0323612857273530e-02
3.0538546738512397e-02
3.0582330181337998e-02
3.0523869157773123e-02
3.0521973817974526e-02
3.0568477722388673e-02
3.0632213642963146e-02
3.0730064034046781e-02
3.0881068398662920e-02
3.1090614522047918e-02
3.1359131801613128e-02
3.1682938259020438e-02
3.2052477715272913e-02
3.2451458938316281e-02
3.2856959240601842e-02
3.3243138859100185e-02
3.3587664139446673e-02
3.3877012766517806e-02
3.4107784912696566e-02
3.4284525104358220e-02
3.4416197326005191e-02
3.4513091313975737e-02
3.4584863186864184e-02
3.4639678142172614e-02
3.4684047649883608e-02
3.4723002487432132e-02
3.4760383529011125e-02
3.4799171303069365e-02
3.4841770103887094e-02
3.4890007365166870e-02
3.4945296788671844e-02
3.5008562255636783e-02
3.5080257925192398e-02
3.5160233252345602e-02
3.5247291623229940e-02
3.5338435499170387e-02
3.5427655276774044e-02
3.5504064796573850e-02
3.5549358485178199e-02
3.5535104232117434e-02
3.5421593245218576e-02
3.5161697355732165e-02
3.4714489295608761e-02
3.4069358221956607e-02
3.3270753108824457e-02
3.2424113486188552e-02
3.1661972848529049e-02
3.1080977596284039e-02
3.0701971779201816e-02
3.0482266435873075e-02
3.0363642801257966e-02
3.0316901508307209e-02
3.0327638807972190e-02
3.0330137147395273e-02
3.0285444621604207e-02
3.0370951503475459e-02
3.0687921096271938e-02
3.0742470138952260e-02
3.0137384269656030e-02
2.9667923799040492e-02
3.0186414579213158e-02
3.1054023962488547e-02
3.0953037351470158e-02
3.0540793608897440e-02
3.0523534090810888e-02
3.0718256980791496e-02
3.0757337898316136e-02
3.0700763494983917e-02
3.0695326354375958e-02
3.0734418797246577e-02
3.0789280420985266e-02
3.0875677787086154e-02
3.1012008517467375e-02
3.1204546286776286e-02
3.1454976588655661e-02
3.1760221539572274e-02
3.2110108018607170e-02
3.2486962761874877e-02
3.2867052405572361e-02
3.3225207842916035e-02
3.3540985053593292e-02
3.3803043559644655e-02
3.4009623682985261e-02
3.4166035043803986e-02
3.4281238822236840e-02
3.4365039465705391e-02
3.4426406202969467e-02
3.4472797535430734e-02
3.4510087925111468e-02
3.4542771615532118e-02
3.4574250873681517e-02
3.4607140643730175e-02
3.4643526686904853e-02
3.4684981391573035e-02
3.4732698086351578e-02
3.4787435500188812e-02
3.4849522824713805e-02
3.4918732450321260e-02
3.4993886124617887e-02
3.5072189509466251e-02
3.5148168848652878e-02
3.5212050638715568e-02
3.5247576289828171e-02
3.5229722351664688e-02
3.5123831597324177e-02
3.4889125501924571e-02
3.4490591150642312e-02
3.3919687330770047e-02
3.3215308380414407e-02
3.2468490782928350e-02
3.1793348734207375e-02
3.1273709478612625e-02
3.0929258018114917e-02
3.0725107276128837e-02
3.0611563891082376e-02
3.0563024929343638e-02
3.0567219624191660e-02
3.0565469685582252e-02
3.0519820376086693e-02
3.0589351930313511e-02
3.0874352329339088e-02
3.0931302718605076e-02
3.0382343134448316e-02
2.9938936171349542e-02
3.0397964949560940e-02
3.1194383804458641e-02
3.1108712768200771e-02
3.0728659490804479e-02
3.0706977804947137e-02
3.0883378907723549e-02
3.0918417764434995e-02
3.0864240569918874e-02
3.0856271826587123e-02
3.0889231878516572e-02
3.0936616346385403e-02
3.1013086910275892e-02
3.1136276043873371e-02
3.1313053803712132e-02
3.1546057894767110e-02
3.1832717566454678e-02
3.2162512140815079e-02
3.2516943358133349e-02
3.2872005793137198e-02
3.3203440297136295e-02
3.3492584158031191e-02
3.3729954078291845e-02
3.3915071742859459e-02
3.4053743626383380e-02
3.4154782397492249e-02
3.4227463106977940e-02
3.4280089530866822e-02
3.4319465547724130e-02
3.4350890059272263e-02
3.4378380722952011e-02
3.4404954665755105e-02
3.4432909926340953e-02
3.4464059985563768e-02
3.4499760316861132e-02
3.4541020566160478e-02
3.4588463357892438e-02
3.4642319320416962e-02
3.4702307468882816e-02
3.4767283484198719e-02
3.4834651582774177e-02
3.4899429542566383e-02
3.4952837146341835e-02
3.4980414928952097e-02
3.4960100611772994e-02
3.4861579167850647e-02
3.4649477471322125e-02
3.4293756177733885e-02
3.3787533977078343e-02
3.3164908342759612e-02
3.2504704956351521e-02
3.1905493716241240e-02
3.1440201324577692e-02
3.1127266509712103e-02
3.0938097468760511e-02
3.0830153538223881e-02
3.0780967188513319e-02
3.0780067445201585e-02
3.0775076855567990e-02
3.0729499667475752e-02
3.0785859574306622e-02
3.1041871648058592e-02
3.1099563171567420e-02
3.0602065100627025e-02
3.0185549262180960e-02
3.0592012830021609e-02
3.1321862451515144e-02
3.1249346107453106e-02
3.0899723210427898e-02
3.0874974217705332e-02
3.1034780737137568e-02
3.1066331770065660e-02
3.1014908766901834e-02
3.1005228296515600e-02
3.1033133034439865e-02
3.1074229426418593e-02
3.1142102626119772e-02
3.1253535305626801e-02
3.1415759615002106e-02
3.1632113519357088e-02
3.1900451676634231e-02
3.2210123510820830e-02
3.2542252825845518e-02
3.2872980495342520e-02
3.3179122067231483e-02
3.3443677803774316e-02
3.3658739142718261e-02
3.3824815270147732e-02
3.3947996568005089e-02
3.4036839912772683e-02
3.4100069911075059e-02
3.4145352324459304e-02
3.4178886554037675e-02
3.4205452566238401e-02
3.4228644222215950e-02
3.4251140290313356e-02
3.4274963818917134e-02
3.4301694413649220e-02
3.4332503281553524e-02
3.4368246261902415e-02
3.4409433983309826e-02
3.4456220278929868e-02
3.4508288892022392e-02
3.4564540330204153e-02
3.4622570642380938e-02
3.4677847482584963e-02
3.4722479128284613e-02
3.4743590351773337e-02
3.4721693830790164e-02
3.4630217099887714e-02
3.4438401059340623e-02
3.4120397814569492e-02
3.3670659772097433e-02
3.3119136243867739e-02
3.2534271326193236e-02
3.2001472137249555e-02
3.1584362588506873e-02
3.1300104610748426e-02
3.1125199675174034e-02
3.1023127264586198e-02
3.0974152381194397e-02
3.0969322220160755e-02
3.0961881187267389e-02
3.0917104704693232e-02
3.0962618131489626e-02
3.1192425233443306e-02
3.1249581078643257e-02
3.0799073389397639e-02
3.0409635799530446e-02
3.0769701123210258e-02
3.1437517159544570e-02
3.1376248532005935e-02
3.1055234495800142e-02
3.1028528922893039e-02
3.1173319565776163e-02
3.1201851838128770e-02
3.1153418137504111e-02
3.1142688299230389e-02
3.1166445611341617e-02
3.1202267741599617e-02
3.1262702562565553e-02
3.1363630655828298e-02
3.1512458492246015e-02
3.1713017631917799e-02
3.1963518638187367e-02
3.2253354331212625e-02
3.2563623523841428e-02
3.2870932748028728e-02
3.3153278682503687e-02
3.3395202716831843e-02
3.3590126901168874e-02
3.3739306686140065e-02
3.3848951775533598e-02
3.3927287017458875e-02
3.3982479549184999e-02
3.4021589992281207e-02
3.4050261751559410e-02
3.4072806371121180e-02
3.4092441087350510e-02
3.4111546985448542e-02
3.4131908035112797e-02
3.4154902728006885e-02
3.4181545244092518e-02
3.4212562497133843e-02
3.4248373058644428e-02
3.4289071119681110e-02
3.4334319523551357e-02
3.4383070784552230e-02
3.4433104203592288e-02
3.4480299525376318e-02
3.4517559734863271e-02
3.4533405877393626e-02
3.4510596976263928e-02
3.4425792974587061e-02
3.4252181092110909e-02
3.3967456776342705e-02
3.3567145310071204e-02
3.3077603627444378e-02
3.2558422695839813e-02
3.2083825358028416e-02
3.1709469996716082e-02
3.1451250964274598e-02
3.1289802272431361e-02
3.1193684710712922e-02
3.1145545966041282e-02
3.1137713557580004e-02
3.1128438666757383e-02
3.1084960683926206e-02
3.1121546572755215e-02
3.1327719750535235e-02
3.1383383991290398e-02
3.0975643558277564e-02
3.0612968120586233e-02
3.0932120223721580e-02
3.1542306262183926e-02
3.1490618246098001e-02
3.1196374678351908e-02
3.1168612857223128e-02
3.1299829324465039e-02
3.1325743729940972e-02
3.1280439003394285e-02
3.1269192359380867e-02
3.1289568536921337e-02
3.1320981549642787e-02
3.1374990291538951e-02
3.1466545936960612e-02
3.1603080486839651e-02
3.1788750502519073e-02
3.2022063071034633e-02
3.2292590162731193e-02
3.2581680702374986e-02
3.2866644960331426e-02
3.3126720262229126e-02
3.3347868394117609e-02
3.3524632677637868e-02
3.3658817947848009e-02
3.3756626310421790e-02
3.3825900082491277e-02
3.3874253692449903e-02
3.3908177104421018e-02
3.3932803915572428e-02
3.3952023440332706e-02
3.3968717645613961e-02
3.3985005484878004e-02
3.4002462537825524e-02
3.4022294239500241e-02
3.4045380683555025e-02
3.4072340538878809e-02
3.4103516641329990e-02
3.4138957184032863e-02
3.4178315174270717e-02
3.4220599544320843e-02
3.4263763627327130e-02
3.4304063621245530e-02
3.4335113861352788e-02
3.4346669044570184e-02
3.4323451016313983e-02
3.4244916946124804e-02
3.4087638846423324e-02
3.3832316694524071e-02
3.3475339383661880e-02
3.3039946441889130e-02
3.2578158550434798e-02
3.2154663328356162e-02
3.1818275391975744e-02
3.1583657118784240e-02
3.1434805640839503e-02
3.1344583483496440e-02
3.1297717841998196e-02
3.1287617524051625e-02
3.1276986112621252e-02
3.1235127890373433e-02
3.1264362284393041e-02
3.1449254958230199e-02
3.1502734504444831e-02
3.1133818467192730e-02
3.0797213139601282e-02
3.1080308944072179e-02
3.1637098371170916e-02
3.1593546172908910e-02
3.1324251352039888e-02
3.1296153582596659e-02
3.1415111605668664e-02
3.1438754392187490e-02
3.1396644755475205e-02
3.1385307207380579e-02
3.1402950168934012e-02
3.1430694585321953e-02
3.1479163490188193e-02
3.1562371034315133e-02
3.1687658875418696e-02
3.1859372515926465e-02
3.2076265274978241e-02
3.2328191573774596e-02
3.2596959831678270e-02
3.2860755373111693e-02
3.3100081107134818e-02
3.3302202134559707e-02
3.3462603165436811e-02
3.3583480418985436e-02
3.3670932473267683e-02
3.3732386776089328e-02
3.3774918879131602e-02
3.3804484016269724e-02
3.3825748923970562e-02
3.3842222745168925e-02
3.3856488771931689e-02
3.3870434856168800e-02
3.3885454710137652e-02
3.3902604454890212e-02
3.3922649231504232e-02
3.3946116775535773e-02
3.3973287745288940e-02
3.4004175236085725e-02
3.4038430763967578e-02
3.4075121947570008e-02
3.4112366334629038e-02
3.4146763284282400e-02
3.4172564886743591e-02
3.4180616945338443e-02
3.4157359275905748e-02
3.4084676784354784e-02
3.3942051808520009e-02
3.3712737910730844e-02
3.3393821277139579e-02
3.3005830656966280e-02
3.2594293534567963e-02
3.2215742171351300e-02
3.1913092967629182e-02
3.1699830107324231e-02
3.1562695365520761e-02
3.1478203555780980e-02
3.1432898376326082e-02
3.1421104107675964e-02
3.1409481453021783e-02
3.1369430708475365e-02
3.1392603125613372e-02
3.1558354262613934e-02
3.1609168081555609e-02
3.1275426783648072e-02
3.0963924455074981e-02
3.1215249330189831e-02
3.1722680608662887e-02
3.1686020271383057e-02
3.1439896159499686e-02
3.1412030865157779e-02
3.1519929626098654e-02
3.1541602455869636e-02
3.1502698050846711e-02
3.1491608656956389e-02
3.1507067836144306e-02
3.1531779591628659e-02
3.1575486665410830e-02
3.1651274709819856e-02
3.1766305702028375e-02
3.1925005316498389e-02
3.2126330176763515e-02
3.2360493385581821e-02
3.2609917822661830e-02
3.2853782153009894e-02
3.3073852242468206e-02
3.3258585040594181e-02
3.3404254030865277e-02
3.3513319339710912e-02
3.3591705557771426e-02
3.3646408534337667e-02
3.3683984098617031e-02
3.3709889002529789e-02
3.3728363484107030e-02
3.3742574212566205e-02
3.3754838349257674e-02
3.3766839684199121e-02
3.3779812853628889e-02
3.3794685005212335e-02
3.3812122541222921e-02
3.3832576601906250e-02
3.3856276796321742e-02
3.3883209729185737e-02
3.3913031680903587e-02
3.3944869586986365e-02
3.3976994981235575e-02
3.4006320129008824e-02
3.4027668737433139e-02
3.4032853152049125e-02
3.4009820411965458e-02
3.3942566427659936e-02
3.3813082094400725e-02
3.3606798708786481e-02
3.3321365352292444e-02
3.2974948675230965e-02
3.2607491238363102e-02
3.2268527176069969e-02
3.1995874516718550e-02
3.1801904049203931e-02
3.1675604315588073e-02
3.1596600173970785e-02
3.1553024497552276e-02
3.1539978195894984e-02
3.1527638890453638e-02
3.1489482565169820e-02
3.1507644016574694e-02
3.1656186865170424e-02
3.1704021863559001e-02
3.1402100463669272e-02
3.1114544797130765e-02
3.1337869440026866e-02
3.1799765831266986e-02
3.1768933274352748e-02
3.1544264638998953e-02
3.1517072479549886e-02
3.1615004159759090e-02
3.1634972345457632e-02
3.1599241798691682e-02
3.1588669034156920e-02
3.1602411700483155e-02
3.1624639022615392e-02
3.1664270266527024e-02
3.1733482178708042e-02
3.1839190381692341e-02
3.1985814487871467e-02
3.2172477741185021e-02
3.2389805174660127e-02
3.2620944783210190e-02
3.2846143916545840e-02
3.3048408692097846e-02
3.3217282714086860e-02
3.3349698658128181e-02
3.3448279823892896e-02
3.3518726898199007e-02
3.3567598510338331e-02
3.3600954024830612e-02
3.3623787399486821e-02
3.3639949952803713e-02
3.3652299910875136e-02
3.3662917128776025e-02
3.3673305039016284e-02
3.3684558783794297e-02
3.3697493735973756e-02
3.3712691591862735e-02
3.3730538746975597e-02
3.3751222650859072e-02
3.3774710458562278e-02
3.3800667707506400e-02
3.3828280164817169e-02
3.3855963000736781e-02
3.3880913473782213e-02
3.3898467905365298e-02
3.3901295983219532e-02
3.3878669516504679e-02
3.3816424476326233e-02
3.3698719426570059e-02
3.3512847520603545e-02
3.3256912659286202e-02
3.2947019368925877e-02
3.2618292901772448e-02
3.2314243225068096e-02
3.2068268589715898e-02
3.1891697941015387e-02
3.1775364702154640e-02
3.1701550261709982e-02
3.1659779368547060e-02
3.1645814537203082e-02
3.1632959860996054e-02
3.1596709919651259e-02
3.1610714016796569e-02
3.1743787999863479e-02
3.1788461740759111e-02
3.1515292207786837e-02
3.1250404960057633e-02
3.1449040435444151e-02
3.1868999664478523e-02
3.1843089460729619e-02
3.1638237552538903e-02
3.1612052819753211e-02
3.1701010738675962e-02
3.1719509331568398e-02
3.1686891121059095e-02
3.1677046620038202e-02
3.1689472084458138e-02
3.1709689993899698e-02
3.1745852991393701e-02
3.1809257094929246e-02
3.1906523280395130e-02
3.2041996991421517e-02
3.2214936387358867e-02
3.2416413420214556e-02
3.2630375126860060e-02
3.2838178323084298e-02
3.3024032308810763e-02
3.3178469533517801e-02
3.3298972736637476e-02
3.3388249404086259e-02
3.3451742001502360e-02
3.3495575483342699e-02
3.3525338735565235e-02
3.3545597731744661e-02
3.3559849451720594e-02
3.3570674364083918e-02
3.3579940672255421e-02
3.3588991887697289e-02
3.3598800913125525e-02
3.3610086007246402e-02
3.3623355741255675e-02
3.3638941757903711e-02
3.3656996869035512e-02
3.3677474110870596e-02
3.3700051390852782e-02
3.3723972024717747e-02
3.3747784641230884e-02
3.3768945809208126e-02
3.3783251919943226e-02
3.3784134083106043e-02
3.3762030366613065e-02
3.3704383864342789e-02
3.3597231284930563e-02
3.3429462108635906e-02
3.3199547766915437e-02
3.2921788278465820e-02
3.2627141665323545e-02
3.2353917137844954e-02
3.2131671414873095e-02
3.1970765255743688e-02
3.1863552248806243e-02
3.1794590789903501e-02
3.1754626435211541e-02
3.1739987594392366e-02
3.1726759038568524e-02
3.1692371990200842e-02
3.1702909727767507e-02
3.1822074869324743e-02
3.1863504893813524e-02
3.1616292690278304e-02
3.1372727121880530e-02
3.1549577033946861e-02
3.1930966530614231e-02
3.1909211251167122e-02
3.1722622416447563e-02
3.1697691892286758e-02
3.1778578700932474e-02
3.1795817284575076e-02
3.1766228700164448e-02
3.1757278105496459e-02
3.1768728970004073e-02
3.1787351794898229e-02
3.1820587735644952e-02
3.1878886763209206e-02
3.1968541208290048e-02
3.2093769710441380e-02
3.2253937511616183e-02
3.2440582812549447e-02
3.2638495840869072e-02
3.2830156829847530e-02
3.3000931104672691e-02
3.3142249754126059e-02
3.3252053974074242e-02
3.3333074401343490e-02
3.3390473859537882e-02
3.3429954147920563e-02
3.3456661192220634e-02
3.3474766102943733e-02
3.3487443541871505e-02
3.3497023825881420e-02
3.3505186173068205e-02
3.3513132320397140e-02
3.3521727585622593e-02
3.3531605747840788e-02
3.3543212120199992e-02
3.3556831839899492e-02
3.3572589233466753e-02
3.3590427404801948e-02
3.3610038831974304e-02
3.3630722159696015e-02
3.3651149716478125e-02
3.3669013800683122e-02
3.3680523877899542e-02
3.3679788252667112e-02
3.3658273578986452e-02
3.3604829162629385e-02
3.3507122813846484e-02
3.3355416328922971e-02
3.3148478020892110e-02
3.2899025323149304e-02
3.2634401158090853e-02
3.2388411767738920e-02
3.2187267024071251e-02
3.2040433729664267e-02
3.1941523022532982e-02
3.1877051480205476e-02
3.1838837839062807e-02
3.1823696289040165e-02
3.1810187137571506e-02
3.1777579579378226e-02
3.1785208435737761e-02
3.1891860489519246e-02
3.1930039625858622e-02
3.1706247619734999e-02
3.1482629781763791e-02
3.1640238184578819e-02
3.1986195158751021e-02
3.1967946879590509e-02
3.1798157732323556e-02
3.1774656280153385e-02
3.1848291041353061e-02
3.1864457109521127e-02
3.1837800940827533e-02
3.1829872890988375e-02
3.1840644649547174e-02
3.1858035978084391e-02
3.1888830006971923e-02
3.1942669693596638e-02
3.2025496450567473e-02
3.2141361708816790e-02
3.2289712424743995e-02
3.2462559113232987e-02
3.2645555587478406e-02
3.2822298654537223e-02
3.2979255870775458e-02
3.3108674294300165e-02
3.3208877290341866e-02
3.3282573028082463e-02
3.3334633651718168e-02
3.3370352829518016e-02
3.3394461772688427e-02
3.3410768316755719e-02
3.3422154235071520e-02
3.3430724551231764e-02
3.3437989396484659e-02
3.3445024778056984e-02
3.3452601063984712e-02
3.3461278217388285e-02
3.3471446790859415e-02
3.3483352288965637e-02
3.3497095433564286e-02
3.3512612790951399e-02
3.3529612700920274e-02
3.3547446556380041e-02
3.3564901029454801e-02
3.3579882570455251e-02
3.3588971680356579e-02
3.3586879566136367e-02
3.3565981537274102e-02
3.3516360056303707e-02
3.3427102405384906e-02
3.3289652499678822e-02
3.3103017955959345e-02
3.2878525072036868e-02
3.2640371947701106e-02
3.2418455226886113e-02
3.2236062218423664e-02
3.2101839467575000e-02
3.2010443765860569e-02
3.1950081984544541e-02
3.1913518391435997e-02
3.1897985916280611e-02
3.1884250610305927e-02
3.1853311292766959e-02
3.1858479961848041e-02
3.1953865840619836e-02
3.1988842201321040e-02
3.1786172188411406e-02
3.1581132974361270e-02
3.1721728396734289e-02
3.2035164382522026e-02
3.2019877679813985e-02
3.1865516925658276e-02
3.1843560738904000e-02
3.1910685302651204e-02
3.1925946426681888e-02
3.1902115603961029e-02
3.1895308680844871e-02
3.1905657379449483e-02
3.1922138598680164e-02
3.1950928798701421e-02
3.2000905965622703e-02
3.2077647547527795e-02
3.2185006752009741e-02
3.2322488694822814e-02
3.2482571014212092e-02
3.2651771721000047e-02
3.2814781631660517e-02
3.2959112897776748e-02
3.3077754060570529e-02
3.3169347863302362e-02
3.3236546493151463e-02
3.3283928796613918e-02
3.3316398879422192e-02
3.3338301633346418e-02
3.3353111338510461e-02
3.3363443681399714e-02
3.3371200698715776e-02
3.3377741138150958e-02
3.3384029032817918e-02
3.3390750967726049e-02
3.3398402263722100e-02
3.3407325789226852e-02
3.3417733142100260e-02
3.3429705570376500e-02
3.3443175523680591e-02
3.3457867781665138e-02
3.3473183799648962e-02
3.3488015641976308e-02
3.3500464237589386e-02
3.3507443623772643e-02
3.3504202473405860e-02
3.3483919849553824e-02
3.3437761471286062e-02
3.3356052242282573e-02
3.3231256853720983e-02
3.3062574640866108e-02
3.2860105365238354e-02
3.2645303703611087e-02
3.2444662839216570e-02
3.2278913692939316e-02
3.2155954802505340e-02
3.2071317696862542e-02
3.2014674728075253e-02
3.1979625612675928e-02
3.1963765595961473e-02
3.1949827865874650e-02
3.1920427501568691e-02
3.1923496740233842e-02
3.2008729766402434e-02
3.2040591538925106e-02
3.1856966128790271e-02
3.1669164892714201e-02
3.1794699661453152e-02
3.2078308424136358e-02
3.2065524794450947e-02
3.1925313047212411e-02
3.1904970579840881e-02
3.1966254893025986e-02
3.1980759798407143e-02
3.1959641116488600e-02
3.1954029792633752e-02
3.1964178241580904e-02
3.1980034983845572e-02
3.2007219487526474e-02
3.2053888931919551e-02
3.2125251415245713e-02
3.2224938523096609e-02
3.2352489629766897e-02
3.2500833585483932e-02
3.2657337487646189e-02
3.2807752290451242e-02
3.2940575742502747e-02
3.3049471190558011e-02
3.3133350058179689e-02
3.3194785976111987e-02
3.3238068415139099e-02
3.3267732525253023e-02
3.3287764694154197e-02
3.3301333529463142e-02
3.3310812938398014e-02
3.3317921889417283e-02
3.3323883427422839e-02
3.3329561749149784e-02
3.3335569117747384e-02
3.3342344063241200e-02
3.3350187875972291e-02
3.3359282988724176e-02
3.3369694389575967e-02
3.3381352303110887e-02
3.3393998152815983e-02
3.3407080510306220e-02
3.3419588353242949e-02
3.3429799215206966e-02
3.3434927271876622e-02
3.3430700766481594e-02
3.3411010940373340e-02
3.3367976960096975e-02
3.3293004504912495e-02
3.3179440569257077e-02
3.3026636487014746e-02
3.2843607140790321e-02
3.2649406854455242e-02
3.2467557857941018e-02
3.2316551845099649e-02
3.2203610948404710e-02
3.2125005506846327e-02
3.2071684370297615e-02
3.2037987484481972e-02
3.2021824462901111e-02
3.2007683983687960e-02
3.1979682998194203e-02
3.1980943656717616e-02
3.2057019018379415e-02
3.2085882976982442e-02
3.1919427126883122e-02
3.1747568764903498e-02
3.1859754687719566e-02
3.2116022469431418e-02
3.2105357014070489e-02
3.1978104212034376e-02
3.1959404292781601e-02
3.2015451102363160e-02
3.2029331283581368e-02
3.2010808524580547e-02
3.2006447024808253e-02
3.2016588261040230e-02
3.2032074443377453e-02
3.2058016685811416e-02
3.2101897256571109e-02
3.2168556202921396e-02
3.2261385080660135e-02
3.2379932246113310e-02
3.2517551362441680e-02
3.2662429606047740e-02
3.2801335595437700e-02
3.2923694690874979e-02
3.3023787476485600e-02
3.3100755082145612e-02
3.3157078828158992e-02
3.3196767416268022e-02
3.3224009110620407e-02
3.3242458415419916e-02
3.3255004030023808e-02
3.3263800197229319e-02
3.3270400569034020e-02
3.3275906159573557e-02
3.3281091923899019e-02
3.3286504061944881e-02
3.3292530993074006e-02
3.3299437550528228e-02
3.3307380971691017e-02
3.3316412572450924e-02
3.3326461733741208e-02
3.3337286238625273e-02
3.3348378771761569e-02
3.3358817423303870e-02
3.3367040122727995e-02
3.3370531286757203e-02
3.3365447824675216e-02
3.3346313239486183e-02
3.3306087123361638e-02
3.3237120545432743e-02
3.3133523618264410e-02
3.2994764894421276e-02
3.2828895088290636e-02
3.2652861436142523e-02
3.2487586286283891e-02
3.2349598921464669e-02
3.2245516806885040e-02
3.2172242578653608e-02
3.2121843827681136e-02
3.2089317710401376e-02
3.2072846334939786e-02
3.2058484807992178e-02
3.2031738834176128e-02
3.2031426081844082e-02
3.2099235385883960e-02
3.2125239313267391e-02
3.1974263599666083e-02
3.1817110931107791e-02
3.1917450254545399e-02
3.2148668861588840e-02
3.2139798339834581e-02
3.2024399351364946e-02
3.2007337753541282e-02
3.2058688257621037e-02
3.2072059853030667e-02
3.2056014070939699e-02
3.2052935802236060e-02
3.2063233049171684e-02
3.2078572714097267e-02
3.2103605087123510e-02
3.2145184915925329e-02
3.2207791629073432e-02
3.2294562993113445e-02
3.2405027213137455e-02
3.2532923293123205e-02
3.2667215177332898e-02
3.2795641790631352e-02
3.2908503615995940e-02
3.3000651015970217e-02
3.3071426723577081e-02
3.3123212934049434e-02
3.3159749474452015e-02
3.3184900277717602e-02
3.3202013421172301e-02
3.3213721412710659e-02
3.3221978616369448e-02
3.3228188857448972e-02
3.3233343230424900e-02
3.3238136522586288e-02
3.3243056019736913e-02
3.3248445799074516e-02
3.3254538597533981e-02
3.3261469732103428e-02
3.3269278910014084e-02
3.3277895498180492e-02
3.3287093090985292e-02
3.3296405501522339e-02
3.3304992522928192e-02
3.3311438022902033e-02
3.3313470160111304e-02
3.3307629621588855e-02
3.3289002266608990e-02
3.3251290058191468e-02
3.3187672570858695e-02
3.3092920082202604e-02
3.2966586400764178e-02
3.2815859180854376e-02
3.2655826949036376e-02
3.2505130820048772e-02
3.2378582862799009e-02
3.2282270888957305e-02
3.2213650283161727e-02
3.2165775322634226e-02
3.2134227051642046e-02
3.2117422207580570e-02
3.2102811411338514e-02
3.2077176909682939e-02
3.2075480997986829e-02
3.2135824118044380e-02
3.2159121407260204e-02
3.2022107183328798e-02
3.1878489197915125e-02
3.1968302086338114e-02
3.2176582984153664e-02
3.2169234355209547e-02
3.2064664255887873e-02
3.2049211367117671e-02
3.2096351432954202e-02
3.2109312387705084e-02
3.2095613998545033e-02
3.2093825995300647e-02
3.2104412459051671e-02
3.2119802659232262e-02
3.2144230445172770e-02
3.2183972151945822e-02
3.2243160906891041e-02
3.2324671889168322e-02
3.2427978047716494e-02
3.2547146014510350e-02
3.2671856788263377e-02
3.2790772907166407e-02
3.2895027613306128e-02
3.2980003431349839e-02
3.3045226540228803e-02
3.3092978742101750e-02
3.3126746369280924e-02
3.3150092083539008e-02
3.3166081351239392e-02
3.3177111398115244e-02
3.3184953813204757e-02
3.3190875977211272e-02
3.3195769405582491e-02
3.3200256725081791e-02
3.3204772610970712e-02
3.3209621802987602e-02
3.3215008658779445e-02
3.3221049278464074e-02
3.3227773391801059e-02
3.3235110806532034e-02
3.3242849997192556e-02
3.3250562755556726e-02
3.3257483815737121e-02
3.3262329975963748e-02
3.3263049999209426e-02
3.3256529398023690e-02
3.3238355296543121e-02
3.3202886481143404e-02
3.3144029458364477e-02
3.3057126328561920e-02
3.2941786181606467e-02
3.2804415880351559e-02
3.2658450689048255e-02
3.2520521362607788e-02
3.2403945535685472e-02
3.2314366167116908e-02
3.2249738028149920e-02
3.2203991365236301e-02
3.2173223830195406e-02
3.2156051141436139e-02
3.2141164871257510e-02
3.2116510981833123e-02
3.2113590171099639e-02
3.2167184747399727e-02
3.2187938194666511e-02
3.2063523428975609e-02
3.1932341830499630e-02
3.2012790951179121e-02
3.2200080300261759e-02
3.2194021541748934e-02
3.2099332619194031e-02
3.2085440180657336e-02
3.2128798698662107e-02
3.2141414620008565e-02
3.2129912540416465e-02
3.2129398249077505e-02
3.2140387092258020e-02
3.2156006738688715e-02
3.2180113897638120e-02
3.2218457431196453e-02
3.2274846311211768e-02
3.2351893318935683e-02
3.2448978697352748e-02
3.2560416287001306e-02
3.2676520659145565e-02
3.2786833515683483e-02
3.2883293012704061e-02
3.2961784254128990e-02
3.3022011803246105e-02
3.3066164332249834e-02
3.3097493784816127e-02
3.3119282969988242e-02
3.3134334389224654e-02
3.3144827120250582e-02
3.3152364006168882e-02
3.3158087491253645e-02
3.3162798737102893e-02
3.3167055485577870e-02
3.3171245459499024e-02
3.3175638631693517e-02
3.3180414231420319e-02
3.3185671380098189e-02
3.3191431073439880e-02
3.3197623638463451e-02
3.3204051174554758e-02
3.3210320064474143e-02
3.3215733290770245e-02
3.3219128769446424e-02
3.3218655933003494e-02
3.3211512127820517e-02
3.3193734397006625e-02
3.3160264730368524e-02
3.3105646723386062e-02
3.3025715264473746e-02
3.2920104135947370e-02
3.2794507001457279e-02
3.2660869536074874e-02
3.2534039234336440e-02
3.2426050040101795e-02
3.2342200456452391e-02
3.2280914088541814e-02
3.2236902897417694e-02
3.2206716891616520e-02
3.2189136026709600e-02
3.2173957057311825e-02
3.2150181394495714e-02
3.2146186007651283e-02
3.2193684581344778e-02
3.2212060481504330e-02
3.2099022908864142e-02
3.1979255342631241e-02
3.2051368465916670e-02
3.2219463502643798e-02
3.2214499120291888e-02
3.2128818716732885e-02
3.2116415905161601e-02
3.2156348574846512e-02
3.2168641777150987e-02
3.2159178816539125e-02
3.2159928501524264e-02
3.2171434411644738e-02
3.2187450322324111e-02
3.2211494446115062e-02
3.2248843425107337e-02
3.2303018852721216e-02
3.2376394800422072e-02
3.2468227147728547e-02
3.2572959478489934e-02
3.2681407131600261e-02
3.2783947028966025e-02
3.2873326116815413e-02
3.2945916634197624e-02
3.3001620969382840e-02
3.3042548507545240e-02
3.3071732139962180e-02
3.3092188862711917e-02
3.3106471409075716e-02
3.3116553937393822e-02
3.3123882990340962e-02
3.3129486715469336e-02
3.3134084564922506e-02
3.3138176291836595e-02
3.3142108060290262e-02
3.3146119247079511e-02
3.3150366967178019e-02
3.3154935286429411e-02
3.3159837274111009e-02
3.3165003527774010e-02
3.3170248073926704e-02
3.3175208202940606e-02
3.3179248395028081e-02
3.3181316198428519e-02
3.3179743405456277e-02
3.3172011613525169e-02
3.3154567179206042e-02
3.3122877097206356e-02
3.3072047158388455e-02
3.2998331662321627e-02
3.2901344252720267e-02
3.2786116922647573e-02
3.2663226295959809e-02
3.2545928713128190e-02
3.2445195865462829e-02
3.2366107166834267e-02
3.2307534153958900e-02
3.2264876910200649e-02
3.2235070967767065e-02
3.2217024353849252e-02
3.2201524562717090e-02
3.2178544199311002e-02
3.2173636523666276e-02
3.2215658540823970e-02
3.2231834864773899e-02
3.2129077155226879e-02
3.2019774944025421e-02
3.2084463272708648e-02
3.2235029200747181e-02
3.2230997200795482e-02
3.2153515682116794e-02
3.2142490801809143e-02
3.2179277799712719e-02
3.2191265947009683e-02
3.2183734725035669e-02
3.2185767240445716e-02
3.2197882149799531e-02
3.2214406623566498e-02
3.2238582303596747e-02
3.2275283943666043e-02
3.2327803899023143e-02
3.2398326199520149e-02
3.2485951763736497e-02
3.2585073076758363e-02
3.2686775853182137e-02
3.2782237761097226e-02
3.2865116559797326e-02
3.2932281605510913e-02
3.2983873128467130e-02
3.3021918152852249e-02
3.3049228202809526e-02
3.3068560231168470e-02
3.3082227865177852e-02
3.3092013680842469e-02
3.3099220438843432e-02
3.3104772469959826e-02
3.3109315898038172e-02
3.3113298986028356e-02
3.3117031297528965e-02
3.3120725402338534e-02
3.3124519188900012e-02
3.3128483426697532e-02
3.3132623578175820e-02
3.3136869656334812e-02
3.3141045573631782e-02
3.3144815574608549e-02
3.3147598796593042e-02
3.3148441122005518e-02
3.3145838841518657e-02
3.3137531585869483e-02
3.3120340806060855e-02
3.3090215891441635e-02
3.3042776623905104e-02
3.2974647536082431e-02
3.2885361083000615e-02
3.2779310401951346e-02
3.2665732870520665e-02
3.2556451920857571e-02
3.2461656749589202e-02
3.2386384038576452e-02
3.2329935291376441e-02
3.2288289248558089e-02
3.2258686610677510e-02
3.2240112696761372e-02
3.2224230316497932e-02
3.2201927317934517e-02
3.2196244945241988e-02
3.2233388586683273e-02
3.2247581136402852e-02
3.2154135231404292e-02
3.2054421294429487e-02
3.2112489442014253e-02
3.2247081325207698e-02
3.2243836157881567e-02
3.2173777991594321e-02
3.2163988079481690e-02
3.2197907818507773e-02
3.2209680879352096e-02
3.2204007224812051e-02
3.2207250947757476e-02
3.2219907152811617e-02
3.2236911606301301e-02
3.2261322499743686e-02
3.2297680133338336e-02
3.2349098605319981e-02
3.2417632139509954e-02
3.2502234561443501e-02
3.2597016064285535e-02
3.2692899284654707e-02
3.2781806733211079e-02
3.2858639999063161e-02
3.2920780598775193e-02
3.2968638130369501e-02
3.3004116918453924e-02
3.3029794231394828e-02
3.3048179343885070e-02
3.3061361662360698e-02
3.3070946383480654e-02
3.3078103679287159e-02
3.3083662675921777e-02
3.3088203143268914e-02
3.3092127458758558e-02
3.3095713007705516e-02
3.3099148992943986e-02
3.3102556746607087e-02
3.3105995364882068e-02
3.3109462546426265e-02
3.3112886183189534e-02
3.3116097329252130e-02
3.3118782935160955e-02
3.3120410435095018e-02
3.3120114391957001e-02
3.3116539880139441e-02
3.3107659402796433e-02
3.3090633813542353e-02
3.3061850302287948e-02
3.3017413928613001e-02
3.2954322475288594e-02
3.2871991655529877e-02
3.2774191140274085e-02
3.2668626390684977e-02
3.2565805745897528e-02
3.2475569712897744e-02
3.2403162095859570e-02
3.2348282598703787e-02
3.2307364066246659e-02
3.2277871573357049e-02
3.2258804432916149e-02
3.2242538622055554e-02
3.2220774000864233e-02
3.2214361739722093e-02
3.2247139540949682e-02
3.2259589375321786e-02
3.2174624895853314e-02
3.2083701036189446e-02
3.2135860346941318e-02
3.2255977344435173e-02
3.2253383341664804e-02
3.2189996048866742e-02
3.2181323363948661e-02
3.2212710971485994e-02
3.2224345703569537e-02
3.2220250986418376e-02
3.2224321646906320e-02
3.2237208059648428e-02
3.2254536809193948e-02
3.2279213964775490e-02
3.2315461060770830e-02
3.2366253785841390e-02
3.2433645437585958e-02
3.2516629745568092e-02
3.2608835059140258e-02
3.2700145326843684e-02
3.2782922000938783e-02
3.2854086037965025e-02
3.2911480199939933e-02
3.2955855934487681e-02
3.2988977673800483e-02
3.3013191413656003e-02
3.3030770842996098e-02
3.3043584019139649e-02
3.3053061604477532e-02
3.3060244623596635e-02
3.3065871333202178e-02
3.3070460692403963e-02
3.3074374989887412e-02
3.3077864627283529e-02
3.3081099662378481e-02
3.3084187435072382e-02
3.3087176556600630e-02
3.3090056649787675e-02
3.3092751297379444e-02
3.3095094509551282e-02
3.3096789916121770e-02
3.3097345997390303e-02
3.3095978323722242e-02
3.3091471930957524e-02
3.3082019385996322e-02
3.3065098030828029e-02
3.3037486119266900e-02
3.2995731812500102e-02
3.2937212883271325e-02
3.2861191329859922e-02
3.2770882484521029e-02
3.2671869671180596e-02
3.2573587862511404e-02
3.2486347118797873e-02
3.2415880056637668e-02
3.2362123656145991e-02
3.2321770389002830e-02
3.2292430324603522e-02
3.2273100312787746e-02
3.2256716119530432e-02
3.2235568327493150e-02
3.2228492645206691e-02
3.2257277827740100e-02
3.2268138481662309e-02
3.2190895114722791e-02
3.2108047346063581e-02
3.2154982837008385e-02
3.2261965745232712e-02
3.2259895903350953e-02
3.2202601978395563e-02
3.2195036323598450e-02
3.2224118625269957e-02
3.2235341181895590e-02
3.2232135077028906e-02
3.2236441562776920e-02
3.2249288100175279e-02
3.2266907636511341e-02
3.2291967556953752e-02
3.2328389315715328e-02
3.2379065883033971e-02
3.2446159410729737e-02
3.2529010969679376e-02
3.2620858567568571e-02
3.2709273582243625e-02
3.2786034498750713e-02
3.2851654360275769e-02
3.2904212167082204e-02
3.2945080756548104e-02
3.2975959016126627e-02
3.2998908789380110e-02
3.3015900122664608e-02
3.3028534453473868e-02
3.3038053219119318e-02
3.3045369412752372e-02
3.3051138708281323e-02
3.3055830658660142e-02
3.3059778823955999e-02
3.3063216490920477e-02
3.3066302004918127e-02
3.3069131647621694e-02
3.3071744128235173e-02
3.3074121499858514e-02
3.3076180439610622e-02
3.3077750951789747e-02
3.3078541886762049e-02
3.3078087614079044e-02
3.3075668868410443e-02
3.3070198914356135e-02
3.3060091311696078e-02
3.3043164158460550e-02
3.3016619320176722e-02
3.2977469954130118e-02
3.2923418804934011e-02
3.2853293964425552e-02
3.2769850346568243e-02
3.2675316338062477e-02
3.2579021124414562e-02
3.2493037748641727e-02
3.2423624347084630e-02
3.2370624965749696e-02
3.2330763313433430e-02
3.2301675802525534e-02
3.2282380636676461e-02
3.2266373252134599e-02
3.2246338582770435e-02
3.2239013221927029e-02
3.2264237405529708e-02
3.2273604040410006e-02
3.2203418370080637e-02
3.2128057365779138e-02
3.2170326016173985e-02
3.2265392238015569e-02
3.2263762573827313e-02
3.2212072893547446e-02
3.2205543905188740e-02
3.2232136894394935e-02
3.2242178391253221e-02
3.2239138316315190e-02
3.2243650405296462e-02
3.2256988140002177e-02
3.2275610239753241e-02
3.2301829568584135e-02
3.2339301567334396e-02
3.2390739392118742e-02
3.2458122067330515e-02
3.2541261142135583e-02
3.2634099152508492e-02
3.2721078293180869e-02
3.2790347098078036e-02
3.2849858932226549e-02
3.2897466966915909e-02
3.2935047708421407e-02
3.2964200126501808e-02
3.2986464576487962e-02
3.3003341677787297e-02
3.3016123421727002e-02
3.3025880177783420e-02
3.3033432181694571e-02
3.3039386921625419e-02
3.3044192704331531e-02
3.3048175475384280e-02
3.3051566561934503e-02
3.3054522786873403e-02
3.3057133639945946e-02
3.3059429068831032e-02
3.3061385226551165e-02
3.3062909762388105e-02
3.3063820058890706e-02
3.3063812516785564e-02
3.3062417846276546e-02
3.3058938940654488e-02
3.3052363869358330e-02
3.3041281733664461e-02
3.3023861789399485e-02
3.2997863857631538e-02
3.2961021929193791e-02
3.2911443315091604e-02
3.2847373725378014e-02
3.2771352709260029e-02
3.2679231802956524e-02
3.2583016293153050e-02
3.2497491904166904e-02
3.2428497141070600e-02
3.2375541359153846e-02
3.2335539617001030e-02
3.2306193763179752e-02
3.2286594360481903e-02
3.2270970711812487e-02
3.2252482784089528e-02
3.2245683443825855e-02
3.2268229534487221e-02
3.2276449330424534e-02
3.2212678063490353e-02
3.2144122872234275e-02
3.2182227131657345e-02
3.2266707841037218e-02
3.2265249951984258e-02
3.2218401609562325e-02
3.2212515683963577e-02
3.2236391034364029e-02
3.2245203291422164e-02
3.2243054331331338e-02
3.2249147033197610e-02
3.2264192922406260e-02
3.2284469279427117e-02
3.2312103695982412e-02
3.2350746504142429e-02
3.2403085589129230e-02
3.2470865546200406e-02
3.2554464387106463e-02
3.2650416772079124e-02
3.2739366967866425e-02
3.2795304566077620e-02
3.2846597394253454e-02
3.2890592657585115e-02
3.2926272407730821e-02
3.2954798386099313e-02
3.2977101933390811e-02
3.2994216661349628e-02
3.3007241653760983e-02
3.3017183937398401e-02
3.3024850123583922e-02
3.3030850917543694e-02
3.3035641955035486e-02
3.3039555473740143e-02
3.3042826614261465e-02
3.3045613163436641e-02
3.3048002776678936e-02
3.3050021060167287e-02
3.3051639303637990e-02
3.3052756911949199e-02
3.3053177969962586e-02
3.3052579215996164e-02
3.3050465150857737e-02
3.3046109661806357e-02
3.3038481826462220e-02
3.3026201353181919e-02
3.3007611861096971e-02
3.2980966889680857e-02
3.2944832526591528e-02
3.2897955285468017e-02
3.2840796317829581e-02
3.2776932667277700e-02
3.2685122038166592e-02
3.2587601676384005e-02
3.2502558524286344e-02
3.2433898845472812e-02
3.2380712073728328e-02
3.2340203009623168e-02
3.2310022482755413e-02
3.2289139378049211e-02
3.2272602152250605e-02
3.2254661486629664e-02
3.2248438173435347e-02
3.2269375799554571e-02
3.2277299888488944e-02
3.2219547892159008e-02
3.2157105332837763e-02
3.2191374153582267e-02
3.2268221538709820e-02
3.2267757215526861e-02
3.2224266532537058e-02
3.2217574745778861e-02
3.2238935942193389e-02
3.2248389783650501e-02
3.2249111933841321e-02
3.2257089654188477e-02
3.2272080235501398e-02
3.2291127537565259e-02
3.2317326601752100e-02
3.2355260127432971e-02
3.2408662428189683e-02
3.2479906784705859e-02
3.2569212472960914e-02
3.2676198013163599e-02
3.2781142122014370e-02
3.2811333312568955e-02
3.2849149711973322e-02
3.2890912134000576e-02
3.2925131537873666e-02
3.2952554321567608e-02
3.2974086461496126e-02
3.2990560605460649e-02
3.3003049390933258e-02
3.3012549800348158e-02
3.3019856072425517e-02
3.3025564369271038e-02
3.3030111595364585e-02
3.3033809915332411e-02
3.3036875128549061e-02
3.3039449130617474e-02
3.3041617933964817e-02
3.3043409991893209e-02
3.3044789929581903e-02
3.3045655225114101e-02
3.3045815213191838e-02
3.3044956283540275e-02
3.3042593003365948e-02
3.3038003905640552e-02
3.3030153524066228e-02
3.3017643647096105e-02
3.2998800676985247e-02
3.2972041609639735e-02
3.2936030841761693e-02
3.2889694100299245e-02
3.2843260750696900e-02
3.2803572881982830e-02
3.2701240322336934e-02
3.2595136541261414e-02
3.2505733194035775e-02
3.2434798884825540e-02
3.2381435400266924e-02
3.2342251912486610e-02
3.2313707178621386e-02
3.2293445387340122e-02
3.2276289221311490e-02
3.2257606927993669e-02
3.2250250225114817e-02
3.2268253886187231e-02
3.2274475379150916e-02
3.2220966250885996e-02
3.2164148830950527e-02
3.2197191573911633e-02
3.2257422289743438e-02
3.2256821592455971e-02
3.2225383638630062e-02
3.2223825510729449e-02
3.2242323701047737e-02
3.2249401046833562e-02
3.2249343844514632e-02
3.2255273028312922e-02
3.2267201436687064e-02
3.2284021297015617e-02
3.2309554978943292e-02
3.2348698211480710e-02
3.2406333355013472e-02
3.2485744434912360e-02
3.2583354044405419e-02
3.2694449100133950e-02
3.2847227110946939e-02
3.2842275394291805e-02
3.2863040417558990e-02
3.2899428054643763e-02
3.2929567287998937e-02
3.2953909230524957e-02
3.2973357160154246e-02
3.2988472818407562e-02
3.3000130448508566e-02
3.3009155184156473e-02
3.3016212102542346e-02
3.3021808882660861e-02
3.3026319851863377e-02
3.3030012651417369e-02
3.3033070680403696e-02
3.3035612306580177e-02
3.3037714733889174e-02
3.3039407219760820e-02
3.3040644965547983e-02
3.3041323511832324e-02
3.3041262437209666e-02
3.3040173647962030e-02
3.3037618828055226e-02
3.3032955849510638e-02
3.3025279836453085e-02
3.3013383944230229e-02
3.2995840384087274e-02
3.2971413259507552e-02
3.2938717632394691e-02
3.2896843741681336e-02
3.2867153604672621e-02
3.2860570735760500e-02
3.2713005788647657e-02
3.2600554407473503e-02
3.2503794586520203e-02
3.2426152713654816e-02
3.2369563622611223e-02
3.2330118721442848e-02
3.2303339851121479e-02
3.2286174866376173e-02
3.2272861684826161e-02
3.2257372426492487e-02
3.2249447810063149e-02
3.2263290733047942e-02
3.2271205483918125e-02
3.2231206497916359e-02
3.2183907150834676e-02
3.2204927842438918e-02
3.2493998009243699e+00
3.1957639895292069e+00
3.1405504029250468e+00
3.0949537627987551e+00
3.0546580072450435e+00
3.0195196160417779e+00
2.9869231868464521e+00
2.9564157901424304e+00
2.9271587930527216e+00
2.8988221475476541e+00
2.8706652457458040e+00
2.8422373188212431e+00
2.8131866261990095e+00
2.7832595288821134e+00
2.7520545243623853e+00
2.7188774124888897e+00
2.6833455858872677e+00
2.6463800190541575e+00
2.6114225896182233e+00
2.5836330191419115e+00
2.5681983656125147e+00
2.5684332763559077e+00
2.5850949808202079e+00
2.6171659450010485e+00
2.6641768300483117e+00
2.7275759881190944e+00
2.8122295277282712e+00
2.9279868838979133e+00
3.0889078923662421e+00
3.3156416248433809e+00
3.5955258019814820e+00
3.7648126512969311e+00
3.6249103671907790e+00
3.2092126713240798e+00
2.7704242671925576e+00
2.4558854201322768e+00
2.2620214734049595e+00
2.1494262934296802e+00
2.0853156213988484e+00
2.0424850069934717e+00
2.0059075574747816e+00
1.9699254494623180e+00
1.9340751383918438e+00
1.9000267759815828e+00
1.8693427338763762e+00
1.8435903169734751e+00
1.8242913809187160e+00
1.8096993913290200e+00
1.7930918024002154e+00
1.7701341904335268e+00
1.7724051766272910e+00
1.8647311979295322e+00
2.3842752664201825e+00
2.8538778196184693e+00
2.8352298101909712e+00
2.8653069182028026e+00
2.8934465549647919e+00
2.9143289010886648e+00
2.9367312275183592e+00
2.9626495413356717e+00
2.9887014543125483e+00
3.0204759717369121e+00
3.0428802624672597e+00
3.0531414797231449e+00
3.2131865320632147e+00
3.1897180557879574e+00
3.1526045946293113e+00
3.1154189752882484e+00
3.0808858107918091e+00
3.0491962254642271e+00
3.0192280444263502e+00
2.9909129860080670e+00
2.9639124280432760e+00
2.9379300410012683e+00
2.9125723400307622e+00
2.8875409322439811e+00
2.8626296799609432e+00
2.8376944023732862e+00
2.8124335555109288e+00
2.7862866749716435e+00
2.7590314816127393e+00
2.7320002401649339e+00
2.7088703035760169e+00
2.6949922367999921e+00
2.6954826544308523e+00
2.7135048250121598e+00
2.7499929206032800e+00
2.8046823486792714e+00
2.8773086632497420e+00
2.9679754578778637e+00
3.0765753956931463e+00
3.2011746635764609e+00
3.3357543397554403e+00
3.4647378278572032e+00
3.5594904003247918e+00
3.5976701626149947e+00
3.5563212038813710e+00
3.4406885532742142e+00
3.2585227750430072e+00
3.0335320902342118e+00
2.8229492763707804e+00
2.6439495706173477e+00
2.4972260588269810e+00
2.3778482704131636e+00
2.2826576539180961e+00
2.2056495619303358e+00
2.1412652807599453e+00
2.0857096581290797e+00
2.0369060701214532e+00
1.9948307019231946e+00
1.9601055419131959e+00
1.9318010956076557e+00
1.9009330152498805e+00
1.8670382440897972e+00
1.8517060351579337e+00
1.9453430903901663e+00
2.4972116180484214e+00
2.9499564552662396e+00
2.9120322827324423e+00
2.9252133609234230e+00
2.9456387796053232e+00
2.9615163097297756e+00
2.9780895032006618e+00
2.9977457066020730e+00
3.0189933775419528e+00
3.0373602408527627e+00
3.0415118135750059e+00
3.0924698865860516e+00
3.1470928357146808e+00
3.1640251591244306e+00
3.1442019443956659e+00
3.1147663969983053e+00
3.0856901435408890e+00
3.0565127478135912e+00
3.0276223069135737e+00
2.9996856749989442e+00
2.9726242487992547e+00
2.9462229083058933e+00
2.9201828428543646e+00
2.8942699956088958e+00
2.8683436203737411e+00
2.8423026173926562e+00
2.8159015892497301e+00
2.7887421745226804e+00
2.7608933435029339e+00
2.7340242503435808e+00
2.7120176547847321e+00
2.7000046772092459e+00
2.7024692332684523e+00
2.7217822805588727e+00
2.7581952449819513e+00
2.8109491483997107e+00
2.8792645852096230e+00
2.9624946045017961e+00
3.0596137028278458e+00
3.1683442750004227e+00
3.2840215147198291e+00
3.3946790640151914e+00
3.4784262605100698e+00
3.5114367199600931e+00
3.4644711973196700e+00
3.3467314852487409e+00
3.1778794838920121e+00
2.9949806631190485e+00
2.8217902066255980e+00
2.6652563396250595e+00
2.5298386937154507e+00
2.4166530961248154e+00
2.3230868474936268e+00
2.2454524069411330e+00
2.1799151856945871e+00
2.1232541985789317e+00
2.0731971455833405e+00
2.0294897604632038e+00
1.9920911865342834e+00
1.9615105275280578e+00
1.9258023626978067e+00
1.8910999386649336e+00
1.8549807348898821e+00
1.9809385102084403e+00
2.5552431711451700e+00
2.9672420805295219e+00
2.9334166321127997e+00
2.9395762218151416e+00
2.9620880453318530e+00
2.9815295754849553e+00
2.9984390463048669e+00
3.0154827559583128e+00
3.0311336081497369e+00
3.0404150591797245e+00
3.0337004037514630e+00
3.0594867511647617e+00
3.1014735436355942e+00
3.1349173815226763e+00
3.1288605215126513e+00
3.1099414960836169e+00
3.0883462868862503e+00
3.0633511305357808e+00
3.0365547760863953e+00
3.0096325008920291e+00
2.9831049382539518e+00
2.9570614430728894e+00
2.9314222693169305e+00
2.9060996346009622e+00
2.8810654433132670e+00
2.8563014604857364e+00
2.8316330176406450e+00
2.8068155325726889e+00
2.7822692005699761e+00
2.7601366443154860e+00
2.7445177614566156e+00
2.7403326938180110e+00
2.7514664661080204e+00
2.7795768906935447e+00
2.8242382497247176e+00
2.8838792853889212e+00
2.9563175793950185e+00
3.0386772253163739e+00
3.1268893216929690e+00
3.2149504949213705e+00
3.2943135708203912e+00
3.3552242055926089e+00
3.3898253549302488e+00
3.3969931677572189e+00
3.3754629348792475e+00
3.3256889355235373e+00
3.2442484985842044e+00
3.1318344200089019e+00
2.9973605962890799e+00
2.8540835249563759e+00
2.7140011088984335e+00
2.5844509843945360e+00
2.4694040652014233e+00
2.3700136144227013e+00
2.2852659942247024e+00
2.2130148461270802e+00
2.1507334063457457e+00
2.0972825819030452e+00
2.0509947241731497e+00
2.0129950388531825e+00
1.9671292272885097e+00
1.9308354059995121e+00
1.8583434654352204e+00
2.0572959427645490e+00
2.6519130445026611e+00
2.9854004745790657e+00
2.9587447988375470e+00
2.9532264199336828e+00
2.9744610094950086e+00
2.9964661892035012e+00
3.0134915124679149e+00
3.0279936758224126e+00
3.0375271945310613e+00
3.0352732274238470e+00
3.0187530291646429e+00
3.0316453097538174e+00
3.0735419522333762e+00
3.1103078877694110e+00
3.1118849883431805e+00
3.1007068805299265e+00
3.0856599242452996e+00
3.0653747812964887e+00
3.0414349286083877e+00
3.0161504410392510e+00
2.9906613471416761e+00
2.9654139216547790e+00
2.9405646433793207e+00
2.9161706716946654e+00
2.8922921377664910e+00
2.8689608552688317e+00
2.8460704136901995e+00
2.8235683105560088e+00
2.8022267074599343e+00
2.7845292549253831e+00
2.7746010878354874e+00
2.7768374231715640e+00
2.7941485178069958e+00
2.8270709428926231e+00
2.8741381454942063e+00
2.9327361724188155e+00
2.9995937107007880e+00
3.0708766695730429e+00
3.1419462682483768e+00
3.2072839725337072e+00
3.2611474131185427e+00
3.2983028550705251e+00
3.3163025636579522e+00
3.3170576731730210e+00
3.3011545398218076e+00
3.2675032647735400e+00
3.2105972068214772e+00
3.1299795309967662e+00
3.0310096120213883e+00
2.9200726912243384e+00
2.8036752455436069e+00
2.6880336366628481e+00
2.5776400983356211e+00
2.4755636483520762e+00
2.3834403088518936e+00
2.3017733899959114e+00
2.2300645490410087e+00
2.1678026874492002e+00
2.1127818048517861e+00
2.0655905608667484e+00
2.0090760378165133e+00
1.9672578179789035e+00
1.8756384233026759e+00
2.1697299273038473e+00
2.7604391902881056e+00
2.9813083613160662e+00
2.9706947802390915e+00
2.9594978526242572e+00
2.9787914464665017e+00
3.0023992373371282e+00
3.0194914996590554e+00
3.0319914009197531e+00
3.0369753472343683e+00
3.0266181275285189e+00
3.0054726667541249e+00
3.0152729004254231e+00
3.0519085494213143e+00
3.0893372754678561e+00
3.0950489455044878e+00
3.0878923918218089e+00
3.0772492918763552e+00
3.0613931318042820e+00
3.0410102860950556e+00
3.0183644233615641e+00
2.9948558370035601e+00
2.9711665331155777e+00
2.9476622977162457e+00
2.9245576367246571e+00
2.9020174857643801e+00
2.8801437565547383e+00
2.8589377993647251e+00
2.8385937720185535e+00
2.8202786699348312e+00
2.8067759856958898e+00
2.8020689166131838e+00
2.8098204816173484e+00
2.8318312183049725e+00
2.8675185480488317e+00
2.9145393317425401e+00
2.9695940197948461e+00
3.0289293403085975e+00
3.0883892735164000e+00
3.1434845805638787e+00
3.1900432461962067e+00
3.2247602418490779e+00
3.2459279016665881e+00
3.2542752876310495e+00
3.2522843282931886e+00
3.2409650777925472e+00
3.2194928740826643e+00
3.1841441786427715e+00
3.1312408887309391e+00
3.0605739192115826e+00
2.9746973842671678e+00
2.8779649293760596e+00
2.7754817534885401e+00
2.6721940695483823e+00
2.5718611316480264e+00
2.4771739271794484e+00
2.3898623353851263e+00
2.3107314193400885e+00
2.2400273564709545e+00
2.1760206743098105e+00
2.1163793697642603e+00
2.0520910493391002e+00
1.9965230185059417e+00
1.9420790889433373e+00
2.3026183197108248e+00
2.8286267155757203e+00
2.9731142886002075e+00
2.9713143690766675e+00
2.9611408440004365e+00
2.9784993079938267e+00
3.0014363485637232e+00
3.0174892969399258e+00
3.0282898436274714e+00
3.0307460127855399e+00
3.0166016836950482e+00
2.9938314581053143e+00
3.0014654281826818e+00
3.0333668170113923e+00
3.0709000308166532e+00
3.0792031654268435e+00
3.0739355304794964e+00
3.0659115520663383e+00
3.0538897193507775e+00
3.0374995143543049e+00
3.0183752171902052e+00
2.9977598826292908e+00
2.9763786922182938e+00
2.9547426678548092e+00
2.9332461513211499e+00
2.9122061856218822e+00
2.8918503800595223e+00
2.8723491247656052e+00
2.8541907542123246e+00
2.8389121593006257e+00
2.8294699266725956e+00
2.8294805282097721e+00
2.8416901308611289e+00
2.8667424990292392e+00
2.9030888582382359e+00
2.9477622131111385e+00
2.9971458753502009e+00
3.0474014011889690e+00
3.0946088500677269e+00
3.1353647729684924e+00
3.1671665195806700e+00
3.1887346907487819e+00
3.2003169881747358e+00
3.2034347864628470e+00
3.2003111948025924e+00
3.1917513886054412e+00
3.1770330123009773e+00
3.1534397089687030e+00
3.1175641660027673e+00
3.0674778005565257e+00
3.0032758295524538e+00
2.9267166289493987e+00
2.8407909081753386e+00
2.7491798987330709e+00
2.6556167490884719e+00
2.5633449414990084e+00
2.4747832945749058e+00
2.3916003970308042e+00
2.3143069370727325e+00
2.2421027360528858e+00
2.1689762466306446e+00
2.1006298327746453e+00
2.0317270550269582e+00
2.0536816523786152e+00
2.4386198168012458e+00
2.8697336583810427e+00
2.9712866721737812e+00
2.9681184931408042e+00
2.9612797977422196e+00
2.9772914713457430e+00
2.9975842016945449e+00
3.0112026502573417e+00
3.0202382678254307e+00
3.0214745884487417e+00
3.0060954975745111e+00
2.9830052395673126e+00
2.9885216008966142e+00
3.0177130112684214e+00
3.0547466888959325e+00
3.0646274160671436e+00
3.0601852097611553e+00
3.0536220136315331e+00
3.0447418930890775e+00
3.0322897237768207e+00
3.0169772756821747e+00
2.9996223817490524e+00
2.9808512012725692e+00
2.9612710156046780e+00
2.9414456777746230e+00
2.9218752617397135e+00
2.9029566157179096e+00
2.8850733693343442e+00
2.8690230287961125e+00
2.8566381883067478e+00
2.8508591220061610e+00
2.8547432804952222e+00
2.8700437776403018e+00
2.8963685879802048e+00
2.9314752688030765e+00
2.9720950920896256e+00
3.0146432244802934e+00
3.0555230064561512e+00
3.0916539538433603e+00
3.1208401009255962e+00
3.1419504574486754e+00
3.1550105084917774e+00
3.1609987408285138e+00
3.1614246303667772e+00
3.1579369949359761e+00
3.1510720075163854e+00
3.1402923205518301e+00
3.1237070048534048e+00
3.0986868312231248e+00
3.0629409269044734e+00
3.0152511890911198e+00
2.9556737562890523e+00
2.8855019004303584e+00
2.8070274324975184e+00
2.7230972013212944e+00
2.6366850974282778e+00
2.5505136987320935e+00
2.4666119980400749e+00
2.3854974877320894e+00
2.3069302808921508e+00
2.2240703181817798e+00
2.1516097484848711e+00
2.0864928500289350e+00
2.1922384635558267e+00
2.5619580921592866e+00
2.8954908402500208e+00
2.9694826043222160e+00
2.9632502373760983e+00
2.9603299641076379e+00
2.9756689295587897e+00
2.9925380551156633e+00
3.0029976448557658e+00
3.0101935845481265e+00
3.0108549125466473e+00
2.9956051586199002e+00
2.9731271488757907e+00
2.9771280909683919e+00
3.0045658330972276e+00
3.0406131685982727e+00
3.0512913379429674e+00
3.0471422835475708e+00
3.0414402574497110e+00
3.0351042976775737e+00
3.0261873429556885e+00
3.0144611456485415e+00
3.0002788535130676e+00
2.9841276275595625e+00
2.9666600838284980e+00
2.9485708268958302e+00
2.9305138630702983e+00
2.9130585493623058e+00
2.8968104838126036e+00
2.8828492473783758e+00
2.8731948092973596e+00
2.8706026610150075e+00
2.8774564958586040e+00
2.8945611172978385e+00
2.9207233764164591e+00
2.9533012311614106e+00
2.9890106056399302e+00
3.0244891810754613e+00
3.0567488846326740e+00
3.0836469895949272e+00
3.1040042468762836e+00
3.1176241329681864e+00
3.1251809677457252e+00
3.1277907110037173e+00
3.1267128592376912e+00
3.1231515384866517e+00
3.1174581620051596e+00
3.1092479832307287e+00
3.0971680336169318e+00
3.0791920002131450e+00
3.0532804661642268e+00
3.0177454641378034e+00
2.9716746088908459e+00
2.9151621878832561e+00
2.8492803896436238e+00
2.7758807675236237e+00
2.6972713379813800e+00
2.6158426327216713e+00
2.5336973865836585e+00
2.4513867878699540e+00
2.3685844884324090e+00
2.2824902607984385e+00
2.2056917257406519e+00
2.1724052824666407e+00
2.3319633506066633e+00
2.6567851198659338e+00
2.9091648485449584e+00
2.9647490975361688e+00
2.9585174910521967e+00
2.9593613220666359e+00
2.9740217052210443e+00
2.9873212482056966e+00
2.9944585095687160e+00
2.9997225813941273e+00
2.9999493684973864e+00
2.9854942405688343e+00
2.9642627765195604e+00
2.9673610336231127e+00
2.9933923519274308e+00
3.0281587379574613e+00
3.0391105760567689e+00
3.0350691986599334e+00
3.0300101510061448e+00
3.0257471554528164e+00
3.0197765942932389e+00
3.0111079732716255e+00
2.9997601121992310e+00
2.9861078029287023e+00
2.9707826109352315e+00
2.9545287937733500e+00
2.9380907994487515e+00
2.9221810526918368e+00
2.9076125577936098e+00
2.8956968164725256e+00
2.8885279303375411e+00
2.8885502378853962e+00
2.8974450606261120e+00
2.9152062663558151e+00
2.9401018003283617e+00
2.9693390468002745e+00
2.9998109460044735e+00
3.0285681719422302e+00
3.0533755266495790e+00
3.0729073354436491e+00
3.0867314196171907e+00
3.0952140863846282e+00
3.0992275616474712e+00
3.0998012196904612e+00
3.0979088103885992e+00
3.0944150351491921e+00
3.0895404042075261e+00
3.0829993193700438e+00
3.0738058724632018e+00
3.0604431251610436e+00
3.0412440771020810e+00
3.0145161797074493e+00
2.9789121959338845e+00
2.9337431508680858e+00
2.8791522022718525e+00
2.8160717318563839e+00
2.7460537958646207e+00
2.6709461710728921e+00
2.5924507976673170e+00
2.5113148241565701e+00
2.4272738823797040e+00
2.3430721752355246e+00
2.2718287521886862e+00
2.2762042587764535e+00
2.4483682860174740e+00
2.7233399033118069e+00
2.9144874749093019e+00
2.9580097382769139e+00
2.9545505994119714e+00
2.9587471708872513e+00
2.9725571766455672e+00
2.9826277633002363e+00
2.9867072072915755e+00
2.9899559468743249e+00
2.9895561145335994e+00
2.9760251070581223e+00
2.9563172778222122e+00
2.9589490133088239e+00
2.9838267493145540e+00
3.0171278067217502e+00
3.0280277777756295e+00
3.0241106435074605e+00
3.0196653687074200e+00
3.0170717111320937e+00
3.0133950375144614e+00
3.0071540754532808e+00
2.9982217311090649e+00
2.9868936648632207e+00
2.9737049626552694e+00
2.9593578778602097e+00
2.9446230561625235e+00
2.9303183613225898e+00
2.9174360552930487e+00
2.9074582936314113e+00
2.9024530082068192e+00
2.9044784410391218e+00
2.9145553900543444e+00
2.9320558720584464e+00
2.9549435111107960e+00
2.9804681104243205e+00
3.0058050541377965e+00
3.0285747478690563e+00
3.0472317777812306e+00
3.0610834526558794e+00
3.0701927707905461e+00
3.0751810093529230e+00
3.0769155005950584e+00
3.0762530921853473e+00
3.0739292337204485e+00
3.0705634697083819e+00
3.0662911748210968e+00
3.0608927983611265e+00
3.0536362189931427e+00
3.0433811352981732e+00
3.0287903467071331e+00
3.0083773652451300e+00
2.9806923095681910e+00
2.9446348686083654e+00
2.8996999583879393e+00
2.8460827123839274e+00
2.7846128172208875e+00
2.7165380442632423e+00
2.6431083512466151e+00
2.5652262734517168e+00
2.4836249282274294e+00
2.4048659142198057e+00
2.3485848688125661e+00
2.3781106188361569e+00
2.5421152129575177e+00
2.7681957237653192e+00
2.9145615216590790e+00
2.9502693181131141e+00
2.9506874614897729e+00
2.9577894940989440e+00
2.9708893786139448e+00
2.9785625195154637e+00
2.9802531092682139e+00
2.9815551993321261e+00
2.9802101533485046e+00
2.9673884539185300e+00
2.9492212391612549e+00
2.9516967695484513e+00
2.9756401572618669e+00
3.0073598758316242e+00
3.0180062332848379e+00
3.0143037301955879e+00
3.0104908525557992e+00
3.0092000316427967e+00
3.0072098308053219e+00
3.0028191154825179e+00
2.9959100712546709e+00
2.9867082937560685e+00
2.9755920206702862e+00
2.9631568232773864e+00
2.9501543214991917e+00
2.9374714501558130e+00
2.9262407255982259e+00
2.9180473836510341e+00
2.9148504304580509e+00
2.9182960419453288e+00
2.9288369270746131e+00
2.9454161372058749e+00
2.9658738492400358e+00
2.9876297581095730e+00
3.0082405940028529e+00
3.0259054549327749e+00
3.0396422058302361e+00
3.0492121391504963e+00
3.0549654385431850e+00
3.0575870286353717e+00
3.0578534963572475e+00
3.0564474466787424e+00
3.0539167099239117e+00
3.0507052056117097e+00
3.0468908344768257e+00
3.0422997037260697e+00
3.0363774041715641e+00
3.0282552065512034e+00
3.0168789186436635e+00
3.0009977959247816e+00
2.9792409872996459e+00
2.9503583314691570e+00
2.9134535316604477e+00
2.8681732810082918e+00
2.8147473039574025e+00
2.7538704474628868e+00
2.6864242138449610e+00
2.6135002389526769e+00
2.5373801779009870e+00
2.4670204322812639e+00
2.4273313734763553e+00
2.4696459347176263e+00
2.6163526121210956e+00
2.7985165771184679e+00
2.9122073396835826e+00
2.9426524758353207e+00
2.9466475902764149e+00
2.9559561892662041e+00
2.9685707018937584e+00
2.9748691729274479e+00
2.9751100668292758e+00
2.9747683322655258e+00
2.9722190706610441e+00
2.9597385421613889e+00
2.9429602372793808e+00
2.9454878720966304e+00
2.9686486061959010e+00
2.9987375051563667e+00
3.0090151491477051e+00
3.0056167938712512e+00
3.0024323072188954e+00
3.0021167640551161e+00
3.0013161960318278e+00
2.9983215081972783e+00
2.9931027318360632e+00
2.9858066744299521e+00
2.9766307484223025e+00
2.9660393855754492e+00
2.9547395808117605e+00
2.9436529651661432e+00
2.9340034761630549e+00
2.9274113942632445e+00
2.9256676949737388e+00
2.9300199230352160e+00
2.9404691438508612e+00
2.9556964363261931e+00
2.9735565413554252e+00
2.9917119635122127e+00
3.0081584616645123e+00
3.0216025256496311e+00
3.0314910763941714e+00
3.0378866302487419e+00
3.0412684248523489e+00
3.0422953554129686e+00
3.0416222569929952e+00
3.0397823429397746e+00
3.0371804826048692e+00
3.0341341819773802e+00
3.0306826811560081e+00
3.0266841073211048e+00
3.0217097693647017e+00
3.0150907748382156e+00
3.0059965821801535e+00
2.9933902913705608e+00
2.9760610383449584e+00
2.9527617868418443e+00
2.9224111961336154e+00
2.8842915779345879e+00
2.8381770983065255e+00
2.7843178496477585e+00
2.7233450123436880e+00
2.6566028049985975e+00
2.5877788185410320e+00
2.5274391731651566e+00
2.5014382478891339e+00
2.5484094742159509e+00
2.6746002149486783e+00
2.8200624891459025e+00
2.9095064180359875e+00
2.9361400520374925e+00
2.9427697554202314e+00
2.9533504945273346e+00
2.9654913718615581e+00
2.9712534344535033e+00
2.9710152033676382e+00
2.9695486135943536e+00
2.9657168422453632e+00
2.9531977706871331e+00
2.9375432050619188e+00
2.9402195476882982e+00
2.9626893905151968e+00
2.9911584679924705e+00
3.0010168726589801e+00
2.9979811201080784e+00
2.9953808310371750e+00
2.9957621770366560e+00
2.9957818355427377e+00
2.9938512582246286e+00
2.9900389424946630e+00
2.9844069853828983e+00
2.9769862773919771e+00
2.9681168311698829e+00
2.9584452121348912e+00
2.9488941733247107e+00
2.9407273688990534e+00
2.9355394800041195e+00
2.9349184472685228e+00
2.9397533953067350e+00
2.9497127649269812e+00
2.9633473694200756e+00
2.9786227111545078e+00
2.9934946152280562e+00
3.0063869490174757e+00
3.0164183660660555e+00
3.0233468385890538e+00
3.0274140501016888e+00
3.0291318236050531e+00
3.0290911416621160e+00
3.0278273214667153e+00
3.0257515414991882e+00
3.0231619702618122e+00
3.0202846385781310e+00
3.0171326714692803e+00
3.0135871603176247e+00
3.0093100525941074e+00
3.0037799697794894e+00
2.9963369151260837e+00
2.9861315674793101e+00
2.9721238815219149e+00
2.9531534124834877e+00
2.9280926341947513e+00
2.8960243180470062e+00
2.8564056727405429e+00
2.8091695881843286e+00
2.7547991487230519e+00
2.6949057223281581e+00
2.6341580652680854e+00
2.5839438236324432e+00
2.5680501322254377e+00
2.6143536409501880e+00
2.7203742426011428e+00
2.8361982438833961e+00
2.9073854332590394e+00
2.9311174573364696e+00
2.9394328493911299e+00
2.9503962569191042e+00
2.9618662367615229e+00
2.9675542950168046e+00
2.9676152954604813e+00
2.9656579552221936e+00
2.9606879826040018e+00
2.9478392084030753e+00
2.9329822855801009e+00
2.9357962122641048e+00
2.9576264702559931e+00
2.9845307725040171e+00
2.9939601250153181e+00
2.9913072001099996e+00
2.9892154980747536e+00
2.9900714096117338e+00
2.9906538279492256e+00
2.9895470822966841e+00
2.9868930986234417e+00
2.9826767173458002e+00
2.9768013752108704e+00
2.9695016654658426e+00
2.9613526794018545e+00
2.9532484763811500e+00
2.9464453412585501e+00
2.9424629566071285e+00
2.9426728227910828e+00
2.9476603934936678e+00
2.9568682871704368e+00
2.9688172366931243e+00
2.9816442575030608e+00
2.9936199612116483e+00
3.0035483273191375e+00
3.0108671605443544e+00
3.0155479473766995e+00
3.0179211667990469e+00
3.0184807075004687e+00
3.0177345613419573e+00
3.0161130289994125e+00
3.0139304760337500e+00
3.0114054589452270e+00
3.0086975715044293e+00
3.0058020667945069e+00
3.0026169778457099e+00
2.9988711649185844e+00
2.9941525378046694e+00
2.9879326592267690e+00
2.9795173164183066e+00
2.9680237051168947e+00
2.9524169916764360e+00
2.9316068017333690e+00
2.9045987352782046e+00
2.8706667281946876e+00
2.8295343832285660e+00
2.7816137563463861e+00
2.7287339636588159e+00
2.6761000692627701e+00
2.6350983881148720e+00
2.6261484194353502e+00
2.6688345298207725e+00
2.7565798995627597e+00
2.8488560867112969e+00
2.9061552321367752e+00
2.9275425131367707e+00
2.9368033949223489e+00
2.9475123057593575e+00
2.9580650802194270e+00
2.9637898371703466e+00
2.9646097572406545e+00
2.9627684860273629e+00
2.9569900195103993e+00
2.9436676904476613e+00
2.9292819962553569e+00
2.9321381240253124e+00
2.9533462050479593e+00
2.9787669321101942e+00
2.9877794835934930e+00
2.9854961271113538e+00
2.9838230477294769e+00
2.9849869957723567e+00
2.9859585887092992e+00
2.9854955245000441e+00
2.9837808424589940e+00
2.9807425655722803e+00
2.9762013597551835e+00
2.9703060188300228e+00
2.9635536121516015e+00
2.9567860133926813e+00
2.9512135005983424e+00
2.9482454770239017e+00
2.9490399094224062e+00
2.9539372135627171e+00
2.9622427675385645e+00
2.9725206519125456e+00
2.9831106792653639e+00
2.9925954272551665e+00
3.0000955219164687e+00
3.0052869473804291e+00
3.0082777518514585e+00
3.0094292712868960e+00
3.0091917560563952e+00
3.0079909959827988e+00
3.0061689226948540e+00
3.0039644970976616e+00
3.0015367203008982e+00
2.9989968081503737e+00
2.9963278677502925e+00
2.9934409052182196e+00
2.9901149381259664e+00
2.9860198385191619e+00
2.9807288303082533e+00
2.9736721612714963e+00
2.9641075734665385e+00
2.9511323893572974e+00
2.9337399970524549e+00
2.9109410162628038e+00
2.8819315230947096e+00
2.8463211509042865e+00
2.8044934413698019e+00
2.7584090240878716e+00
2.7134265775677959e+00
2.6802774870120927e+00
2.6758302619301699e+00
2.7136280092919951e+00
2.7855398479445985e+00
2.8592434642933680e+00
2.9058393084510077e+00
2.9251966204919349e+00
2.9348622240908564e+00
2.9449608182493803e+00
2.9544406520308186e+00
2.9601029440309397e+00
2.9618224902633776e+00
2.9605601883751338e+00
2.9543998598072179e+00
2.9406183902633884e+00
2.9264299303732986e+00
2.9291803344510665e+00
2.9497547938780051e+00
2.9737830405938093e+00
2.9823993857354192e+00
2.9804492968195895e+00
2.9791057496497397e+00
2.9804591152445807e+00
2.9817020713528386e+00
2.9817404951946105e+00
2.9807743156790871e+00
2.9787005525773194e+00
2.9752945068786958e+00
2.9706353488313675e+00
2.9651409656997076e+00
2.9595854174984071e+00
2.9551040739969987e+00
2.9529739994330577e+00
2.9541531536842567e+00
2.9587926430231652e+00
2.9661298870233144e+00
2.9748215484949188e+00
2.9834256130647843e+00
2.9908093372190470e+00
2.9963476444475581e+00
2.9998891539075085e+00
3.0016205495424759e+00
3.0019000627631187e+00
3.0011238157930671e+00
2.9996431283901503e+00
2.9977272869458975e+00
2.9955569037166820e+00
2.9932465016299257e+00
2.9908717562289242e+00
2.9884078842053889e+00
2.9857760469791428e+00
2.9827934918266252e+00
2.9791925809456599e+00
2.9746251412375848e+00
2.9686215726054299e+00
2.9605604464145152e+00
2.9496636400471368e+00
2.9350301187306309e+00
2.9157267178092345e+00
2.8909457682222492e+00
2.8602548867838808e+00
2.8240297675962416e+00
2.7842683741966772e+00
2.7461914163279935e+00
2.7194947745353555e+00
2.7178315650767777e+00
2.7504304767106849e+00
2.8090208686824560e+00
2.8681110744016194e+00
2.9063378279742622e+00
2.9238369508208191e+00
2.9335075610702184e+00
2.9428477261852071e+00
2.9512270961023050e+00
2.9566650218606743e+00
2.9591942663395328e+00
2.9587785290385828e+00
2.9526658278656934e+00
2.9385708784741542e+00
2.9243895011160954e+00
2.9268672640499167e+00
2.9467706095718391e+00
2.9694951503799674e+00
2.9777384855408258e+00
2.9760745277500908e+00
2.9749814826215930e+00
2.9764422579533281e+00
2.9778731277293256e+00
2.9782967281118955e+00
2.9779170825501957e+00
2.9766232146471858e+00
2.9741710405098649e+00
2.9705837958654002e+00
2.9662039330917116e+00
2.9617289958543846e+00
2.9581998028733421e+00
2.9567501343432876e+00
2.9581574986155674e+00
2.9624330837847346e+00
2.9687983627205576e+00
2.9760325388905726e+00
2.9829116397628126e+00
2.9885502601570608e+00
2.9925222123382538e+00
2.9947965665286471e+00
2.9955986116597750e+00
2.9952645190021712e+00
2.9941348220708228e+00
2.9924961150917002e+00
2.9905591210195590e+00
2.9884593152410135e+00
2.9862779610095114e+00
2.9840645689953242e+00
2.9817894297769612e+00
2.9793819399141479e+00
2.9766891580709052e+00
2.9734915354788138e+00
2.9695023786854478e+00
2.9643327676807734e+00
2.9574623054875766e+00
2.9482263584424326e+00
2.9358342170254779e+00
2.9194367043432288e+00
2.8982691157923370e+00
2.8719062103179716e+00
2.8407235380326554e+00
2.8066741674693882e+00
2.7746454053216647e+00
2.7531458941462197e+00
2.7530950387134987e+00
2.7807170295244075e+00
2.8283169577118898e+00
2.8759035902374492e+00
2.9075003575371712e+00
2.9232524349630333e+00
2.9326339155264765e+00
2.9411797014821657e+00
2.9485279218936915e+00
2.9536070413654896e+00
2.9567379600648018e+00
2.9572525896341566e+00
2.9515495954468407e+00
2.9373688406507701e+00
2.9230983739969458e+00
2.9251466315106334e+00
2.9443240325688476e+00
2.9658234509721431e+00
2.9737149919809602e+00
2.9722884958679949e+00
2.9713807498992706e+00
2.9728925261226089e+00
2.9744487719289481e+00
2.9751614714533954e+00
2.9752341163961278e+00
2.9745639310014282e+00
2.9729036646641953e+00
2.9702328541825360e+00
2.9668256106363979e+00
2.9632994140595539e+00
2.9605889184665357e+00
2.9596825473743160e+00
2.9611995953572361e+00
2.9650530402092152e+00
2.9704856534777813e+00
2.9764140884706376e+00
2.9818206033639472e+00
2.9860280609028775e+00
2.9887625174770753e+00
2.9900728737903632e+00
2.9901972786377709e+00
2.9894403186903116e+00
2.9880902180805520e+00
2.9863786916460646e+00
2.9844696206739783e+00
2.9824636480414206e+00
2.9804170897708722e+00
2.9783602575192512e+00
2.9762606858267895e+00
2.9740546514390340e+00
2.9716127770433305e+00
2.9687530349432887e+00
2.9652373308147038e+00
2.9607418582889533e+00
2.9548303465913914e+00
2.9469383904180271e+00
2.9363810228396270e+00
2.9224046250058815e+00
2.9043141061969786e+00
2.8817206039353791e+00
2.8549988085691660e+00
2.8259996724059446e+00
2.7991587605293642e+00
2.7817986803555534e+00
2.7825971151659963e+00
2.8057255250970319e+00
2.8443685394677369e+00
2.8828771992050588e+00
2.9091617671627206e+00
2.9232673977004699e+00
2.9321557630815978e+00
2.9399210737734949e+00
2.9463539283986000e+00
2.9509965041468718e+00
2.9544922300513039e+00
2.9558846945636152e+00
2.9508500079204398e+00
2.9368417504781474e+00
2.9224725690721289e+00
2.9239657734297229e+00
2.9423529776536412e+00
2.9626920671246699e+00
2.9702498490081837e+00
2.9690167457385441e+00
2.9682432370000251e+00
2.9697666976390837e+00
2.9713993376600043e+00
2.9723221027236604e+00
2.9727375612886853e+00
2.9725603034582204e+00
2.9715493948649976e+00
2.9696517124568773e+00
2.9670817053295235e+00
2.9643767475120133e+00
2.9623606141574990e+00
2.9618807224885724e+00
2.9634208464643699e+00
2.9668295037284409e+00
2.9713960005967670e+00
2.9761778254392914e+00
2.9803452790504510e+00
2.9833920518490844e+00
2.9851584454388256e+00
2.9857431593408008e+00
2.9853812249776097e+00
2.9843421250582969e+00
2.9828670038874532e+00
2.9811419050129215e+00
2.9792934118304486e+00
2.9773952905573808e+00
2.9754851506837081e+00
2.9735792520593418e+00
2.9716439095346328e+00
2.9696213310010831e+00
2.9674010456986384e+00
2.9648307484385712e+00
2.9617111641167710e+00
2.9577713015980596e+00
2.9526447523056927e+00
2.9458536574229899e+00
2.9368102924670092e+00
2.9248577433634901e+00
2.9093823047752889e+00
2.8900458547868237e+00
2.8672167585276038e+00
2.8426091983605146e+00
2.8201573988281812e+00
2.8060791409326642e+00
2.8072544409997326e+00
2.8264686622657011e+00
2.8578632452688324e+00
2.8891803458838274e+00
2.9111652674745381e+00
2.9237335138542426e+00
2.9320036292815592e+00
2.9390237214678758e+00
2.9446656704175602e+00
2.9488454956324377e+00
2.9524930083700176e+00
2.9546291034410741e+00
2.9504129830943540e+00
2.9368244314282212e+00
2.9224140010277737e+00
2.9232694762877420e+00
2.9408013426819890e+00
2.9600310826627578e+00
2.9672696682977615e+00
2.9661931609827721e+00
2.9655153549365707e+00
2.9670225089092495e+00
2.9686923415997821e+00
2.9697609823601692e+00
2.9704308944078135e+00
2.9706377120264116e+00
2.9701522324461904e+00
2.9688984462471479e+00
2.9670398636790125e+00
2.9650363467140419e+00
2.9636014105413535e+00
2.9634502839078771e+00
2.9649529529748215e+00
2.9679194889996703e+00
2.9717011155388060e+00
2.9754930500965315e+00
2.9786307311471840e+00
2.9807457817202239e+00
2.9817625220104227e+00
2.9818080491492012e+00
2.9811047452126629e+00
2.9798871413330450e+00
2.9783551982309002e+00
2.9766572808962364e+00
2.9748903769496859e+00
2.9731075877313180e+00
2.9713325210599217e+00
2.9695711911705058e+00
2.9677898015621205e+00
2.9659357857634503e+00
2.9639140995088384e+00
2.9615962282399977e+00
2.9588142535307789e+00
2.9553401752792090e+00
2.9508656627442691e+00
2.9449867951969351e+00
2.9372026371094413e+00
2.9269480898664493e+00
2.9136926878153639e+00
2.8971533809803121e+00
2.8776863766912535e+00
2.8568499899972943e+00
2.8380786581547932e+00
2.8266013973184188e+00
2.8278750785737929e+00
2.8437579911744066e+00
2.8693088522287877e+00
2.8949026806428835e+00
2.9133764246015472e+00
2.9245264901560297e+00
2.9321172584074056e+00
2.9384381845130227e+00
2.9434030035864396e+00
2.9471288223782470e+00
2.9507606916607867e+00
2.9534706323790778e+00
2.9501288234709908e+00
2.9371691424232456e+00
2.9228191266973327e+00
2.9229998075455423e+00
2.9396180000294163e+00
2.9577778335471381e+00
2.9647080249818623e+00
2.9637591609495351e+00
2.9631488684070901e+00
2.9646194167651725e+00
2.9662950153640826e+00
2.9674580962077894e+00
2.9683115026655811e+00
2.9688121866525048e+00
2.9687457072056143e+00
2.9680212985633565e+00
2.9667596436998847e+00
2.9653475577230597e+00
2.9643928917633233e+00
2.9644900731635300e+00
2.9659151459170836e+00
2.9684593835632400e+00
2.9715438201047979e+00
2.9744931336859737e+00
2.9767844566637951e+00
2.9781591691196696e+00
2.9786018165048183e+00
2.9782533098830508e+00
2.9773182065480217e+00
2.9759981255785819e+00
2.9744576879482691e+00
2.9728144478917353e+00
2.9711419176950331e+00
2.9694773501303304e+00
2.9678338888286819e+00
2.9662101936136533e+00
2.9645730915311614e+00
2.9628747086297049e+00
2.9610327735003201e+00
2.9589380316381102e+00
2.9564481009651771e+00
2.9533702833223927e+00
2.9494445538499465e+00
2.9443296473200911e+00
2.9376005918164960e+00
2.9287759884026272e+00
2.9174045142590823e+00
2.9032563349042255e+00
2.8866709476137071e+00
2.8690441671617695e+00
2.8533406841408064e+00
2.8439298132203188e+00
2.8451492277559538e+00
2.8582404473705414e+00
2.8790868597985093e+00
2.9001037899656406e+00
2.9156883637049056e+00
2.9255452726138054e+00
2.9324423817414953e+00
2.9381161940701874e+00
2.9425011570795587e+00
2.9458014033333613e+00
2.9492983308155738e+00
2.9524088164983175e+00
2.9499254794892891e+00
2.9377530050429623e+00
2.9235866775131814e+00
2.9230970803610710e+00
2.9387554528796458e+00
2.9558764340232675e+00
2.9625059392106965e+00
2.9616629163651202e+00
2.9611000258062568e+00
2.9625192175405526e+00
2.9641757180552908e+00
2.9653925432980563e+00
2.9663726698829267e+00
2.9670928523999525e+00
2.9673549641626455e+00
2.9670599044614314e+00
2.9662927386665152e+00
2.9653729825271107e+00
2.9648100110458060e+00
2.9650901736568178e+00
2.9664131075712956e+00
2.9685655807089906e+00
2.9710409045220532e+00
2.9732817624981451e+00
2.9748847110027032e+00
2.9756773673895087e+00
2.9756862800258581e+00
2.9750562730287018e+00
2.9739718711836201e+00
2.9726047944318554e+00
2.9710896727407752e+00
2.9695189801612774e+00
2.9679477328787875e+00
2.9664010054582364e+00
2.9648841784316460e+00
2.9633907394088830e+00
2.9618886564976852e+00
2.9603343070965491e+00
2.9586560753745066e+00
2.9567605119694771e+00
2.9545262059104260e+00
2.9517896371243042e+00
2.9483309396662243e+00
2.9438617718155804e+00
2.9380227945392678e+00
2.9304067222290020e+00
2.9206341684645252e+00
2.9085234525685171e+00
2.8943940715849026e+00
2.8794820051143977e+00
2.8663265548053989e+00
2.8585642465209351e+00
2.8596544685432645e+00
2.8704303942343894e+00
2.8874894918094256e+00
2.9048281417360489e+00
2.9180204499858458e+00
2.9267099238474086e+00
2.9329303219668135e+00
2.9380118506076864e+00
2.9418980239075156e+00
2.9448103522927442e+00
2.9480950114420192e+00
2.9514480292435987e+00
2.9497586644501324e+00
2.9384780520219760e+00
2.9246226927040104e+00
2.9235015918455947e+00
2.9381695306592848e+00
2.9542778544719126e+00
2.9606118651316242e+00
2.9598586580017980e+00
2.9593293301384596e+00
2.9606865708348722e+00
2.9623047120566439e+00
2.9635434804450078e+00
2.9646051188657498e+00
2.9654838869685074e+00
2.9659985309563077e+00
2.9660464860313391e+00
2.9656834608884073e+00
2.9651681696111809e+00
2.9649202757188102e+00
2.9653310540795847e+00
2.9665388968061888e+00
2.9683360803147241e+00
2.9702867203884602e+00
2.9719386101538112e+00
2.9729875206938168e+00
2.9733279295100856e+00
2.9730146707206946e+00
2.9721900225253566e+00
2.9710181180010351e+00
2.9696441222865642e+00
2.9681774423804463e+00
2.9666902499651568e+00
2.9652230155181507e+00
2.9637914605784204e+00
2.9623952965197566e+00
2.9610244812766857e+00
2.9596484294262337e+00
2.9582274033109286e+00
2.9566988072992362e+00
2.9549822299629662e+00
2.9529736623886844e+00
2.9505338139463180e+00
2.9474763129190618e+00
2.9435573923831155e+00
2.9384737688331555e+00
2.9318826117098777e+00
2.9234680005748244e+00
2.9130898008146962e+00
2.9010454364135225e+00
2.8884200111759846e+00
2.8773769394572257e+00
2.8709365820196293e+00
2.8718693253116072e+00
2.8807382054082495e+00
2.8947445346850262e+00
2.9091127614611287e+00
2.9203146215309546e+00
2.9279587132216802e+00
2.9335384107648532e+00
2.9380824642117531e+00
2.9415372444468892e+00
2.9441022721878718e+00
2.9471305781041361e+00
2.9505921709415359e+00
2.9496039979242421e+00
2.9392709892458644e+00
2.9258446691250990e+00
2.9241556142745564e+00
2.9378192200602089e+00
2.9529391485337344e+00
2.9589811190571469e+00
2.9583061206977788e+00
2.9578012235751778e+00
2.9590892421320567e+00
2.9606545112078670e+00
2.9618906970155363e+00
2.9629981038030779e+00
2.9639859483487032e+00
2.9646897286983704e+00
2.9650069466304130e+00
2.9649693767935945e+00
2.9647817243551935e+00
2.9647834400158510e+00
2.9652833886665917e+00
2.9663715322835520e+00
2.9678522706617110e+00
2.9693566527088420e+00
2.9705241578326009e+00
2.9711320284387872e+00
2.9711258784367924e+00
2.9705786617049599e+00
2.9696261106324449e+00
2.9684126563654196e+00
2.9670602536329844e+00
2.9656572963846641e+00
2.9642595711222741e+00
2.9628960783140110e+00
2.9615754751009407e+00
2.9602933814880066e+00
2.9590374238579131e+00
2.9577786855762027e+00
2.9564809730986052e+00
2.9550893804920779e+00
2.9535343716292268e+00
2.9517264662423774e+00
2.9495465913116754e+00
2.9468363655429393e+00
2.9433895033216935e+00
2.9389502894702972e+00
2.9332311866430776e+00
2.9259709762298907e+00
2.9170642474175246e+00
2.9067854569882705e+00
2.8960812829697216e+00
2.8867885677031850e+00
2.8814143652236948e+00
2.8821875804640116e+00
2.8894924484605893e+00
2.9010331335696455e+00
2.9129913982696944e+00
2.9225303088710755e+00
2.9292446701930528e+00
2.9342301042548833e+00
2.9382895513622063e+00
2.9413692169366934e+00
2.9436271175046551e+00
2.9463797271665393e+00
2.9498427065674981e+00
2.9494499998872725e+00
2.9400788698632438e+00
2.9271825007802743e+00
2.9250049963314009e+00
2.9376668957608123e+00
2.9518231604282885e+00
2.9575754088932915e+00
2.9569700735858140e+00
2.9564839367497173e+00
2.9576981593771805e+00
2.9592000020904519e+00
2.9604150138328631e+00
2.9615402090237199e+00
2.9625972326115080e+00
2.9634377601908519e+00
2.9639618368167788e+00
2.9641819742948190e+00
2.9642556073251427e+00
2.9644516042863773e+00
2.9650083329945152e+00
2.9659779904140442e+00
2.9671810796080464e+00
2.9683102794341281e+00
2.9690836733609069e+00
2.9693446958747294e+00
2.9690775024987497e+00
2.9683657185671688e+00
2.9673361943753829e+00
2.9661150051525098e+00
2.9648040561010540e+00
2.9634743234759879e+00
2.9621684214513895e+00
2.9609063525107873e+00
2.9596914632599871e+00
2.9585164911610597e+00
2.9573676389450512e+00
2.9562177810713246e+00
2.9550339560983487e+00
2.9537678577866062e+00
2.9523590987303621e+00
2.9507303946395038e+00
2.9487796416171514e+00
2.9463718946663295e+00
2.9433323468522978e+00
2.9394454616063368e+00
2.9344706379711920e+00
2.9281930436277555e+00
2.9205356492267782e+00
2.9117497665291299e+00
2.9026578182397111e+00
2.8948163108042091e+00
2.8903071079083769e+00
2.8909323949046040e+00
2.8969579276074238e+00
2.9065021041852757e+00
2.9164961643008791e+00
2.9246409049124122e+00
2.9305330332370523e+00
2.9349751755902567e+00
2.9385995696144342e+00
2.9413513429172458e+00
2.9433400101346754e+00
2.9458150775021603e+00
2.9491979653477598e+00
2.9492929854908945e+00
2.9408656924241088e+00
2.9285791397238117e+00
2.9260004868030092e+00
2.9376782863222428e+00
2.9508976380923495e+00
2.9563620017756840e+00
2.9558197989600687e+00
2.9553492721729380e+00
2.9564873292397023e+00
2.9579184544137234e+00
2.9590985059365997e+00
2.9602198559466517e+00
2.9613142247608208e+00
2.9622486014645237e+00
2.9629272438713845e+00
2.9633473661463765e+00
2.9636256015708904e+00
2.9639695791943859e+00
2.9645580992503708e+00
2.9654143606009269e+00
2.9663769909950619e+00
2.9671941826821633e+00
2.9676505220499858e+00
2.9676426000240181e+00
2.9671831133142086e+00
2.9663609967470101e+00
2.9652930646453508e+00
2.9640886721893698e+00
2.9628325529921935e+00
2.9615813302504850e+00
2.9603670189263065e+00
2.9592026577029977e+00
2.9580876235715734e+00
2.9570126982089397e+00
2.9559633343360834e+00
2.9549142357858216e+00
2.9538354074651685e+00
2.9526842276696699e+00
2.9514080594045478e+00
2.9499399258719352e+00
2.9481920042100742e+00
2.9460490244834707e+00
2.9433626297926807e+00
2.9399510855287465e+00
2.9356133388373080e+00
2.9301734422101333e+00
2.9235770793084854e+00
2.9160529412574001e+00
2.9083135222956562e+00
2.9016767235658887e+00
2.8978735835620135e+00
2.8983686542665854e+00
2.9033488294825123e+00
2.9112716652684782e+00
2.9196577644777455e+00
2.9266301607401548e+00
2.9317984544849307e+00
2.9357491013807597e+00
2.9389840816295489e+00
2.9414478005302414e+00
2.9432018278928536e+00
2.9454092552616644e+00
2.9486534978916428e+00
2.9491339029706301e+00
2.9416088385596479e+00
2.9299897203524399e+00
2.9270985485039676e+00
2.9378224841038523e+00
2.9501345436607709e+00
2.9553129816958568e+00
2.9548286856507220e+00
2.9543723595346125e+00
2.9554336560256571e+00
2.9567894444373350e+00
2.9579246163630701e+00
2.9590256745716257e+00
2.9601322926765716e+00
2.9611257267351268e+00
2.9619155152453338e+00
2.9624869278397608e+00
2.9629218314909314e+00
2.9633754158898844e+00
2.9639767244556197e+00
2.9647270796693714e+00
2.9654838772423586e+00
2.9660443765314710e+00
2.9662487852308770e+00
2.9660358861633993e+00
2.9654390473815511e+00
2.9645486968318036e+00
2.9634712377823917e+00
2.9623010536042602e+00
2.9611082879468014e+00
2.9599377718634008e+00
2.9588130370950507e+00
2.9577417534796506e+00
2.9567203916557863e+00
2.9557384783626750e+00
2.9547812062390069e+00
2.9538251026030573e+00
2.9528428833680325e+00
2.9517968613718160e+00
2.9506409925021719e+00
2.9493170624213407e+00
2.9477493077531176e+00
2.9458390257494886e+00
2.9434600777381319e+00
2.9404591017636785e+00
2.9366681893784841e+00
2.9319436920195971e+00
2.9262491685559260e+00
2.9197916979313878e+00
2.9131875528296449e+00
2.9075527259358283e+00
2.9043292739743616e+00
2.9047135685625007e+00
2.9088396971023247e+00
2.9154416973664770e+00
2.9225058549895415e+00
2.9284897597148305e+00
2.9330230492219780e+00
2.9365324260816039e+00
2.9394195120546827e+00
2.9416289787354759e+00
2.9431792450923604e+00
2.9451362361431688e+00
2.9482026399144647e+00
2.9489757157784338e+00
2.9422952503907425e+00
2.9313799975341825e+00
2.9282615834720964e+00
2.9380720260458628e+00
2.9495096419527362e+00
2.9544046975126239e+00
2.9539737694635622e+00
2.9535313831826340e+00
2.9545167441994988e+00
2.9557947240683626e+00
2.9568781998399789e+00
2.9579467328911804e+00
2.9590460971863100e+00
2.9600706853400940e+00
2.9609359147850203e+00
2.9616179226514707e+00
2.9621693649292240e+00
2.9627010573527350e+00
2.9633009397175716e+00
2.9639541727869370e+00
2.9645366886801390e+00
2.9648883378656508e+00
2.9648953648365652e+00
2.9645296372731367e+00
2.9638390413661981e+00
2.9629128556383266e+00
2.9618472047259869e+00
2.9607232103341112e+00
2.9595987234104992e+00
2.9585088793017325e+00
2.9574704899087778e+00
2.9564871062600204e+00
2.9555531263597619e+00
2.9546573489563617e+00
2.9537850662517644e+00
2.9529145788767392e+00
2.9520210850641599e+00
2.9510711927759457e+00
2.9500245027782062e+00
2.9488302772762403e+00
2.9474229763956323e+00
2.9457178708789331e+00
2.9436074988433463e+00
2.9409622827830222e+00
2.9376419964071814e+00
2.9335296440009291e+00
2.9286026082642542e+00
2.9230476619680075e+00
2.9173975182424998e+00
2.9125979980670418e+00
2.9098532167469608e+00
2.9101455571898880e+00
2.9135734088346039e+00
2.9190957917073468e+00
2.9250687553795851e+00
2.9302170615134107e+00
2.9341946676863349e+00
2.9373100431201209e+00
2.9398867444226524e+00
2.9418708295506613e+00
2.9432443962766097e+00
2.9449721399295399e+00
2.9478372230074879e+00
2.9488221412530700e+00
2.9429193110735854e+00
2.9327252896613896e+00
2.9294580364082381e+00
2.9384028698139448e+00
2.9490019308075928e+00
2.9536170298754008e+00
2.9532353518707732e+00
2.9528073377033861e+00
2.9537186678732295e+00
2.9549180565705160e+00
2.9559454738372604e+00
2.9569726857595491e+00
2.9580499099022672e+00
2.9590835449626347e+00
2.9599951534607309e+00
2.9607540957000964e+00
2.9613888026248172e+00
2.9619729930278522e+00
2.9625610435829133e+00
2.9631264893691305e+00
2.9635629123768883e+00
2.9637466716926566e+00
2.9636016448032652e+00
2.9631253115454652e+00
2.9623752921771782e+00
2.9614379286227899e+00
2.9603995298804793e+00
2.9593295938662676e+00
2.9582756278116675e+00
2.9572648526135925e+00
2.9563087790720264e+00
2.9554078406574869e+00
2.9545550045694000e+00
2.9537387361756684e+00
2.9529446814924314e+00
2.9521528390046394e+00
2.9513406852886770e+00
2.9504785733830130e+00
2.9495309706962280e+00
2.9484535291728791e+00
2.9471894095796922e+00
2.9456656971290891e+00
2.9437906495799622e+00
2.9414546178846757e+00
2.9385404308442351e+00
2.9349529447329812e+00
2.9306800948912795e+00
2.9258898534933291e+00
2.9210426869101243e+00
2.9169413287847004e+00
2.9145939592411545e+00
2.9148113489569103e+00
2.9176675262619796e+00
2.9223044234700892e+00
2.9273731293210363e+00
2.9318133882077846e+00
2.9353055636167116e+00
2.9380705261834708e+00
2.9403705575388899e+00
2.9421540940718991e+00
2.9433743636880445e+00
2.9448956514492610e+00
2.9475481452412091e+00
2.9486765384600457e+00
2.9434799413503367e+00
2.9340083900078633e+00
2.9306620372897090e+00
2.9387941614463506e+00
2.9485932331692863e+00
2.9529329180125070e+00
2.9525965417815425e+00
2.9521837126314403e+00
2.9530237331181732e+00
2.9541450709677384e+00
2.9551139972111113e+00
2.9560938415644342e+00
2.9571378334178235e+00
2.9581632626330774e+00
2.9590978675646351e+00
2.9599061763607546e+00
2.9605968262309905e+00
2.9612129107941159e+00
2.9617817037537657e+00
2.9622687471540092e+00
2.9625839131930762e+00
2.9626345103294618e+00
2.9623748179724991e+00
2.9618217961874103e+00
2.9610391471135742e+00
2.9601091235509021e+00
2.9591088471186131e+00
2.9580977144206044e+00
2.9571145507779013e+00
2.9561801610017433e+00
2.9553018941442959e+00
2.9544778595653520e+00
2.9537000886076354e+00
2.9529570109638263e+00
2.9522347951072572e+00
2.9515150591581691e+00
2.9507773536953730e+00
2.9499953179681393e+00
2.9491376192571250e+00
2.9481654013062935e+00
2.9470292495508255e+00
2.9456662624378818e+00
2.9439979412051684e+00
2.9419313323610496e+00
2.9393684271683354e+00
2.9362319585101906e+00
2.9325177757802452e+00
2.9283765734246376e+00
2.9242066408504175e+00
2.9206905170139232e+00
2.9186748295457718e+00
2.9188320504268495e+00
2.9212193343368686e+00
2.9251273957896773e+00
2.9294439065038111e+00
2.9332827740759053e+00
2.9363513341235299e+00
2.9388055206606243e+00
2.9408590850904690e+00
2.9424635855935470e+00
2.9435505871326280e+00
2.9448882006612260e+00
2.9473260238747612e+00
2.9485417872366617e+00
2.9439795230934860e+00
2.9352184363262337e+00
2.9318529168705489e+00
2.9392281313425870e+00
2.9482678375970384e+00
2.9523378573450092e+00
2.9520429561338575e+00
2.9516462383308730e+00
2.9524182420712086e+00
2.9534630848995205e+00
2.9543725815377999e+00
2.9553012050540231e+00
2.9563039682096361e+00
2.9573079730123997e+00
2.9582470120800624e+00
2.9590823599657408e+00
2.9598067505686574e+00
2.9604383269123105e+00
2.9609827895837824e+00
2.9614004756615517e+00
2.9616160299201995e+00
2.9615626380847377e+00
2.9612188780408157e+00
2.9606162040434598e+00
2.9598216017243542e+00
2.9589125622756760e+00
2.9579577487428947e+00
2.9570078175997399e+00
2.9560943345731872e+00
2.9552329293837083e+00
2.9544277111237749e+00
2.9536750927845374e+00
2.9529665488008905e+00
2.9522906878727229e+00
2.9516343174571897e+00
2.9509805800077289e+00
2.9503109164259755e+00
2.9496018558957928e+00
2.9488257034998115e+00
2.9479483435179978e+00
2.9469267079457802e+00
2.9457064024577764e+00
2.9442201010621414e+00
2.9423888487984375e+00
2.9401305597920908e+00
2.9373825364230011e+00
2.9341464237377872e+00
2.9305572170140022e+00
2.9269597869910173e+00
2.9239357195910789e+00
2.9221982275041318e+00
2.9223077798887536e+00
2.9243096284556764e+00
2.9276156532574449e+00
2.9313041578931767e+00
2.9346310309769632e+00
2.9373300868651850e+00
2.9395091604194041e+00
2.9413432463002764e+00
2.9427875011298439e+00
2.9437582670281093e+00
2.9449339080796859e+00
2.9471615790784433e+00
2.9484198182501578e+00
2.9444221235365440e+00
2.9363493317349691e+00
2.9330146843349154e+00
2.9396898050637175e+00
2.9480121837982058e+00
2.9518194996320046e+00
2.9515623157332587e+00
2.9511826028159027e+00
2.9518902728988738e+00
2.9528609372464958e+00
2.9537112149413471e+00
2.9545864868056566e+00
2.9555425255922549e+00
2.9565152153107181e+00
2.9574441788434149e+00
2.9582887200327130e+00
2.9590290182523851e+00
2.9596631945123977e+00
2.9601800618122414e+00
2.9605368950935844e+00
2.9606714816172230e+00
2.9605384216832822e+00
2.9601354407406135e+00
2.9595044610725800e+00
2.9587136583659119e+00
2.9578354072947675e+00
2.9569306760669423e+00
2.9560425943263140e+00
2.9551966844964586e+00
2.9544044187311567e+00
2.9536674105278342e+00
2.9529808684519252e+00
2.9523360030434946e+00
2.9517217521321291e+00
2.9511256350142343e+00
2.9505322170947137e+00
2.9499246640869528e+00
2.9492820460971392e+00
2.9485798387290347e+00
2.9477880204134164e+00
2.9468689700873321e+00
2.9457755353932527e+00
2.9444498370758616e+00
2.9428246635752084e+00
2.9408311438593193e+00
2.9384184438756704e+00
2.9355923602108596e+00
2.9324736958552191e+00
2.9293614665908390e+00
2.9267524194221175e+00
2.9252493477144488e+00
2.9253215830446693e+00
2.9270058208299732e+00
2.9298127450309850e+00
2.9329750253609141e+00
2.9358650288840167e+00
2.9382417827066196e+00
2.9401775863081689e+00
2.9418162683118396e+00
2.9431167976161663e+00
2.9439857754671364e+00
2.9450194637196265e+00
2.9470459724596081e+00
2.9483117901260933e+00
2.9448129071881475e+00
2.9373986842874036e+00
2.9341353577380649e+00
2.9401667888806426e+00
2.9478146192771129e+00
2.9513673354655654e+00
2.9511441875428464e+00
2.9507822260376217e+00
2.9514294647828061e+00
2.9523288218264181e+00
2.9531209575059272e+00
2.9539420880597294e+00
2.9548479127955352e+00
2.9557821301739278e+00
2.9566898913736765e+00
2.9575295604421190e+00
2.9582716306644459e+00
2.9588984411485475e+00
2.9593858330959764e+00
2.9596896398232011e+00
2.9597591770632192e+00
2.9595665652277914e+00
2.9591243644031384e+00
2.9584817479415726e+00
2.9577065298016625e+00
2.9568658552561233e+00
2.9560137574563714e+00
2.9551868906779908e+00
2.9544057751993473e+00
2.9536785628720863e+00
2.9530049672550729e+00
2.9523793792242774e+00
2.9517929624296269e+00
2.9512350919028321e+00
2.9506940331563669e+00
2.9501556782688967e+00
2.9496047598760740e+00
2.9490225920987347e+00
2.9483874168998172e+00
2.9476727623449457e+00
2.9468456914081105e+00
2.9458652338302795e+00
2.9446815069747734e+00
2.9432371680774447e+00
2.9414743229696234e+00
2.9393517707760681e+00
2.9368781954561181e+00
2.9341616126412511e+00
2.9314617024544565e+00
2.9292038383336778e+00
2.9278991926149387e+00
2.9279425645687982e+00
2.9293643620027052e+00
2.9317560229753830e+00
2.9344758597574869e+00
2.9369921842284326e+00
2.9390876899051537e+00
2.9408085085518714e+00
2.9422732465049468e+00
2.9434446719232041e+00
2.9442241128096116e+00
2.9451338883817733e+00
2.9469710315191913e+00
2.9482180565560143e+00
2.9451573432094249e+00
2.9383668336782685e+00
2.9352064070983919e+00
2.9406489855406419e+00
2.9476651412530557e+00
2.9509723621763282e+00
2.9507796920460931e+00
2.9504360271218859e+00
2.9510268330077443e+00
2.9518581366410950e+00
2.9525938440785975e+00
2.9533610774226338e+00
2.9542147861369523e+00
2.9551055899697762e+00
2.9559838263341165e+00
2.9568077371218702e+00
2.9575405587903871e+00
2.9581524449323808e+00
2.9586095241044994e+00
2.9588673917628530e+00
2.9588853547917378e+00
2.9586496956417778e+00
2.9581842253441764e+00
2.9575428196786819e+00
2.9567918033168308e+00
2.9559931441326062e+00
2.9551946580224238e+00
2.9544274516981255e+00
2.9537079235560375e+00
2.9530415855592977e+00
2.9524267302903877e+00
2.9518572326785262e+00
2.9513243693850182e+00
2.9508180235000929e+00
2.9503272196750530e+00
2.9498390778260601e+00
2.9493397554088698e+00
2.9488125506018323e+00
2.9482381254418315e+00
2.9475930954453915e+00
2.9468485611227511e+00
2.9459688403667741e+00
2.9449108377487807e+00
2.9436255121054171e+00
2.9420640910594633e+00
2.9401931957343552e+00
2.9380234190207744e+00
2.9356512975203550e+00
2.9333027603493496e+00
2.9313430354858818e+00
2.9302070551733088e+00
2.9302283908526054e+00
2.9314327082935114e+00
2.9334776353719860e+00
2.9358241917077579e+00
2.9380201131429735e+00
2.9398700198313770e+00
2.9414008773774230e+00
2.9427107666837560e+00
2.9437661004657039e+00
2.9444664230044424e+00
2.9452682634540377e+00
2.9469293871501949e+00
2.9481383876690637e+00
2.9454608300001146e+00
2.9392559974818235e+00
2.9362221440325036e+00
2.9411282957556901e+00
2.9475551964873099e+00
2.9506268871106411e+00
2.9504612883255668e+00
2.9501362338926502e+00
2.9506745963693377e+00
2.9514413455994921e+00
2.9521227930977387e+00
2.9528371519879340e+00
2.9536380828500293e+00
2.9544823241961877e+00
2.9553250193466689e+00
2.9561249307297173e+00
2.9568400764973854e+00
2.9574314532568993e+00
2.9578581549711886e+00
2.9580764244725968e+00
2.9580541355059555e+00
2.9577888534547139e+00
2.9573126980967990e+00
2.9566822417347911e+00
2.9559615228472893e+00
2.9552074950590361e+00
2.9544624269073645e+00
2.9537526879183846e+00
2.9530912907736200e+00
2.9524816623217038e+00
2.9519210591637899e+00
2.9514030710379937e+00
2.9509192055973896e+00
2.9504598950981129e+00
2.9500149192946128e+00
2.9495725298674969e+00
2.9491201798350635e+00
2.9486429230781135e+00
2.9481235464211353e+00
2.9475413541199491e+00
2.9468709384537455e+00
2.9460811491282306e+00
2.9451346666508291e+00
2.9439894412899990e+00
2.9426042917908974e+00
2.9409521849287494e+00
2.9390448788732364e+00
2.9369686448392773e+00
2.9349204157219320e+00
2.9332146307224236e+00
2.9322226020640367e+00
2.9322273605178641e+00
2.9332509045474873e+00
2.9350052887025759e+00
2.9370358503628027e+00
2.9389563843621773e+00
2.9405916179155027e+00
2.9419545914719962e+00
2.9431266049927269e+00
2.9440774707053898e+00
2.9447075777681673e+00
2.9454154653663802e+00
2.9469145379711792e+00
2.9480720937421117e+00
2.9457284713955021e+00
2.9400697023595583e+00
2.9371791854855669e+00
2.9415983964376506e+00
2.9474775152662924e+00
2.9503243033067061e+00
2.9501825569104927e+00
2.9498761942204794e+00
2.9503660218413534e+00
2.9510718510120308e+00
2.9517015149250234e+00
2.9523645946265149e+00
2.9531130441128419e+00
2.9539089962115237e+00
2.9547120153505562e+00
2.9554818744504603e+00
2.9561730636507595e+00
2.9567399498101246e+00
2.9571367785209719e+00
2.9573210695901713e+00
2.9572679677235243e+00
2.9569838831177711e+00
2.9565068427461845e+00
2.9558945558775638e+00
2.9552082374386375e+00
2.9545000570197284e+00
2.9538073560183018e+00
2.9531524673389464e+00
2.9525456283954590e+00
2.9519886382491483e+00
2.9514780194359793e+00
2.9510072546673110e+00
2.9505681660694760e+00
2.9501517562742547e+00
2.9497485400887942e+00
2.9493478119781078e+00
2.9489382000625741e+00
2.9485063167240075e+00
2.9480368171876128e+00
2.9475113535115547e+00
2.9469075432732517e+00
2.9461981315956272e+00
2.9453507221158279e+00
2.9443291670948102e+00
2.9430986140161539e+00
2.9416371687018437e+00
2.9399572010100194e+00
2.9381358106537716e+00
2.9363449946620905e+00
2.9348562118867059e+00
2.9339875166424254e+00
2.9339800346405882e+00
2.9348528535077238e+00
2.9363629145290875e+00
2.9381250897510336e+00
2.9398083614155159e+00
2.9412557362651897e+00
2.9424702637617792e+00
2.9435194728439553e+00
2.9443762808283482e+00
2.9449438230302283e+00
2.9455698861931880e+00
2.9469208470785575e+00
2.9480181658766034e+00
2.9459648936089335e+00
2.9408122704623256e+00
2.9380760053751267e+00
2.9420544483545612e+00
2.9474259305364154e+00
2.9500589389778620e+00
2.9499380359461203e+00
2.9496502263175546e+00
2.9500952878530611e+00
2.9507438772412220e+00
2.9513244276318376e+00
2.9519382320710821e+00
2.9526352223598318e+00
2.9533822779525916e+00
2.9541430074127644e+00
2.9548785543485634e+00
2.9555412706428084e+00
2.9560809773960410e+00
2.9564488396288451e+00
2.9566040904962714e+00
2.9565279847147834e+00
2.9562337289918177e+00
2.9557633187166199e+00
2.9551743998454403e+00
2.9545250217277532e+00
2.9538628463424823e+00
2.9532208460487737e+00
2.9526179267899164e+00
2.9520620574506933e+00
2.9515537808428052e+00
2.9510891231322627e+00
2.9506615934096314e+00
2.9502633853721498e+00
2.9498860776884657e+00
2.9495208920125990e+00
2.9491580822975334e+00
2.9487873397476245e+00
2.9483966635140462e+00
2.9479723545572587e+00
2.9474981195308732e+00
2.9469542044964179e+00
2.9463167109410384e+00
2.9455574469166939e+00
2.9446452592413932e+00
2.9435505760413943e+00
2.9422556660430801e+00
2.9407731023274328e+00
2.9391718033346370e+00
2.9376022886232502e+00
2.9362995479548482e+00
2.9355369087221579e+00
2.9355206016522839e+00
2.9362673466866385e+00
2.9375712284154734e+00
2.9391047127895207e+00
2.9405830773044621e+00
2.9418658508036537e+00
2.9429490266453753e+00
2.9438888030344605e+00
2.9446608959286076e+00
2.9451724937086348e+00
2.9457271933222948e+00
2.9469435192932187e+00
2.9479754273566332e+00
2.9461742450960684e+00
2.9414884757887703e+00
2.9389125100898252e+00
2.9424928961098238e+00
2.9473952523806322e+00
2.9498259045589696e+00
2.9497230665836054e+00
2.9494534732334698e+00
2.9498573609583167e+00
2.9504523706102890e+00
2.9509865809464615e+00
2.9515533892018690e+00
2.9522004802390089e+00
2.9528989006754491e+00
2.9536159385634053e+00
2.9543143692492264e+00
2.9549455326317688e+00
2.9554564058480368e+00
2.9557964874392386e+00
2.9559270082650002e+00
2.9558343104984641e+00
2.9555366887910455e+00
2.9550785529939025e+00
2.9545165839781027e+00
2.9539054732027781e+00
2.9532886704995871e+00
2.9526952830983122e+00
2.9521413126713236e+00
2.9516328800150213e+00
2.9511695724120002e+00
2.9507471072226941e+00
2.9503591191989296e+00
2.9499982068164123e+00
2.9496565198187539e+00
2.9493259557970615e+00
2.9489976448854214e+00
2.9486622447245776e+00
2.9483089857949829e+00
2.9479256231578268e+00
2.9474976671681206e+00
2.9470076508499901e+00
2.9464345737559929e+00
2.9457538437736814e+00
2.9449385444674623e+00
2.9439635180643267e+00
2.9428144073283309e+00
2.9415036867507340e+00
2.9400929802003257e+00
2.9387142773244683e+00
2.9375715471533530e+00
2.9369004297167027e+00
2.9368779685324489e+00
2.9375189219687652e+00
2.9386482109523815e+00
2.9399862073289436e+00
2.9412871828392362e+00
2.9424255295101944e+00
2.9433923756469298e+00
2.9442345787338486e+00
2.9449303514313474e+00
2.9453917726243684e+00
2.9458840983491275e+00
2.9469785265808266e+00
2.9479426000527860e+00
2.9463601259884511e+00
2.9421032429350160e+00
2.9396896985616809e+00
2.9429112293356448e+00
2.9473811128493987e+00
2.9496209755047880e+00
2.9495336728329495e+00
2.9492817906880822e+00
2.9496478922792493e+00
2.9501929094145147e+00
2.9506835841975199e+00
2.9512058448437943e+00
2.9518049793017713e+00
2.9524556864928821e+00
2.9531285896118780e+00
2.9537882720464088e+00
2.9543859608731506e+00
2.9548671646859694e+00
2.9551808347798354e+00
2.9552903677227209e+00
2.9551862991822859e+00
2.9548906025072701e+00
2.9544488702779099e+00
2.9539161540903227e+00
2.9533437050716103e+00
2.9527710636283748e+00
2.9522239265186916e+00
2.9517158359051554e+00
2.9512514151636746e+00
2.9508295352416201e+00
2.9504457508354429e+00
2.9500938949070550e+00
2.9497669899369652e+00
2.9494577412332958e+00
2.9491586869058057e+00
2.9488617572839422e+00
2.9485584873944490e+00
2.9482392033671077e+00
2.9478929479210327e+00
2.9475068163158653e+00
2.9470653355786505e+00
2.9465500148930732e+00
2.9459393530027191e+00
2.9452100330153046e+00
2.9443405948687271e+00
2.9433194150308273e+00
2.9421586549979000e+00
2.9409134422323007e+00
2.9396997428060176e+00
2.9386950678414752e+00
2.9381031983333759e+00
2.9380766602615469e+00
2.9386285572398867e+00
2.9396094964295791e+00
2.9407798637898988e+00
2.9419269080907657e+00
2.9429383414251591e+00
2.9438020568738468e+00
2.9445571998057947e+00
2.9451841975734454e+00
2.9456004985839703e+00
2.9460381670170035e+00
2.9470225438037461e+00
2.9479184187660330e+00
2.9465256681693690e+00
2.9426614781620870e+00
2.9404093668972511e+00
2.9433078215776125e+00
2.9473798893423888e+00
2.9494405130514409e+00
2.9493664522100911e+00
2.9491316361688358e+00
2.9494631212120566e+00
2.9499616199310874e+00
2.9504115412830614e+00
2.9508917905493073e+00
2.9514451708116982e+00
2.9520495772823923e+00
2.9526786490499228e+00
2.9532988830858691e+00
2.9538621025522405e+00
2.9543134424571029e+00
2.9546021784109677e+00
2.9546939561185841e+00
2.9545827302413232e+00
2.9542930025880927e+00
2.9538705819229842e+00
2.9533684155630473e+00
2.9528343169783580e+00
2.9523042164510516e+00
2.9518008075019608e+00
2.9513355484546460e+00
2.9509118563681689e+00
2.9505280787714017e+00
2.9501797183568250e+00
2.9498608568845621e+00
2.9495649488864126e+00
2.9492852344367968e+00
2.9490148536526992e+00
2.9487464683794005e+00
2.9484724077364088e+00
2.9481839755088832e+00
2.9478713557792888e+00
2.9475230389249720e+00
2.9471252957938767e+00
2.9466618134330003e+00
2.9461137499403103e+00
2.9454608537499412e+00
2.9446847705091832e+00
2.9437760906405352e+00
2.9427465149713981e+00
2.9416453832908376e+00
2.9405747807453029e+00
2.9396895887842573e+00
2.9391665608935913e+00
2.9391375481846516e+00
2.9396142350340724e+00
2.9404687030228613e+00
2.9414948941859449e+00
2.9425080475913639e+00
2.9434077852174467e+00
2.9441799708671805e+00
2.9448573728569230e+00
2.9454223790305800e+00
2.9457980171734368e+00
2.9461876472417932e+00
2.9470728575574507e+00
2.9479016536126670e+00
2.9466735592579352e+00
2.9431679575453020e+00
2.9410738865435389e+00
2.9436817427350275e+00
2.9473885683540035e+00
2.9492813617742564e+00
2.9492184886584929e+00
2.9489999831116185e+00
2.9492997953666809e+00
2.9497551084290197e+00
2.9501669966621016e+00
2.9506077945129916e+00
2.9511177838023559e+00
2.9516776542046768e+00
2.9522637662105793e+00
2.9528445824142575e+00
2.9533730673785330e+00
2.9537948429995060e+00
2.9540601772616690e+00
2.9541369818914047e+00
2.9540219669569625e+00
2.9537412299455785e+00
2.9533400536727519e+00
2.9528689548412843e+00
2.9523723717512449e+00
2.9518829160681328e+00
2.9514206385076855e+00
2.9509952342505672e+00
2.9506091518478197e+00
2.9502603704402213e+00
2.9499444252443228e+00
2.9496556793908018e+00
2.9493880177253202e+00
2.9491351914792805e+00
2.9488909034801201e+00
2.9486484833051776e+00
2.9484009790140848e+00
2.9481405677426560e+00
2.9478584464635595e+00
2.9475443367871881e+00
2.9471860377189185e+00
2.9467691297767353e+00
2.9462770641844167e+00
2.9456922083820527e+00
2.9449988208367754e+00
2.9441892842527135e+00
2.9432747422905918e+00
2.9422993792861223e+00
2.9413532273750214e+00
2.9405717560669484e+00
2.9401087168747067e+00
2.9400784569473268e+00
2.9404914278087086e+00
2.9412377249563493e+00
2.9421395430630644e+00
2.9430359647462430e+00
2.9438372432868087e+00
2.9445280994687901e+00
2.9451360208873938e+00
2.9456451321315389e+00
2.9459840570020108e+00
2.9463313347500280e+00
2.9471272926453911e+00
2.9478911739551132e+00
2.9468061016945919e+00
2.9436272154628353e+00
2.9416859998084486e+00
2.9440326349016162e+00
2.9474046715306010e+00
2.9491407860493504e+00
2.9490872766896925e+00
2.9488842416178387e+00
2.9491551001380429e+00
2.9495703994175302e+00
2.9499468815154866e+00
2.9503507612713729e+00
2.9508198059041648e+00
2.9513371461551823e+00
2.9518815928221005e+00
2.9524235852389675e+00
2.9529176386585347e+00
2.9533105249296443e+00
2.9535540034644794e+00
2.9536182218803941e+00
2.9535020822063016e+00
2.9532325291444690e+00
2.9528537578711447e+00
2.9524136471027678e+00
2.9519533666434983e+00
2.9515024875747717e+00
2.9510787353815076e+00
2.9506903149529089e+00
2.9503389018043045e+00
2.9500222284809250e+00
2.9497359262237413e+00
2.9494746600501012e+00
2.9492327363650674e+00
2.9490043907278389e+00
2.9487838501268766e+00
2.9485650530094554e+00
2.9483416983130266e+00
2.9481067441887148e+00
2.9478522884080482e+00
2.9475691404924151e+00
2.9472464409517851e+00
2.9468714204236126e+00
2.9464295134675633e+00
2.9459053300599094e+00
2.9452853307674798e+00
2.9445633509266691e+00
2.9437499181328795e+00
2.9428846209687602e+00
2.9420470040015498e+00
2.9413558378821381e+00
2.9409452334445785e+00
2.9409146585720047e+00
2.9412734842335975e+00
2.9419269703511155e+00
2.9427211895934673e+00
2.9435156060922560e+00
2.9442299531098830e+00
2.9448484546416287e+00
2.9453942183259993e+00
2.9458529100543829e+00
2.9461586329458083e+00
2.9464684486145467e+00
2.9471841241008407e+00
2.9478859463637077e+00
2.9469252444558811e+00
2.9440435058933421e+00
2.9422486847511853e+00
2.9443605706865710e+00
2.9474261722572952e+00
2.9490164189394403e+00
2.9489706607083073e+00
2.9487821970058867e+00
2.9490265980817170e+00
2.9494048796855261e+00
2.9497484678024621e+00
2.9501179001019988e+00
2.9505484691737962e+00
2.9510254365990218e+00
2.9515298163773047e+00
2.9520340047454203e+00
2.9524943634863003e+00
2.9528593128090010e+00
2.9530824653223000e+00
2.9531361405803818e+00
2.9530209565879080e+00
2.9527641134827136e+00
2.9524083038999347e+00
2.9519986540343979e+00
2.9515732009754037e+00
2.9511587382632900e+00
2.9507709452636841e+00
2.9504167672691719e+00
2.9500972677458894e+00
2.9498100285767079e+00
2.9495508223397442e+00
2.9493146266566730e+00
2.9490961559904325e+00
2.9488901027556262e+00
2.9486911804718550e+00
2.9484938817443065e+00
2.9482924954718772e+00
2.9480806784917255e+00
2.9478513304652170e+00
2.9475962244054688e+00
2.9473056809294480e+00
2.9469683723549389e+00
2.9465714521587096e+00
2.9461014550138191e+00
2.9455467027652134e+00
2.9449022080018485e+00
2.9441778500210534e+00
2.9434091195447953e+00
2.9426664161650447e+00
2.9420541041388106e+00
2.9416894668337750e+00
2.9416592786985101e+00
2.9419719547646848e+00
2.9425455648899779e+00
2.9432464383193357e+00
2.9439515188741763e+00
2.9445889867070405e+00
2.9451430352608177e+00
2.9456331346598916e+00
2.9460463221900772e+00
2.9463219731596233e+00
2.9465985434455915e+00
2.9472420139002340e+00
2.9478850633034392e+00
2.9470326692072031e+00
2.9444207899921122e+00
2.9427650231916567e+00
2.9446659762910135e+00
2.9474514314338349e+00
2.9489062021425898e+00
2.9488667797477262e+00
2.9486919499082891e+00
2.9489121749504115e+00
2.9492562525309514e+00
2.9495693290547180e+00
2.9499066941339480e+00
2.9503012317897013e+00
2.9507400626738698e+00
2.9512061819769655e+00
2.9516738975444827e+00
2.9521016211962405e+00
2.9524397857511930e+00
2.9526441058169883e+00
2.9526889853104223e+00
2.9525763593317751e+00
2.9523332204021253e+00
2.9520004634823716e+00
2.9516204194214608e+00
2.9512281475994477e+00
2.9508479097719187e+00
2.9504935845262668e+00
2.9501710522960960e+00
2.9498808965139336e+00
2.9496206230435225e+00
2.9493861781769168e+00
2.9491728549986158e+00
2.9489757591856014e+00
2.9487900115554191e+00
2.9486107762642377e+00
2.9484330504315328e+00
2.9482516572219799e+00
2.9480608791368126e+00
2.9478543312457957e+00
2.9476246410978257e+00
2.9473631691081530e+00
2.9470598497329918e+00
2.9467033300679422e+00
2.9462818009367702e+00
2.9457851615912105e+00
2.9452093776155537e+00
2.9445636701333786e+00
2.9438798739057610e+00
2.9432203951336882e+00
2.9426771355887760e+00
2.9423529148886609e+00
2.9423236376270840e+00
2.9425968677899048e+00
2.9431015331039294e+00
2.9437212075738559e+00
2.9443478761014812e+00
2.9449172431229154e+00
2.9454137996477683e+00
2.9458539933658701e+00
2.9462260858394536e+00
2.9464744603762330e+00
2.9467214276822791e+00
2.9472999398776354e+00
2.9478877306835232e+00
2.9471297984164839e+00
2.9447627150575739e+00
2.9432381343633325e+00
2.9449495206498471e+00
2.9474791266109879e+00
2.9488083493357968e+00
2.9487740239118576e+00
2.9486118710115048e+00
2.9488099969200796e+00
2.9491224974627079e+00
2.9494073054882373e+00
2.9497148726319171e+00
2.9500757607864285e+00
2.9504787148475184e+00
2.9509085093771246e+00
2.9513413014601890e+00
2.9517376833914311e+00
2.9520503518235799e+00
2.9522372827573955e+00
2.9522748612437031e+00
2.9521660065334188e+00
2.9519371472119280e+00
2.9516271823791689e+00
2.9512756582465740e+00
2.9509148230718227e+00
2.9505666333228939e+00
2.9502433835310224e+00
2.9499500539381009e+00
2.9496868554383404e+00
2.9494512754972542e+00
2.9492394559254658e+00
2.9490470021347570e+00
2.9488693927919942e+00
2.9487021485250424e+00
2.9485408498705206e+00
2.9483809530611365e+00
2.9482177651818109e+00
2.9480461298240179e+00
2.9478603010837010e+00
2.9476536649516705e+00
2.9474185004808833e+00
2.9471458492203291e+00
2.9468256594372431e+00
2.9464475505252374e+00
2.9460027618151323e+00
2.9454880302294102e+00
2.9449119244637267e+00
2.9443030148206959e+00
2.9437167061260316e+00
2.9432340875173018e+00
2.9429455085577381e+00
2.9429175311851741e+00
2.9431569561934059e+00
2.9436019456596259e+00
2.9441508057724612e+00
2.9447085019827735e+00
2.9452174435759200e+00
2.9456626455400761e+00
2.9460580398866001e+00
2.9463929876540065e+00
2.9466165843420828e+00
2.9468371029488516e+00
2.9473571417792703e+00
2.9478932724533720e+00
2.9472178607133430e+00
2.9450726248785695e+00
2.9436710885326467e+00
2.9452120612560457e+00
2.9475082085539630e+00
2.9487213080451982e+00
2.9486910007122527e+00
2.9485405621623793e+00
2.9487184713473060e+00
2.9490018354420524e+00
2.9492604723789966e+00
2.9495403860326044e+00
2.9498699176803402e+00
2.9502392325969509e+00
2.9506347041448309e+00
2.9510342656681123e+00
2.9514007592736351e+00
2.9516893071388459e+00
2.9518602347006477e+00
2.9518917928433859e+00
2.9517876097695002e+00
2.9515732819582197e+00
2.9512855894760981e+00
2.9509613459589596e+00
2.9506301591525284e+00
2.9503118901612426e+00
2.9500174394395255e+00
2.9497510259768798e+00
2.9495125759951764e+00
2.9492996027938427e+00
2.9491084568609969e+00
2.9489350493451787e+00
2.9487752115131527e+00
2.9486248369213515e+00
2.9484798897672406e+00
2.9483362436603393e+00
2.9481896445316145e+00
2.9480354394412580e+00
2.9478684533691326e+00
2.9476827476996026e+00
2.9474714135587567e+00
2.9472264661901355e+00
2.9469389897603864e+00
2.9465998389654713e+00
2.9462013956184205e+00
2.9457410201405145e+00
2.9452266454813456e+00
2.9446839246846315e+00
2.9441621166424241e+00
2.9437329043668017e+00
2.9434758515198771e+00
2.9434494616983322e+00
2.9436598480990384e+00
2.9440530487655505e+00
2.9445399984900456e+00
2.9450368984622308e+00
2.9454921332644126e+00
2.9458913939479956e+00
2.9462465169537353e+00
2.9465478553980686e+00
2.9467489069550497e+00
2.9469457127676395e+00
2.9474130707197341e+00
2.9479011165608080e+00
2.9472979086175557e+00
2.9453535701800204e+00
2.9440668724595969e+00
2.9454545844163968e+00
2.9475378563336432e+00
2.9486437312330400e+00
2.9486165023172157e+00
2.9484768223672178e+00
2.9486362153152910e+00
2.9488926990881841e+00
2.9491271136824411e+00
2.9493813837208558e+00
2.9496817416122236e+00
2.9500195972253431e+00
2.9503827631764699e+00
2.9507508687926385e+00
2.9510890288707960e+00
2.9513548811587844e+00
2.9515111296204597e+00
2.9515377701613144e+00
2.9514389121515761e+00
2.9512391228140231e+00
2.9509729995592147e+00
2.9506747048177240e+00
2.9503713769332811e+00
2.9500809753601058e+00
2.9498131727266657e+00
2.9495715455217861e+00
2.9493558056580560e+00
2.9491635261433444e+00
2.9489912730520516e+00
2.9488352536869287e+00
2.9486916314671454e+00
2.9485566462448030e+00
2.9484266155332168e+00
2.9482977927494010e+00
2.9481663212120965e+00
2.9480280002318127e+00
2.9478781660465296e+00
2.9477114816820817e+00
2.9475217575895205e+00
2.9473018671906286e+00
2.9470438884241661e+00
2.9467397478222090e+00
2.9463828026764056e+00
2.9459709178995386e+00
2.9455114149628296e+00
2.9450273386850143e+00
2.9445625411803751e+00
2.9441805007866337e+00
2.9439514232633441e+00
2.9439268364742457e+00
2.9441122295953934e+00
2.9444603782966587e+00
2.9448930747193445e+00
2.9453362736833051e+00
2.9457436883126946e+00
2.9461017818812461e+00
2.9464206460174021e+00
2.9466915339315549e+00
2.9468720331436726e+00
2.9470475026082998e+00
2.9474673459622096e+00
2.9479107849463926e+00
2.9473708546511350e+00
2.9456083297381426e+00
2.9444283550914423e+00
2.9456781549112492e+00
2.9475674320929595e+00
2.9485744467045616e+00
2.9485494817486395e+00
2.9484196220074321e+00
2.9485620287664340e+00
2.9487937080608329e+00
2.9490056998629366e+00
2.9492361949449233e+00
2.9495094358731460e+00
2.9498179267794309e+00
2.9501507793095967e+00
2.9504892358955335e+00
2.9508006719884365e+00
2.9510452729038557e+00
2.9511881055273701e+00
2.9512107856493852e+00
2.9511177151343220e+00
2.9509322919869341e+00
2.9506869126420452e+00
2.9504131903971951e+00
2.9501359634849615e+00
2.9498714672218886e+00
2.9496282922172048e+00
2.9494094736697019e+00
2.9492145667938310e+00
2.9490412291747679e+00
2.9488862453218063e+00
2.9487461065331817e+00
2.9486172885390571e+00
2.9484963521416412e+00
2.9483799397087704e+00
2.9482646499270939e+00
2.9481469863857002e+00
2.9480231548914007e+00
2.9478889498056526e+00
2.9477395704989671e+00
2.9475694664577841e+00
2.9473722682970669e+00
2.9471409258932266e+00
2.9468682980442584e+00
2.9465485774777416e+00
2.9461800381561605e+00
2.9457694192530721e+00
2.9453374316973933e+00
2.9449231620095668e+00
2.9445829131459500e+00
2.9443787462695523e+00
2.9443561295634475e+00
2.9445199805948183e+00
2.9448288529119062e+00
2.9452139004074818e+00
2.9456095666500537e+00
2.9459743215356462e+00
2.9462954568518933e+00
2.9465816131776301e+00
2.9468248662447740e+00
2.9469865885408173e+00
2.9471427883370018e+00
2.9475197204222381e+00
2.9479218843880699e+00
2.9474374877363014e+00
2.9458394194471360e+00
2.9447582615906702e+00
2.9458838819337196e+00
2.9475964545993789e+00
2.9485124394824984e+00
2.9484890323700279e+00
2.9483680789689277e+00
2.9484948717439536e+00
2.9487036478553081e+00
2.9488948683560472e+00
2.9491033131418738e+00
2.9493513570814582e+00
2.9496324700163670e+00
2.9499369413652548e+00
2.9502475464807998e+00
2.9505338845843920e+00
2.9507586761256483e+00
2.9508892993245115e+00
2.9509088613848267e+00
2.9508218994016784e+00
2.9506505455517082e+00
2.9504250120608386e+00
2.9501744791450424e+00
2.9499216498162979e+00
2.9496811984050075e+00
2.9494607619732300e+00
2.9492629204393475e+00
2.9490871201417606e+00
2.9489311215065968e+00
2.9487919268464271e+00
2.9486662988486718e+00
2.9485510052565740e+00
2.9484429041128637e+00
2.9483389359249226e+00
2.9482360135169849e+00
2.9481309668517475e+00
2.9480203675652512e+00
2.9479004206737600e+00
2.9477668047881238e+00
2.9476145370909284e+00
2.9474379180065711e+00
2.9472306643294401e+00
2.9469864477370580e+00
2.9467001795168617e+00
2.9463704655729375e+00
2.9460034952083314e+00
2.9456178906550292e+00
2.9452485301721247e+00
2.9449454254815701e+00
2.9447635282622717e+00
2.9447430215772434e+00
2.9448882936343201e+00
2.9451628615709184e+00
2.9455059716251375e+00
2.9458594735495454e+00
2.9461860903031725e+00
2.9464739727098808e+00
2.9467305583271384e+00
2.9469486790700157e+00
2.9470931999925027e+00
2.9472319262390787e+00
2.9475700455872116e+00
2.9479340874335120e+00
2.9474984924811869e+00
2.9460491182001731e+00
2.9450591622103404e+00
2.9460728929277327e+00
2.9476245711064233e+00
2.9484568313386359e+00
2.9484343720952357e+00
2.9483214419785280e+00
2.9484338467290439e+00
2.9486214536536903e+00
2.9487934109973848e+00
2.9489813856356322e+00
2.9492060062827097e+00
2.9494616004328220e+00
2.9497395335108823e+00
2.9500240404276177e+00
2.9502868917622322e+00
2.9504932989406019e+00
2.9506128703864385e+00
2.9506300714988285e+00
2.9505494400419727e+00
2.9503917803410320e+00
2.9501851619724744e+00
2.9499564575642934e+00
2.9497263932125257e+00
2.9495082319576307e+00
2.9493087722528677e+00
2.9491302133618089e+00
2.9489719324723054e+00
2.9488318067252650e+00
2.9487070527059549e+00
2.9485946908392955e+00
2.9484917616127260e+00
2.9483953974342967e+00
2.9483028123831723e+00
2.9482112049438878e+00
2.9481177008618324e+00
2.9480192011208239e+00
2.9479122794107373e+00
2.9477930424931689e+00
2.9476570129393993e+00
2.9474990845374096e+00
2.9473136496401722e+00
2.9470950910738720e+00
2.9468389407673485e+00
2.9465440751335703e+00
2.9462161690928506e+00
2.9458719753728611e+00
2.9455426496751089e+00
2.9452726754963683e+00
2.9451107789379578e+00
2.9450925151492284e+00
2.9452217731398007e+00
2.9454663366037166e+00
2.9457724599509389e+00
2.9460884711007078e+00
2.9463809044116549e+00
2.9466387859720355e+00
2.9468685639241956e+00
2.9470637698062534e+00
2.9471924823519471e+00
2.9473152946522667e+00
2.9476182477920250e+00
2.9479471255078615e+00
2.9475544658353665e+00
2.9462394844715076e+00
2.9453334667642941e+00
2.9462463098007250e+00
2.9476515346716736e+00
2.9484068657261941e+00
2.9483848289136905e+00
2.9482790746663801e+00
2.9483781859072100e+00
2.9485462023734379e+00
2.9487002664366679e+00
2.9488692041795805e+00
2.9490720199120237e+00
2.9493038103027378e+00
2.9495569326047915e+00
2.9498170188395054e+00
2.9500579546449424e+00
2.9502473765815127e+00
2.9503570168703512e+00
2.9503725578672344e+00
2.9502984194008888e+00
2.9501540404330147e+00
2.9499654063430221e+00
2.9497572116158151e+00
2.9495483577441042e+00
2.9493508363299439e+00
2.9491707121208379e+00
2.9490098697734761e+00
2.9488676502809179e+00
2.9487420569868972e+00
2.9486305153117396e+00
2.9485302891384029e+00
2.9484386728284537e+00
2.9483530517963765e+00
2.9482708911071560e+00
2.9481896488380075e+00
2.9481067189466055e+00
2.9480192989151686e+00
2.9479242937731156e+00
2.9478181933351553e+00
2.9476969705290834e+00
2.9475560452223415e+00
2.9473904060063503e+00
2.9471950593285596e+00
2.9469660751627127e+00
2.9467025523892771e+00
2.9464096902527936e+00
2.9461025695965746e+00
2.9458090485104220e+00
2.9455687421384469e+00
2.9454249085704238e+00
2.9454090327142151e+00
2.9455245211599874e+00
2.9457428188762873e+00
2.9460162549138507e+00
2.9462988380881612e+00
2.9465605324026978e+00
2.9467912511384466e+00
2.9469966421021754e+00
2.9471708903614351e+00
2.9472850227465384e+00
2.9473932739405120e+00
2.9476643024505860e+00
2.9479607707675277e+00
2.9476059222718951e+00
2.9464123735023029e+00
2.9455834207948275e+00
2.9464052305615045e+00
2.9476771848473784e+00
2.9483618957319222e+00
2.9483398317651188e+00
2.9482404499169452e+00
2.9483272484664740e+00
2.9484771078356231e+00
2.9486145079561030e+00
2.9487656886160099e+00
2.9489481564958226e+00
2.9491577029181548e+00
2.9493876042757665e+00
2.9496248411473709e+00
2.9498453676631424e+00
2.9500191720230604e+00
2.9501199820195487e+00
2.9501345413089410e+00
2.9500670402776290e+00
2.9499355266645195e+00
2.9497639683366481e+00
2.9495750153321016e+00
2.9493858955382319e+00
2.9492074642117276e+00
2.9490451487659786e+00
2.9489005772392640e+00
2.9487730807067294e+00
2.9486607943901366e+00
2.9485613454902992e+00
2.9484722273966004e+00
2.9483909703294811e+00
2.9483151929946616e+00
2.9482425903246110e+00
2.9481708564494489e+00
2.9480976283533877e+00
2.9480203706467587e+00
2.9479362859846949e+00
2.9478422072591743e+00
2.9477345089649196e+00
2.9476090784996170e+00
2.9474614314231351e+00
2.9472871219536887e+00
2.9470826874329918e+00
2.9468474116341130e+00
2.9465860588603827e+00
2.9463122203200300e+00
2.9460508334773730e+00
2.9458372183998089e+00
2.9457098135998736e+00
2.9456965037935725e+00
2.9458002159963339e+00
2.9459955192497977e+00
2.9462400042920680e+00
2.9464926782158414e+00
2.9467266131705268e+00
2.9469326229901824e+00
2.9471157259198941e+00
2.9472707286435464e+00
2.9473713598740701e+00
2.9474662286103817e+00
2.9477082173980902e+00
2.9479748261617602e+00
2.9476533041318738e+00
2.9465694522850612e+00
2.9458111049412299e+00
2.9465507226126455e+00
2.9477014336390144e+00
2.9483213702596189e+00
2.9482989041553904e+00
2.9482051487414482e+00
2.9482805158359899e+00
2.9484135007488814e+00
2.9485353145130997e+00
2.9486698661542108e+00
2.9488332933677013e+00
2.9490220015359827e+00
2.9492301110441868e+00
2.9494459230268739e+00
2.9496474478751598e+00
2.9498069679660985e+00
2.9499000596767742e+00
2.9499143392158489e+00
2.9498536417960461e+00
2.9497346007647738e+00
2.9495792404164294e+00
2.9494083155216808e+00
2.9492375331994158e+00
2.9490767422528927e+00
2.9489308181105689e+00
2.9488011813997894e+00
2.9486871751648929e+00
2.9485870707503619e+00
2.9484986902422641e+00
2.9484197433500987e+00
2.9483479791759390e+00
2.9482812311702804e+00
2.9482174044021536e+00
2.9481544073763710e+00
2.9480900971153812e+00
2.9480221786476184e+00
2.9479481215817711e+00
2.9478650657911083e+00
2.9477697437962846e+00
2.9476584589989221e+00
2.9475271940850489e+00
2.9473719863252934e+00
2.9471897804663785e+00
2.9469800140878291e+00
2.9467470555191841e+00
2.9465031758078593e+00
2.9462707327173763e+00
2.9460812628385953e+00
2.9459689416480050e+00
2.9459584431241694e+00
2.9460521908508861e+00
2.9462273812953357e+00
2.9464461508931268e+00
2.9466719347955306e+00
2.9468806647261014e+00
2.9470640721718508e+00
2.9472266855456750e+00
2.9473639096761857e+00
2.9474519657049938e+00
2.9475344787600961e+00
2.9477500065275573e+00
2.9479891149484705e+00
2.9476969874373973e+00
2.9467122150800935e+00
2.9460184425278526e+00
2.9466838055561619e+00
2.9477242495505673e+00
2.9482848326924880e+00
2.9482616703957549e+00
2.9481728555410944e+00
2.9482375610432068e+00
2.9483547900219671e+00
2.9484619597105750e+00
2.9485809027353973e+00
2.9487264794385863e+00
2.9488955963571803e+00
2.9490831433100917e+00
2.9492787523857795e+00
2.9494625410927426e+00
2.9496090764148755e+00
2.9496956133069792e+00
2.9497103792652357e+00
2.9496566966797593e+00
2.9495497743814920e+00
2.9494097794734779e+00
2.9492557403344688e+00
2.9491019854372071e+00
2.9489574766454285e+00
2.9488266146892474e+00
2.9487106614530467e+00
2.9486089959083888e+00
2.9485200310571589e+00
2.9484417770893239e+00
2.9483721459512613e+00
2.9483090884193883e+00
2.9482506340191819e+00
2.9481948791157970e+00
2.9481399265148660e+00
2.9480838326042713e+00
2.9480245188553282e+00
2.9479596941385542e+00
2.9478867717377426e+00
2.9478028020175069e+00
2.9477044568688764e+00
2.9475881330245790e+00
2.9474502963068487e+00
2.9472882521211869e+00
2.9471015708073098e+00
2.9468942609678104e+00
2.9466774254577688e+00
2.9464711457556558e+00
2.9463036482181613e+00
2.9462053371639505e+00
2.9461980030122303e+00
2.9462834958073678e+00
2.9464411340105885e+00
2.9466369540083566e+00
2.9468383775644660e+00
2.9470240524183335e+00
2.9471866664947575e+00
2.9473303453096400e+00
2.9474510332351800e+00
2.9475272656172384e+00
2.9475982871117705e+00
2.9477896611858676e+00
2.9480034595062823e+00
2.9477372831485269e+00
2.9468419944006516e+00
2.9462071971879116e+00
2.9468054561510857e+00
2.9477456563096185e+00
2.9482519193895929e+00
2.9482278419665331e+00
2.9481433174939027e+00
2.9481980106210699e+00
2.9483004891651592e+00
2.9483939210970522e+00
2.9484982373943494e+00
2.9486270349686188e+00
2.9487776112494943e+00
2.9489455830182760e+00
2.9491219505656212e+00
2.9492890571284076e+00
2.9494238410794571e+00
2.9495050634739615e+00
2.9495211821351401e+00
2.9494748044253001e+00
2.9493797408492290e+00
2.9492543666577822e+00
2.9491161529870014e+00
2.9489781696534938e+00
2.9488486232842579e+00
2.9487315332948802e+00
2.9486280639236844e+00
2.9485376560820153e+00
2.9484588655663768e+00
2.9483898780135598e+00
2.9483287888660770e+00
2.9482737305674145e+00
2.9482229094162680e+00
2.9481745951793878e+00
2.9481270669347741e+00
2.9480785630135697e+00
2.9480272011999857e+00
2.9479709057862857e+00
2.9479073332181174e+00
2.9478338135013180e+00
2.9477473401251522e+00
2.9476446708939728e+00
2.9475226481357617e+00
2.9473789003495501e+00
2.9472131280916338e+00
2.9470290323257742e+00
2.9468366985880610e+00
2.9466541865181570e+00
2.9465068397275740e+00
2.9464217151318182e+00
2.9464180271154774e+00
2.9464969290977048e+00
2.9466392853818539e+00
2.9468144391187638e+00
2.9469935147747854e+00
2.9471578676922454e+00
2.9473012320022622e+00
2.9474273800792532e+00
2.9475326550378238e+00
2.9475976827757657e+00
2.9476578959607544e+00
2.9478271448753492e+00
2.9480176623292533e+00
2.9477744381227238e+00
2.9469599815968843e+00
2.9463789922426202e+00
2.9469165810625819e+00
2.9477657159753012e+00
2.9482223427738488e+00
2.9481971783393432e+00
2.9481163168925737e+00
2.9481616163767943e+00
2.9482504094756092e+00
2.9483310815592061e+00
2.9484216621761714e+00
2.9485345003377361e+00
2.9486673012385149e+00
2.9488164026004169e+00
2.9489741545072889e+00
2.9491253086442750e+00
2.9492494843025390e+00
2.9493268440465088e+00
2.9493454523036018e+00
2.9493068597297225e+00
2.9492235600983245e+00
2.9491121067720245e+00
2.9489886282960995e+00
2.9488650921570598e+00
2.9487491497682634e+00
2.9486445575047702e+00
2.9485524369631229e+00
2.9484722968698693e+00
2.9484028175196029e+00
2.9483423347487077e+00
2.9482891028595537e+00
2.9482414145697824e+00
2.9481976352955677e+00
2.9481561927535078e+00
2.9481155282277922e+00
2.9480740482361067e+00
2.9480300517096145e+00
2.9479816597693387e+00
2.9479267479490550e+00
2.9478628929884994e+00
2.9477873655534537e+00
2.9476972278723297e+00
2.9475896353859437e+00
2.9474624886032599e+00
2.9473156150216449e+00
2.9471524857163471e+00
2.9469823755042110e+00
2.9468215791677417e+00
2.9466929610119363e+00
2.9466205081319807e+00
2.9466211704887071e+00
2.9466951906604519e+00
2.9468242303350394e+00
2.9469804288578687e+00
2.9471385722847607e+00
2.9472828501364461e+00
2.9474081699565087e+00
2.9475180415025060e+00
2.9476090482396380e+00
2.9476635484608167e+00
2.9477135562520660e+00
2.9478624319335469e+00
2.9480315038207450e+00
2.9478086150777734e+00
2.9470672079653797e+00
2.9465352847938586e+00
2.9470181013069614e+00
2.9477845647792291e+00
2.9481958671969180e+00
2.9481694595251362e+00
2.9480917647698912e+00
2.9481284951592435e+00
2.9482048443237510e+00
2.9482736059460763e+00
2.9483508523269992e+00
2.9484479797348211e+00
2.9485633732031649e+00
2.9486940584362853e+00
2.9488335464711151e+00
2.9489692030580477e+00
2.9490839890701812e+00
2.9491595468995127e+00
2.9491824159568165e+00
2.9491523209124146e+00
2.9490807036504925e+00
2.9489822051307821e+00
2.9488721312250807e+00
2.9487616026324259e+00
2.9486579415266188e+00
2.9485647001303783e+00
2.9484829511042818e+00
2.9484122388464549e+00
2.9483513335302209e+00
2.9482986932811053e+00
2.9482527101295788e+00
2.9482118212907693e+00
2.9481745391135639e+00
2.9481394393839060e+00
2.9481051162681933e+00
2.9480701323481791e+00
2.9480329548922182e+00
2.9479918880925076e+00
2.9479450097496125e+00
2.9478901208075903e+00
2.9478247369163033e+00
2.9477461775964309e+00
2.9476518446266935e+00
2.9475398315551784e+00
2.9474100352627177e+00
2.9472657216478386e+00
2.9471155904656277e+00
2.9469745066867001e+00
2.9468634715473803e+00
2.9468035612761447e+00
2.9468098627506927e+00
2.9468811556587142e+00
2.9469987113742602e+00
2.9471371139503217e+00
2.9472751369051764e+00
2.9474000037183674e+00
2.9475078577210718e+00
2.9476021779836725e+00
2.9476798986952146e+00
2.9477247556657202e+00
2.9477653739712597e+00
2.9478955323424954e+00
2.9480448131472747e+00
2.9478399534916968e+00
2.9471646197430368e+00
2.9466774676442489e+00
2.9471105686745767e+00
2.9478021586138614e+00
2.9481722082613366e+00
2.9481446263948872e+00
2.9480700269147007e+00
2.9480992577523146e+00
2.9481640814667291e+00
2.9482208806300592e+00
2.9482842378438860e+00
2.9483654176352858e+00
2.9484638349516534e+00
2.9485768978370821e+00
2.9486986468812697e+00
2.9488189556959039e+00
2.9489252652983997e+00
2.9490016604137521e+00
2.9490314349864040e+00
2.9490105706350613e+00
2.9489503629777420e+00
2.9488634697499529e+00
2.9487654445928699e+00
2.9486667039581795e+00
2.9485742934420549e+00
2.9484914940982101e+00
2.9484192930330355e+00
2.9483572549035433e+00
2.9483042303205989e+00
2.9482587920493066e+00
2.9482194616982311e+00
2.9481848124852208e+00
2.9481534954149446e+00
2.9481242272497541e+00
2.9480957464872040e+00
2.9480667577038244e+00
2.9480358806481863e+00
2.9480015871510981e+00
2.9479621405641483e+00
2.9479155479099326e+00
2.9478595506468039e+00
2.9477917046535485e+00
2.9477096294236671e+00
2.9476115650563175e+00
2.9474974018661335e+00
2.9473700993246124e+00
2.9472378339455161e+00
2.9471142349637658e+00
2.9470195380429547e+00
2.9469721721014177e+00
2.9469863920296859e+00
2.9470579318541024e+00
2.9471657380051695e+00
2.9472871479081340e+00
2.9474057585795754e+00
2.9475117496253898e+00
2.9476021057372139e+00
2.9476804947383228e+00
2.9477448750587683e+00
2.9477806084595350e+00
2.9478128916391677e+00
2.9479262209240709e+00
2.9480573724939196e+00
2.9478684577113339e+00
2.9472527989030222e+00
2.9468064318964222e+00
2.9471957348326239e+00
2.9478190848810919e+00
2.9481514761502687e+00
2.9481230515775563e+00
2.9480516418037155e+00
2.9480737971013573e+00
2.9481267286565545e+00
2.9481706145608846e+00
2.9482198281396088e+00
2.9482860712863825e+00
2.9483693100475903e+00
2.9484664192536725e+00
2.9485708078008996e+00
2.9486742429574888e+00
2.9487707512787771e+00
2.9488504516431373e+00
2.9488912491988191e+00
2.9488803568097941e+00
2.9488319742942624e+00
2.9487558330405745e+00
2.9486690404037841e+00
2.9485811040719865e+00
2.9484988570350459e+00
2.9484253720027134e+00
2.9483616407182205e+00
2.9483073076503037e+00
2.9482613181339072e+00
2.9482223500888640e+00
2.9481890353850106e+00
2.9481600619309156e+00
2.9481342001403958e+00
2.9481102919498885e+00
2.9480872043126838e+00
2.9480637709668112e+00
2.9480387461230695e+00
2.9480107466332632e+00
2.9479781916723038e+00
2.9479392567851024e+00
2.9478918681230910e+00
2.9478337843283073e+00
2.9477628344384854e+00
2.9476774455987238e+00
2.9475775777813062e+00
2.9474659143404649e+00
2.9473501170566050e+00
2.9472423553830467e+00
2.9471634026148221e+00
2.9471286775827732e+00
2.9471544818439956e+00
2.9472294053566928e+00
2.9473274983951061e+00
2.9474314472787859e+00
2.9475315166831706e+00
2.9476201516514617e+00
2.9476938259321206e+00
2.9477558150992555e+00
2.9478056237693915e+00
2.9478313053229752e+00
2.9478555419661037e+00
2.9479538972942394e+00
2.9480688525398553e+00
2.9478944646424363e+00
2.9473332762202222e+00
2.9469245341669446e+00
2.9472709267496415e+00
2.9478337570896449e+00
2.9481330699947508e+00
2.9481045966345625e+00
2.9480360508135286e+00
2.9480505573053888e+00
2.9480910244740270e+00
2.9481227212978327e+00
2.9481604339433374e+00
2.9482151188110257e+00
2.9482857934442497e+00
2.9483682893681968e+00
2.9484550274181212e+00
2.9485387934939742e+00
2.9486220871362430e+00
2.9487077125121188e+00
2.9487664522264603e+00
2.9487652319481192e+00
2.9487307198300674e+00
2.9486643957662761e+00
2.9485868139488520e+00
2.9485068873992857e+00
2.9484321152771265e+00
2.9483657356210697e+00
2.9483087891281121e+00
2.9482609275436502e+00
2.9482210756887692e+00
2.9481879115203258e+00
2.9481600972208923e+00
2.9481363793894397e+00
2.9481156105574668e+00
2.9480967315854070e+00
2.9480787190719422e+00
2.9480605432424567e+00
2.9480410928884955e+00
2.9480191151823090e+00
2.9479931510702966e+00
2.9479614822579774e+00
2.9479221195545282e+00
2.9478728837322121e+00
2.9478116515839399e+00
2.9477369247351457e+00
2.9476487651727843e+00
2.9475499197004300e+00
2.9474483585620330e+00
2.9473551315238415e+00
2.9472935127761577e+00
2.9472715793684894e+00
2.9473150563864459e+00
2.9473959861056427e+00
2.9474815889240702e+00
2.9475659698773931e+00
2.9476481505334688e+00
2.9477217614033204e+00
2.9477815156831086e+00
2.9478290506898683e+00
2.9478644429183367e+00
2.9478787823008128e+00
2.9478939823234049e+00
2.9479782248838502e+00
2.9480784876269914e+00
2.9479167763315832e+00
2.9474039238481029e+00
2.9470287099084653e+00
2.9473473920246880e+00
2.9478516954114400e+00
2.9481188116391386e+00
2.9480898706524452e+00
2.9480232941652655e+00
2.9480298019271989e+00
2.9480595444943738e+00
2.9480836197770710e+00
2.9481157521250663e+00
2.9481637436503805e+00
2.9482247179140559e+00
2.9482946509096482e+00
2.9483662536376065e+00
2.9484310762958601e+00
2.9484965322344698e+00
2.9485867784594797e+00
2.9486736965006157e+00
2.9486760948818911e+00
2.9486554487285348e+00
2.9485920175641063e+00
2.9485165042337718e+00
2.9484387786655524e+00
2.9483677677227571e+00
2.9483065535129183e+00
2.9482555331648870e+00
2.9482138589951825e+00
2.9481801156711498e+00
2.9481527980253506e+00
2.9481305081300895e+00
2.9481120163443419e+00
2.9480962520140106e+00
2.9480822605072121e+00
2.9480691457269210e+00
2.9480560574875021e+00
2.9480420654853878e+00
2.9480260829817966e+00
2.9480067958835749e+00
2.9479825877816923e+00
2.9479514890973921e+00
2.9479112033462607e+00
2.9478592995550463e+00
2.9477937713596054e+00
2.9477139791499636e+00
2.9476222630102384e+00
2.9475276620493438e+00
2.9474416209655998e+00
2.9473967576106221e+00
2.9473828168472904e+00
2.9474535567154123e+00
2.9475395545696417e+00
2.9476079324447126e+00
2.9476733610992620e+00
2.9477411607162094e+00
2.9478038064303367e+00
2.9478546633106126e+00
2.9478934664395955e+00
2.9479187915753795e+00
2.9479231792731690e+00
2.9479288023856935e+00
2.9479989606831087e+00
2.9480860195760417e+00
2.9479383192773718e+00
2.9474739265134247e+00
2.9471327587188463e+00
2.9473955211790170e+00
2.9478562477891148e+00
2.9481025013185449e+00
2.9480759393246059e+00
2.9480099292976520e+00
2.9480097665620462e+00
2.9480354788197238e+00
2.9480612236527088e+00
2.9480953654978803e+00
2.9481401898923272e+00
2.9481909914655939e+00
2.9482455289961726e+00
2.9482992391410505e+00
2.9483416471737223e+00
2.9483766142580334e+00
2.9484595983299040e+00
2.9486129291749319e+00
2.9486086197686783e+00
2.9485904551363551e+00
2.9485161488412839e+00
2.9484361297182420e+00
2.9483597357969886e+00
2.9482942101530631e+00
2.9482407590656310e+00
2.9481981386049196e+00
2.9481645982205658e+00
2.9481383094063225e+00
2.9481176401518772e+00
2.9481012329759588e+00
2.9480879876674764e+00
2.9480770066359310e+00
2.9480675264249512e+00
2.9480588656210949e+00
2.9480503855574502e+00
2.9480414010676048e+00
2.9480310860669223e+00
2.9480183990111826e+00
2.9480019882518897e+00
2.9479800879788929e+00
2.9479504409785608e+00
2.9479103271116167e+00
2.9478568621549162e+00
2.9477875897474379e+00
2.9477025325193762e+00
2.9476085832253065e+00
2.9475154409845419e+00
2.9474750018178728e+00
2.9474536908567708e+00
2.9475825357376340e+00
2.9476629757589619e+00
2.9477027289025846e+00
2.9477473024161363e+00
2.9478007572255396e+00
2.9478533580672530e+00
2.9478994764624860e+00
2.9479376721582193e+00
2.9479624988329873e+00
2.9479640686847226e+00
2.9479635461062283e+00
2.9480205065915461e+00
2.9480915725812982e+00
2.9479482466720870e+00
2.9475179167374890e+00
2.9472018340610524e+00
2.9475108389288844e+00
2.9478878473022907e+00
2.9480884933867166e+00
2.9480647957956641e+00
2.9480116734977098e+00
2.9480180768430633e+00
2.9480482925965270e+00
2.9480743475062416e+00
2.9480973830342667e+00
2.9481174131304506e+00
2.9481319456168595e+00
2.9481424833277416e+00
2.9481512523718312e+00
2.9481559184026835e+00
2.9481558692015395e+00
2.9482170609120093e+00
2.9485825429891310e+00
2.9485831679721843e+00
2.9485356906162901e+00
2.9484416586724351e+00
2.9483589959558909e+00
2.9482894440836396e+00
2.9482333972878898e+00
2.9481896807736137e+00
2.9481559685664895e+00
2.9481300655018177e+00
2.9481101157161840e+00
2.9480946379535418e+00
2.9480824872429610e+00
2.9480727863328200e+00
2.9480648555820026e+00
2.9480581536320649e+00
2.9480522378682283e+00
2.9480465869487014e+00
2.9480407020106680e+00
2.9480340074994196e+00
2.9480257645980754e+00
2.9480149773471727e+00
2.9480002754659029e+00
2.9479797814487316e+00
2.9479509974374363e+00
2.9479107847381294e+00
2.9478555672451097e+00
2.9477827537706691e+00
2.9476919077651589e+00
2.9475842439296644e+00
2.9475184272120747e+00
2.9474825380198073e+00
2.9477992994176323e+00
2.9478618308463758e+00
2.9478677036607923e+00
2.9478764446774575e+00
2.9478895681200648e+00
2.9479050075173818e+00
2.9479239157420101e+00
2.9479476074211064e+00
2.9479698401361429e+00
2.9479767197917854e+00
2.9479801211995911e+00
2.9480279038542037e+00
2.9480862872228211e+00
2.9479685661020723e+00
2.9476146352239914e+00
2.9473538704443283e+00
Residuals (4D vectors):
2.4814586644715336e-02 1.7031553578270985e-02 1.3249056972307861e-02 1.0074657067576247e-01 
1.3021485889013071e-02 1.7581019859878273e-02 2.1632183412056440e-02 4.9906252742292087e-02 
1.6933357058756551e-02 1.7171498462206020e-02 1.3810587564069448e-02 6.8807812540085361e-02 
1.4205145263877330e-02 1.2660125785449484e-02 1.4086014271990644e-02 5.4928613481817476e-02 
1.1637477399973872e-02 1.0079783747767653e-02 1.2781530911336868e-02 4.4402276732332428e-02 
1.0713250676254057e-02 9.5775336469310392e-03 9.3035083436752309e-03 4.0697051781693402e-02 
8.7264285158603540e-03 7.8532969050320069e-03 8.4525540714884828e-03 3.2356432891231190e-02 
7.8867506915646854e-03 7.1940391709346503e-03 6.9175092510927365e-03 2.9040816236718659e-02 
7.3874869468221766e-03 6.5419364511748752e-03 5.6240994835962989e-03 2.6952391633297348e-02 
6.6866895540454423e-03 5.7391527789992366e-03 5.0865920679195355e-03 2.4077289955598786e-02 
6.1825333260175416e-03 5.0875147161014937e-03 4.4626364670022423e-03 2.2126882305717126e-02 
5.6913996824713006e-03 4.5360168959981901e-03 3.9281107571926934e-03 2.0192000207155506e-02 
5.1417415544027277e-03 4.0037307883508799e-03 3.6406420189018622e-03 1.7961713161663784e-02 
4.6892153144029898e-03 3.6440462445928370e-03 3.3745668415350481e-03 1.6108348688998637e-02 
4.3613641308734904e-03 3.3360722269985378e-03 3.1091724519937414e-03 1.4769405187386007e-02 
4.1220209483877326e-03 3.0026975680143668e-03 2.8335452099819518e-03 1.3814409006342163e-02 
3.9315571231688011e-03 2.6730216506882483e-03 2.5339210227566626e-03 1.3066873301105730e-02 
3.7396231840880275e-03 2.3632420530813650e-03 2.2659431899844417e-03 1.2306824822510158e-02 
3.5451009590169186e-03 2.0891086453082106e-03 2.0429332907280261e-03 1.1525866209933271e-02 
3.3614948790732188e-03 1.8640187176380994e-03 1.8414598590608892e-03 1.0793452186781410e-02 
3.1895137683228239e-03 1.6824856692096296e-03 1.6604666159753920e-03 1.0128885483255086e-02 
3.0316985007224719e-03 1.5342900006119948e-03 1.5057957895656918e-03 9.5389943737958019e-03 
2.8903357632895483e-03 1.4087548064129058e-03 1.3739563276879418e-03 9.0211432054165680e-03 
2.7676415781727752e-03 1.3001601876173560e-03 1.2580866516528318e-03 8.5621271210940039e-03 
2.6652561197161293e-03 1.2087922765252955e-03 1.1512449850807696e-03 8.1545958966963428e-03 
2.5793046345749648e-03 1.1371324552726296e-03 1.0494332038415678e-03 7.7910457856132671e-03 
2.5040425414182680e-03 1.0853568323753750e-03 9.5307818073311185e-04 7.4670485881770379e-03 
2.4325353040425845e-03 1.0483062047091836e-03 8.6421914463047562e-04 7.1759205533642118e-03 
2.3593113970079662e-03 1.0190775429027373e-03 7.8361230058761203e-04 6.9093676477693516e-03 
2.2837412788916148e-03 9.9309189243592115e-04 7.1040871730849628e-04 6.6642734958307281e-03 
2.2076254532637507e-03 9.6645661645628465e-04 6.4377009839331595e-04 6.4380702845359917e-03 
2.1339267910139817e-03 9.3673401405827467e-04 5.8351013397239760e-04 6.2286472941220916e-03 
2.0657160213393548e-03 9.0340269844566554e-04 5.2968317700005554e-04 6.0355050270428472e-03 
2.0040612628835818e-03 8.6706568233864173e-04 4.8262770305944070e-04 5.8567015325459246e-03 
1.9484295758859975e-03 8.2917741273012889e-04 4.4221368031004956e-04 5.6900186837888474e-03 
1.8978525719522536e-03 7.9167783763707284e-04 4.0772272015880310e-04 5.5346335074961776e-03 
1.8510904708904372e-03 7.5598081834951820e-04 3.7863691131547166e-04 5.3898434093758102e-03 
1.8073404527309664e-03 7.2281282793454945e-04 3.5453501938105265e-04 5.2550337674171612e-03 
1.7663166024229715e-03 6.9235524171490587e-04 3.3490055475437125e-04 5.1295651584216777e-03 
1.7276612085740978e-03 6.6425583391491226e-04 3.1927886702294339e-04 5.0121323025654951e-03 
1.6910435809899820e-03 6.3824675878908969e-04 3.0702787502872789e-04 4.9014284091128150e-03 
1.6563726330644463e-03 6.1430675376475700e-04 2.9753634773746940e-04 4.7968740457256086e-03 
1.6235375083003918e-03 5.9235320899882508e-04 2.9061574859002887e-04 4.6983251585320449e-03 
1.5923127398369279e-03 5.7227464887154558e-04 2.8618019291367519e-04 4.6051742803441447e-03 
1.5625720612848393e-03 5.5392998696273549e-04 2.8399690601384501e-04 4.5169640327734871e-03 
1.5342715047301980e-03 5.3713586008463318e-04 2.8380436952770165e-04 4.4336480650145286e-03 
1.5072104800592590e-03 5.2182198638855439e-04 2.8517656333037345e-04 4.3546639596250356e-03 
1.4811086620329335e-03 5.0785529263758927e-04 2.8764823931765374e-04 4.2792010624191079e-03 
1.4559008460856364e-03 4.9509535727992068e-04 2.9096248620509335e-04 4.2071225894290392e-03 
1.4312862769034064e-03 4.8342746669839752e-04 2.9479792847438729e-04 4.1376461179146191e-03 
1.4070301931051092e-03 4.7281646394310158e-04 2.9886358028724622e-04 4.0701164992016725e-03 
1.3833278984249592e-03 4.6308360587010434e-04 3.0293379473560840e-04 4.0050666604968654e-03 
1.3602134171457618e-03 4.5421290392943077e-04 3.0680170494929056e-04 3.9424997074085999e-03 
1.3377254376894141e-03 4.4615328785251762e-04 3.1032155854173105e-04 3.8823836599164766e-03 
1.3159197495626726e-03 4.3879950939977813e-04 3.1344545933920462e-04 3.8248281825473979e-03 
1.2945404261119303e-03 4.3205568280883224e-04 3.1606055395892290e-04 3.7690367922427171e-03 
1.2731564073390276e-03 4.2575918962650086e-04 3.1817318352468334e-04 3.7137202533353286e-03 
1.2517428606660256e-03 4.1968266657336053e-04 3.1977714755788506e-04 3.6585760639917583e-03 
1.2301883929161912e-03 4.1358256498722190e-04 3.2103324984468604e-04 3.6028692145663363e-03 
1.2083108053326727e-03 4.0723419175245920e-04 3.2233452003015839e-04 3.5455708624411225e-03 
1.1861202964278655e-03 4.0036089383934710e-04 3.2402490356766162e-04 3.4861839700851861e-03 
1.1637433126347107e-03 3.9276965367450971e-04 3.2655308031845370e-04 3.4244284520749363e-03 
1.1397598672569943e-03 3.8424861653816537e-04 3.3036245879746449e-04 3.3568733835791674e-03 
1.1141652673220741e-03 3.7518423028855215e-04 3.3555506541123569e-04 3.2835279996072005e-03 
1.0876550656493148e-03 3.6518240632623836e-04 3.4144763379319646e-04 3.2052128678144785e-03 
1.0612942989004267e-03 3.5397679996243808e-04 3.4776697878859152e-04 3.1238866368373227e-03 
1.0353553442563664e-03 3.4207113678392647e-04 3.5458737830995363e-04 3.0413118009196272e-03 
1.0096051774762950e-03 3.3030200790415702e-04 3.6158961822454545e-04 2.9579298964894675e-03 
9.8439299812984240e-04 3.1923070147650432e-04 3.6801873259831341e-04 2.8756921737920376e-03 
9.6081881986567633e-04 3.0951185373326821e-04 3.7320778832159021e-04 2.7980645201894144e-03 
9.3864037687442536e-04 3.0154812834014771e-04 3.7672285906062761e-04 2.7254231742156530e-03 
9.1829307185707014e-04 2.9603694679366708e-04 3.7835459563710075e-04 2.6600538466096117e-03 
8.9979415392457869e-04 2.9351087976176840e-04 3.7782423276502873e-04 2.6027553925264211e-03 
8.8242740970879930e-04 2.9369536856284790e-04 3.7474547755326712e-04 2.5521829326187796e-03 
8.6538640810149129e-04 2.9590877603916110e-04 3.6875640275974063e-04 2.5064226610530286e-03 
8.4952922589210907e-04 2.9944783584183633e-04 3.5961321788212077e-04 2.4676083798240256e-03 
8.3514948752402222e-04 3.0406510361447384e-04 3.4800393334389148e-04 2.4353777163462504e-03 
8.2313105770636123e-04 3.0886989778963259e-04 3.3480984128988464e-04 2.4107781384400933e-03 
8.1359449133075760e-04 3.1309050543667317e-04 3.2057064114141432e-04 2.3925877824229670e-03 
8.0528069111799445e-04 3.1641411231265695e-04 3.0581924039631080e-04 2.3768797370197297e-03 
7.9696582457687885e-04 3.1837725764842820e-04 2.9117537878354507e-04 2.3600353240857490e-03 
7.8827150139819749e-04 3.1875209405231916e-04 2.7689020263994450e-04 2.3408442965433211e-03 
7.7861621344285756e-04 3.1720902983193048e-04 2.6312954067966133e-04 2.3172094861254287e-03 
7.6730092825590579e-04 3.1373784824957645e-04 2.5009804298370473e-04 2.2870441875397578e-03 
7.5294105252582356e-04 3.0821211763196052e-04 2.3777437639818836e-04 2.2467691949530589e-03 
7.3787933195495125e-04 3.0077576912702214e-04 2.2539536571327868e-04 2.2030191010440911e-03 
7.2311416294123479e-04 2.9201303100770989e-04 2.1357890002468945e-04 2.1582871716546198e-03 
7.0989629893377813e-04 2.8218120574774360e-04 2.0331469449123387e-04 2.1155470013506095e-03 
6.9839819100971198e-04 2.7095923923337284e-04 1.9464230508826739e-04 2.0754119493621107e-03 
6.8770708931129726e-04 2.5873789694392260e-04 1.8688768682476056e-04 2.0366733785713940e-03 
6.7726234129585159e-04 2.4593187862526669e-04 1.7956495909629832e-04 1.9987937931790702e-03 
6.6692354754222069e-04 2.3292666118992518e-04 1.7254055631567012e-04 1.9615400475426511e-03 
6.5669499627721078e-04 2.1988324253174928e-04 1.6595957897000524e-04 1.9247463402921217e-03 
6.4641638001896305e-04 2.0695492600015806e-04 1.5985139051091513e-04 1.8878292855483260e-03 
6.3592477037310857e-04 1.9443164924279392e-04 1.5422504402998148e-04 1.8501800541244834e-03 
6.2363015359275149e-04 1.8260039188491039e-04 1.4939795146310473e-04 1.8076795977707625e-03 
6.1079800663912302e-04 1.7145823193480384e-04 1.4465289645546487e-04 1.7640952011179953e-03 
5.9846269380383569e-04 1.6174433251521763e-04 1.3978176235892372e-04 1.7221772940702413e-03 
5.8719335777035475e-04 1.5387362307126478e-04 1.3557446992570139e-04 1.6828664333695623e-03 
5.7768980597589154e-04 1.4744183427449324e-04 1.3250884045981563e-04 1.6479233418729203e-03 
5.6962628479655217e-04 1.4220295010043736e-04 1.3038498083569317e-04 1.6169764533573087e-03 
5.6237959188803685e-04 1.3821172768284680e-04 1.2878518398088708e-04 1.5892232738080692e-03 
5.5571542382799963e-04 1.3534833516053212e-04 1.2758712543886231e-04 1.5643711262669443e-03 
5.4960283805731360e-04 1.3320459500281776e-04 1.2695524755379096e-04 1.5422727698798909e-03 
5.4396797442573825e-04 1.3124574836388577e-04 1.2712406431181783e-04 1.5225420346011720e-03 
5.3877038678878779e-04 1.2914332836112683e-04 1.2824029178448858e-04 1.5049862856351018e-03 
5.3376889636847348e-04 1.2668521636163490e-04 1.3034112805325882e-04 1.4888986001624050e-03 
5.2801434203604114e-04 1.2371831824437693e-04 1.3321150984153886e-04 1.4716886521872611e-03 
5.2226206334805814e-04 1.2015546123934802e-04 1.3643746493274014e-04 1.4556062104980753e-03 
5.1726682263304833e-04 1.1681951566290194e-04 1.3995321851860060e-04 1.4426568783926475e-03 
5.1334674131093107e-04 1.1398992155715673e-04 1.4406667192036710e-04 1.4332373703237924e-03 
5.1075402630783523e-04 1.1176138130391492e-04 1.4876230601745528e-04 1.4278674072502771e-03 
5.0931286068722304e-04 1.1032512220231429e-04 1.5380175801626145e-04 1.4262143439914496e-03 
5.0853651896938653e-04 1.1017482250118086e-04 1.5882413553269451e-04 1.4274079237127067e-03 
5.0802830801701543e-04 1.1148935790600228e-04 1.6357542375235610e-04 1.4303824305938956e-03 
5.0769378062444478e-04 1.1431014395197092e-04 1.6779849024503530e-04 1.4347433326798256e-03 
5.0737838032062759e-04 1.1839513224290618e-04 1.7139468256288889e-04 1.4398496224621268e-03 
5.0691369937147577e-04 1.2353340985708861e-04 1.7428205893311080e-04 1.4450450598769355e-03 
5.0590314243370907e-04 1.2928958760531742e-04 1.7633714923555866e-04 1.4491336808465686e-03 
5.0470184384078867e-04 1.3533883484600256e-04 1.7749519456176826e-04 1.4529932712118623e-03 
5.0360533894143510e-04 1.4169785955773552e-04 1.7803770623721430e-04 1.4571070858959284e-03 
5.0277377045485137e-04 1.4796270810027789e-04 1.7829734315731423e-04 1.4615785592396950e-03 
5.0218621529499424e-04 1.5379705302656497e-04 1.7839371945312663e-04 1.4661080327050269e-03 
5.0159008970498899e-04 1.5899936692484823e-04 1.7833390800574419e-04 1.4699118339899354e-03 
5.0081165559327128e-04 1.6345753470168524e-04 1.7813993872228779e-04 1.4725476124659344e-03 
4.9973407711308723e-04 1.6728112248857687e-04 1.7785910424221013e-04 1.4738010047983380e-03 
4.9823406213989931e-04 1.7029463575475733e-04 1.7756564703021871e-04 1.4732156412102027e-03 
4.9613739748543076e-04 1.7252509083675463e-04 1.7725997911196705e-04 1.4703684073995406e-03 
4.9347298659279597e-04 1.7407557017591537e-04 1.7690106303004037e-04 1.4653205577311525e-03 
4.8937427901640958e-04 1.7491353072753216e-04 1.7637630525344460e-04 1.4563235036253164e-03 
4.8480182062580536e-04 1.7507296746506999e-04 1.7507131283511573e-04 1.4448679447591436e-03 
4.8029679069182593e-04 1.7414112109425848e-04 1.7312317277317762e-04 1.4320859358495203e-03 
4.7560920659863039e-04 1.7254694068698055e-04 1.7108987403342542e-04 1.4182762238869519e-03 
4.7048794258555628e-04 1.7057723543882728e-04 1.6902340532197691e-04 1.4029229351633142e-03 
4.6520144416330151e-04 1.6902037110240283e-04 1.6689729042299866e-04 1.3867892039114286e-03 
4.5931810199502122e-04 1.6718719327929238e-04 1.6461860111479626e-04 1.3686005319681503e-03 
4.5218435231334430e-04 1.6516881072241898e-04 1.6210147996488085e-04 1.3472650386140582e-03 
4.4497655417975252e-04 1.6284320260280709e-04 1.5856507936311504e-04 1.3250877422339975e-03 
4.3778045654515246e-04 1.5932262462447838e-04 1.5328004794551195e-04 1.3018320144515016e-03 
4.3063021664847909e-04 1.5614431960238296e-04 1.4916883473292068e-04 1.2785507790084220e-03 
4.2336945714412154e-04 1.5316844339198279e-04 1.4600280479079027e-04 1.2550870374476483e-03 
4.1585796360301438e-04 1.4954839858209685e-04 1.4272581312693841e-04 1.2310472239848392e-03 
4.0821718976747007e-04 1.4583386754113658e-04 1.3936828317837700e-04 1.2068408283772041e-03 
4.0058142976718972e-04 1.4229284512478705e-04 1.3614160180635515e-04 1.1827392354552217e-03 
3.9303133031501353e-04 1.3879431649857613e-04 1.3315856626875633e-04 1.1588874512626092e-03 
3.8558046743057358e-04 1.3515038597979414e-04 1.3043237181439222e-04 1.1353719188760313e-03 
3.7822806847282451e-04 1.3123204372205924e-04 1.2793013084699199e-04 1.1122853538257924e-03 
3.7099743443802833e-04 1.2703006090886363e-04 1.2561785000288832e-04 1.0897532339744229e-03 
3.6390165238151748e-04 1.2259099631480930e-04 1.2350510299893655e-04 1.0678369147073979e-03 
3.5698295366648860e-04 1.1800619094347075e-04 1.2160644300424913e-04 1.0466981018764315e-03 
3.5026442043808217e-04 1.1343330407476643e-04 1.1990893203991425e-04 1.0264244799853260e-03 
3.4374776138441801e-04 1.0905643536999286e-04 1.1837880393587201e-04 1.0070230899322727e-03 
3.3742940423406466e-04 1.0502823376146798e-04 1.1701206840876202e-04 9.8846353628210919e-04 
3.3131086354135086e-04 1.0143320756119289e-04 1.1581636950054749e-04 9.7072044510170777e-04 
3.2534697645498074e-04 9.8278258302606378e-05 1.1480431966738979e-04 9.5359843450377709e-04 
3.1950389954179360e-04 9.5561548220737946e-05 1.1398761183770442e-04 9.3694407754416086e-04 
3.1375430826200183e-04 9.3274438691170794e-05 1.1336541589638185e-04 9.2063452043768430e-04 
3.0806428493423640e-04 9.1407482301149458e-05 1.1294168669373824e-04 9.0451313255864279e-04 
3.0239764909481374e-04 8.9950871274376015e-05 1.1272465497479570e-04 8.8840823986896978e-04 
2.9672521509467332e-04 8.8897007704873116e-05 1.1274184490897760e-04 8.7217519461215310e-04 
2.9101607439038221e-04 8.8240979769515677e-05 1.1299100022773338e-04 8.5567388863494204e-04 
2.8524833466261087e-04 8.7991393749823265e-05 1.1345979946108658e-04 8.3880202068265181e-04 
2.7941056415440213e-04 8.8167482895377139e-05 1.1412412857714201e-04 8.2151213229267957e-04 
2.7349930539503632e-04 8.8793342872045509e-05 1.1495424694636345e-04 8.0379723387567846e-04 
2.6752168951763066e-04 8.9887023216908852e-05 1.1593015343006448e-04 7.8570683056208856e-04 
2.6149794480070389e-04 9.1455483203444323e-05 1.1700953498775407e-04 7.6735193368229434e-04 
2.5545691799790338e-04 9.3481466062862533e-05 1.1813291893863226e-04 7.4888804701803862e-04 
2.4944780146155795e-04 9.5919416536016021e-05 1.1924377591517831e-04 7.3054885857935651e-04 
2.4352835938522066e-04 9.8697755655881612e-05 1.2027902756979629e-04 7.1260827006314610e-04 
2.3776528314890677e-04 1.0172030504038302e-04 1.2116851728992154e-04 6.9537658586775355e-04 
2.3223356865182459e-04 1.0487053864647069e-04 1.2184093362180927e-04 6.7918956048067583e-04 
2.2701196974826942e-04 1.0801941986304121e-04 1.2222581749454453e-04 6.6438557729782714e-04 
2.2217978346903450e-04 1.1103509966178155e-04 1.2225423530080599e-04 6.5128379697053970e-04 
2.1780584587671585e-04 1.1379300218986756e-04 1.2186268441607658e-04 6.4013372288371337e-04 
2.1393960512307487e-04 1.1617511689845132e-04 1.2099794681719471e-04 6.3107849030156029e-04 
2.1061099831320277e-04 1.1807733976638420e-04 1.1961886021941048e-04 6.2415347655643625e-04 
2.0782610322372063e-04 1.1941522206125671e-04 1.1770074008401529e-04 6.1926870841921020e-04 
2.0556412237475048e-04 1.2012520727269015e-04 1.1523752100264038e-04 6.1620731252328841e-04 
2.0377513941160119e-04 1.2016518624081067e-04 1.1224252026875597e-04 6.1463604495340298e-04 
2.0238211026359990e-04 1.1951681332178877e-04 1.0874856543498666e-04 6.1413302554244370e-04 
2.0129226179265211e-04 1.1818574728764628e-04 1.0480778284729310e-04 6.1423922671431891e-04 
2.0040409905865212e-04 1.1620036906049289e-04 1.0048999820392786e-04 6.1449468870403839e-04 
1.9961670845108283e-04 1.1360973343866187e-04 9.5880672696814278e-05 6.1447707138072034e-04 
1.9883831406792543e-04 1.1048300291799686e-04 9.1079319503229686e-05 6.1383565601927338e-04 
1.9799266888054763e-04 1.0690806296169635e-04 8.6194729737882936e-05 6.1231419557315173e-04 
1.9702366864456794e-04 1.0298952193487723e-04 8.1340337913420746e-05 6.0976429016389752e-04 
1.9589064280846094e-04 9.8841800394737817e-05 7.6633078848389416e-05 6.0612663881957072e-04 
1.9457368483029254e-04 9.4612032930128454e-05 7.2190596122519184e-05 6.0144348060124381e-04 
1.9309027625054445e-04 9.0440447403734986e-05 6.8122957318682764e-05 5.9589226633810488e-04 
1.9147282584885581e-04 8.6482832557644546e-05 6.4531479546079369e-05 5.8969391348607592e-04 
1.8976394937133916e-04 8.2894818759437374e-05 6.1502104283578119e-05 5.8312264495575942e-04 
1.8800229376341837e-04 7.9824570189656680e-05 5.9085961333405676e-05 5.7644735885753397e-04 
1.8622620988224529e-04 7.7402517824879752e-05 5.7313360566230043e-05 5.6992655048040519e-04 
1.8447304127746552e-04 7.5724406153718861e-05 5.6184027693025610e-05 5.6378725576343642e-04 
1.8277403278211865e-04 7.4844072430382632e-05 5.5666012509183087e-05 5.5819987836536905e-04 
1.8114786652353762e-04 7.4747129026435187e-05 5.5705217367893768e-05 5.5325333329700205e-04 
1.7959710078749601e-04 7.5359981474916633e-05 5.6232336943162749e-05 5.4894502366666575e-04 
1.7811023018309048e-04 7.6566426768168329e-05 5.7170767516250238e-05 5.4519223112307967e-04 
1.7666605671269573e-04 7.8220629751587500e-05 5.8444423716922692e-05 5.4184924615259555e-04 
1.7523542783296698e-04 8.0161834574015507e-05 5.9981057682847845e-05 5.3872065265793889e-04 
1.7378499682554248e-04 8.2226928474874413e-05 6.1714173165067774e-05 5.3558323985125188e-04 
1.7227805990690931e-04 8.4261906364960839e-05 6.3583160850627174e-05 5.3220173146660793e-04 
1.7067091865954982e-04 8.6129728762866325e-05 6.5536041899759396e-05 5.2832675983653773e-04 
1.6894431581636763e-04 8.7710323197385235e-05 6.7536363423233237e-05 5.2378115838293260e-04 
1.6707992730126756e-04 8.8903090554508959e-05 6.9544946774472444e-05 5.1841404812829695e-04 
1.6505874683337560e-04 8.9626098930498449e-05 7.1533617286968429e-05 5.1209231053738662e-04 
1.6287447950713159e-04 8.9821507252118286e-05 7.3480446506402498e-05 5.0474695403169699e-04 
1.6053081261214195e-04 8.9448628129525147e-05 7.5366896011769537e-05 4.9636170998565302e-04 
1.5803994718638107e-04 8.8490047880409112e-05 7.7177816095130340e-05 4.8697310150856271e-04 
1.5542177799648916e-04 8.6947659600275149e-05 7.8901419590320343e-05 4.7667078169495199e-04 
1.5270371312211021e-04 8.4848076596517118e-05 8.0525627797730772e-05 4.6559572457278384e-04 
1.4992147113838166e-04 8.2243631658215349e-05 8.2036653537013188e-05 4.5394631229347818e-04 
1.4711905440555406e-04 7.9214478419959022e-05 8.3418985906756252e-05 4.4197687870743457e-04 
1.4434670504307747e-04 7.5871113310766131e-05 8.4653534722040088e-05 4.2999302136455817e-04 
1.4165741390449813e-04 7.2352529193320350e-05 8.5718798884465506e-05 4.1833566197302586e-04 
1.3910679406426045e-04 6.8832155208768141e-05 8.6590665234839988e-05 4.0737472982349109e-04 
1.3675018995157077e-04 6.5514812068430170e-05 8.7243848531605512e-05 3.9749045780924984e-04 
1.3463976352315552e-04 6.2628737686427376e-05 8.7652482875216693e-05 3.8904923207145822e-04 
1.3281956801989463e-04 6.0407899938162917e-05 8.7792047084392865e-05 3.8237422694181652e-04 
1.3132126756286788e-04 5.9065164260437688e-05 8.7641312296918303e-05 3.7771047702792309e-04 
1.3016444228931438e-04 5.8748494180722521e-05 8.7182911052568503e-05 3.7520539615863566e-04 
1.2935618582804280e-04 5.9519980111136846e-05 8.6405136180545529e-05 3.7488585085380824e-04 
1.2889196802490853e-04 6.1332957718529104e-05 8.5301330531260662e-05 3.7667862055459759e-04 
1.2878132760165578e-04 6.4064296397392526e-05 8.3876504093715264e-05 3.8046752571752231e-04 
1.2900469905130409e-04 6.7529249103618440e-05 8.2144970293040594e-05 3.8602063901520831e-04 
1.2947610814052153e-04 7.1480515921945695e-05 8.0097643610870547e-05 3.9286916816273071e-04 
1.3011537441263497e-04 7.5739510264332213e-05 7.7745231974708887e-05 4.0061225812597497e-04 
1.3086463332245092e-04 8.0137664890157426e-05 7.5120184956316375e-05 4.0892481121886131e-04 
1.3167841891935215e-04 8.4532869448090695e-05 7.2256525018413165e-05 4.1747947604330347e-04 
1.3252162032834699e-04 8.8802764579588831e-05 6.9183707039942413e-05 4.2599515568954072e-04 
1.3324269392445517e-04 9.2860987797081939e-05 6.5939696652414406e-05 4.3401083538662405e-04 
1.3398864864882026e-04 9.6573688214965389e-05 6.2817768049678224e-05 4.4175505073471997e-04 
1.3482107519738548e-04 1.0011363032649298e-04 5.9960644450571855e-05 4.4937685805004337e-04 
1.3544075415338399e-04 1.0322298665694153e-04 5.6887801524655572e-05 4.5598626695134945e-04 
1.3596906891302492e-04 1.0581054701539609e-04 5.3429015373323423e-05 4.6166558320140063e-04 
1.3637238815451260e-04 1.0798075221294220e-04 5.0132571038184072e-05 4.6616817677145830e-04 
1.3696580625241101e-04 1.0978121962071984e-04 4.7190886671286937e-05 4.7026002727121189e-04 
1.3744453186335015e-04 1.1108924166613364e-04 4.4688811537900428e-05 4.7329239614825525e-04 
1.3762618266754191e-04 1.1202724287049302e-04 4.2934885599620051e-05 4.7539720137326140e-04 
1.3739088678533178e-04 1.1263496975052690e-04 4.2014153101052345e-05 4.7605796822761245e-04 
1.3684702151303501e-04 1.1300346301081727e-04 4.1256946202044037e-05 4.7556205799006887e-04 
1.3603566998086338e-04 1.1300324689366465e-04 4.0672233936069354e-05 4.7358399492474743e-04 
1.3507908021146258e-04 1.1269114574506967e-04 4.0566588434578988e-05 4.7053662800432288e-04 
1.3392036277639081e-04 1.1206154049548216e-04 4.1074524862783952e-05 4.6648141627334265e-04 
1.3258002391665000e-04 1.1120659201305860e-04 4.2033389230739235e-05 4.6157481461107258e-04 
1.3132954625722266e-04 1.1014676712540698e-04 4.3112601502377878e-05 4.5634437619856971e-04 
1.2979791542980205e-04 1.0889060038121803e-04 4.4407008393129396e-05 4.5011126148910218e-04 
1.2797898559773258e-04 1.0749741726116033e-04 4.5872523413112579e-05 4.4304274571238257e-04 
1.2628499472283315e-04 1.0588368120886013e-04 4.7397263759666418e-05 4.3588817059213346e-04 
1.2450151587429582e-04 1.0411050045972143e-04 4.9020689665627187e-05 4.2816104726240681e-04 
1.2249235117362710e-04 1.0215099856368065e-04 5.0424882815842981e-05 4.1993789158430958e-04 
1.2047444148425657e-04 9.9936582539923783e-05 5.1685084014530275e-05 4.1137811514611145e-04 
1.1821516869349947e-04 9.7594783915231720e-05 5.2963500764532916e-05 4.0218028224996117e-04 
1.1578436892928469e-04 9.5134385276153267e-05 5.3992185603974560e-05 3.9244755656222641e-04 
1.1328238617153747e-04 9.2407815953082659e-05 5.4616508128345397e-05 3.8210809945998802e-04 
1.1070767355699543e-04 8.9341025930862313e-05 5.4930005525650959e-05 3.7134783686127701e-04 
1.0820383705362115e-04 8.5911975041127656e-05 5.4996806737312187e-05 3.6071973209669806e-04 
1.0553236351864127e-04 8.2228962537596651e-05 5.4935202542559644e-05 3.4984265278548463e-04 
1.0280346589259197e-04 7.8369300730591479e-05 5.4665330906317117e-05 3.3892854000284317e-04 
1.0019095184421144e-04 7.4358040835573985e-05 5.4179796023461595e-05 3.2825482064192366e-04 
9.7743585663605790e-05 7.0240241667596299e-05 5.3518863580907839e-05 3.1804428024695912e-04 
9.5478909561765176e-05 6.6077784767065796e-05 5.2726490952378567e-05 3.0851334297399443e-04 
9.3430902974866366e-05 6.1913482281011176e-05 5.1814792536891836e-05 2.9977926416917402e-04 
9.1634052873955618e-05 5.7788595219300907e-05 5.0775570773313820e-05 2.9196530248562215e-04 
9.0101802867439764e-05 5.3756488212574289e-05 4.9600635183490691e-05 2.8516351426822751e-04 
8.8835097224501615e-05 4.9870894006642833e-05 4.8294666617538217e-05 2.7944178483093246e-04 
8.7836340669452775e-05 4.6196924684203613e-05 4.6874000843279553e-05 2.7483984698883370e-04 
8.7107806732341294e-05 4.2817452041922191e-05 4.5362077018947342e-05 2.7137695757391305e-04 
8.6635080271744641e-05 3.9797152209953536e-05 4.3792357936873470e-05 2.6902017924260185e-04 
8.6368584414724646e-05 3.7157630668028912e-05 4.2208009393934550e-05 2.6764056444298333e-04 
8.6261029506707780e-05 3.4897644443461778e-05 4.0630858767791046e-05 2.6705782581566641e-04 
8.6317722862608049e-05 3.3051082112576496e-05 3.9136765565914983e-05 2.6721619990951025e-04 
8.6528150338882167e-05 3.1565776867541163e-05 3.7788559434185484e-05 2.6801793292828612e-04 
8.6857076907801510e-05 3.0402709657632634e-05 3.6652379340956102e-05 2.6926617845992169e-04 
8.7270049617109476e-05 2.9537829959888212e-05 3.5790952155785553e-05 2.7079611086488543e-04 
8.7716203655642221e-05 2.8928877905596951e-05 3.5263454815951872e-05 2.7241130654150606e-04 
8.8165984486092509e-05 2.8529460180975886e-05 3.5124096626269985e-05 2.7397484644651001e-04 
8.8601051261579211e-05 2.8278362295867026e-05 3.5402512687928892e-05 2.7537079846334979e-04 
8.9004081754987752e-05 2.8119229898427924e-05 3.6107744252571191e-05 2.7649870319954988e-04 
8.9358047144812909e-05 2.8004100123877632e-05 3.7227604527600492e-05 2.7727746203925726e-04 
8.9653364087459716e-05 2.7903897118642201e-05 3.8725529453611554e-05 2.7766790502117611e-04 
8.9888361298809464e-05 2.7802417192312464e-05 4.0544258881607025e-05 2.7766684418784434e-04 
9.0069164531164173e-05 2.7701917400159591e-05 4.2612355906283358e-05 2.7731090575387936e-04 
9.0209301929741859e-05 2.7628783605353518e-05 4.4851482400403418e-05 2.7668019469166981e-04 
9.0322681165638400e-05 2.7629624512360244e-05 4.7181519976648552e-05 2.7588303029726002e-04 
9.0412808978163905e-05 2.7785136298105461e-05 4.9523809174785696e-05 2.7503064968729848e-04 
9.0543142534338814e-05 2.8165269377681760e-05 5.1796459776601770e-05 2.7438109486092763e-04 
9.0762266892041748e-05 2.8853965066095702e-05 5.3927409328996419e-05 2.7417104929752605e-04 
9.1112312949554161e-05 2.9913453498433924e-05 5.5856838960156665e-05 2.7466147025425469e-04 
9.1613925499516697e-05 3.1383457398417096e-05 5.7528871032634605e-05 2.7605011818737510e-04 
9.2323476980283006e-05 3.3287898772986599e-05 5.8883662341212806e-05 2.7857011122230097e-04 
9.3272232285450610e-05 3.5586225490008028e-05 5.9882956705769822e-05 2.8237676350769113e-04 
9.4456485901014904e-05 3.8227538381889178e-05 6.0497459314325764e-05 2.8752196894395551e-04 
9.5879340937453665e-05 4.1132030495571162e-05 6.0700972201373298e-05 2.9398710745140346e-04 
9.7525105338863214e-05 4.4200358072253425e-05 6.0471043339290812e-05 3.0163191352636112e-04 
9.9360322644404748e-05 4.7328416572856096e-05 5.9800322095531687e-05 3.1024700417492591e-04 
1.0133147351934389e-04 5.0415571611815258e-05 5.8699894073689394e-05 3.1954157192561110e-04 
1.0337937465791110e-04 5.3365993880875347e-05 5.7194634053777142e-05 3.2919279382444700e-04 
1.0543964558740856e-04 5.6088262528788668e-05 5.5320711826239390e-05 3.3885324170401045e-04 
1.0744607813865852e-04 5.8500471523590036e-05 5.3126551568231253e-05 3.4817794575627882e-04 
1.0933193233223147e-04 6.0531715151025036e-05 5.0674588159759445e-05 3.5683589745427762e-04 
1.1103494907350595e-04 6.2125523402083155e-05 4.8041720190106183e-05 3.6452909833538188e-04 
1.1249999912313421e-04 6.3239330102780961e-05 4.5319221346673139e-05 3.7100071937280706e-04 
1.1368148469395079e-04 6.3845639084260592e-05 4.2611436994785649e-05 3.7604268403323364e-04 
1.1454558235195901e-04 6.3932184309682178e-05 4.0032670868064198e-05 3.7950280917730165e-04 
1.1507131807356703e-04 6.3502359272930921e-05 3.7701559829899876e-05 3.8128843846222158e-04 
1.1525122717426167e-04 6.2575851984298530e-05 3.5731981419250854e-05 3.8136838987526991e-04 
1.1509110781129106e-04 6.1189478903925305e-05 3.4219314744202366e-05 3.7977254778517855e-04 
1.1461069361893746e-04 5.9398979056235962e-05 3.3223143927047591e-05 3.7659158470659056e-04 
1.1384200365863576e-04 5.7280658344460057e-05 3.2754247817104733e-05 3.7197381919004945e-04 
1.1282878526893996e-04 5.4929851405917186e-05 3.2770676132396836e-05 3.6612241463951237e-04 
1.1162438529880645e-04 5.2463244336484783e-05 3.3186750072399872e-05 3.5928662776909647e-04 
1.1028888612372717e-04 5.0017944772924688e-05 3.3892054742505647e-05 3.5175376647772136e-04 
1.0888646882564106e-04 4.7748268756056727e-05 3.4770574339355901e-05 3.4383874212483734e-04 
1.0748304756143110e-04 4.5816740029337285e-05 3.5716641984430299e-05 3.3587150823592476e-04 
1.0614265082180080e-04 4.4378508078730788e-05 3.6644017477498388e-05 3.2817991245849765e-04 
1.0492342255196201e-04 4.3559847866386523e-05 3.7489600503739351e-05 3.2107171063333769e-04 
1.0387503344339693e-04 4.3434357001735761e-05 3.8212880074012628e-05 3.1481745575258579e-04 
1.0303655113334149e-04 4.4006569838739663e-05 3.8794132024340233e-05 3.0963355986386259e-04 
1.0243461536939918e-04 4.5211449780817901e-05 3.9232142987464018e-05 3.0566698865499821e-04 
1.0208242122686089e-04 4.6931169541407763e-05 3.9541618487959625e-05 3.0298556755702750e-04 
1.0198025985281786e-04 4.9019890638182650e-05 3.9750111991694243e-05 3.0157790343995509e-04 
1.0211793766787277e-04 5.1326628828288787e-05 3.9894340498773391e-05 3.0136370778144838e-04 
1.0247761733753533e-04 5.3710693219993194e-05 4.0016382251396325e-05 3.0221021171287192e-04 
1.0303640026090764e-04 5.6050136037647679e-05 4.0159402741984252e-05 3.0395021112062488e-04 
1.0376998435165050e-04 5.8244542845089809e-05 4.0363522994114846e-05 3.0640470472882567e-04 
1.0465517910515034e-04 6.0214889762229928e-05 4.0661554944620824e-05 3.0940159930902434e-04 
1.0567296866147693e-04 6.1902036598965928e-05 4.1075744753984329e-05 3.1279374458731228e-04 
1.0680983291211459e-04 6.3264625293471321e-05 4.1615613982929772e-05 3.1646962513794835e-04 
1.0805887902083391e-04 6.4277257983475086e-05 4.2277119236896407e-05 3.2035787731099589e-04 
1.0942162294186580e-04 6.4928924763259037e-05 4.3042929786033517e-05 3.2443381571019969e-04 
1.1090390913320514e-04 6.5221310560247702e-05 4.3885187397487174e-05 3.2871033984340533e-04 
1.1251612119717784e-04 6.5167558585478946e-05 4.4768787406092147e-05 3.3323811096554499e-04 
1.1427237281461186e-04 6.4790916024951606e-05 4.5655120169235242e-05 3.3809297506369479e-04 
1.1618958731334276e-04 6.4123493045965460e-05 4.6505117943676895e-05 3.4336894695439373e-04 
1.1828579013643982e-04 6.3206337547402577e-05 4.7282285353224542e-05 3.4916993309748885e-04 
1.2057737001059274e-04 6.2091831707141091e-05 4.7959170210898164e-05 3.5560231765402819e-04 
1.2306911842738336e-04 6.0829417856576532e-05 4.8524844118186060e-05 3.6273617521871834e-04 
1.2582228202447245e-04 5.9455991010984103e-05 4.8947434457056652e-05 3.7071833133453492e-04 
1.2877008191442251e-04 5.8030802304400459e-05 4.9223911536800413e-05 3.7942293118448691e-04 
1.3186725654249051e-04 5.6608060792611882e-05 4.9370228916730220e-05 3.8879665992159763e-04 
1.3496298678236182e-04 5.5269755106026476e-05 4.9386660255754060e-05 3.9844717113917929e-04 
1.3823918330047507e-04 5.4014078147285912e-05 4.9268754556647487e-05 4.0876227624645953e-04 
1.4165296665017877e-04 5.2837136093756743e-05 4.9052237510710600e-05 4.1952144732923524e-04 
1.4518791336385072e-04 5.1811971428992052e-05 4.8773106524009152e-05 4.3065492326148976e-04 
1.4884528213457863e-04 5.0926667797217677e-05 4.8500557686388511e-05 4.4210486599970258e-04 
1.5251444253506022e-04 5.0247091912707705e-05 4.8290374260084262e-05 4.5354071178564816e-04 
1.5618202614164597e-04 4.9774461577897277e-05 4.8216964003361377e-05 4.6485951201335720e-04 
1.5983723770936559e-04 4.9498898541129257e-05 4.8330963362629300e-05 4.7594591910371070e-04 
1.6348384434836615e-04 4.9397508780819153e-05 4.8670539557869588e-05 4.8675606931134516e-04 
1.6707607199318832e-04 4.9392741919053331e-05 4.9249425144568268e-05 4.9713991095216284e-04 
1.7057653400299341e-04 4.9502554611469964e-05 5.0064768694443162e-05 5.0703599073627706e-04 
1.7404880330844914e-04 4.9632732217628376e-05 5.1322923206585216e-05 5.1656743225640244e-04 
1.7737129500771848e-04 4.9953017329835511e-05 5.2885826861985849e-05 5.2547018522122366e-04 
1.8031051922448978e-04 5.0279043002618445e-05 5.4503836886354761e-05 5.3314193006243093e-04 
1.8304542693344992e-04 5.0654733872987384e-05 5.6126018452843763e-05 5.3991772839037883e-04 
1.8590497224513927e-04 5.0964002253079141e-05 5.7961552550812352e-05 5.4652402069886629e-04 
1.8882941429603130e-04 5.1410282887727726e-05 5.9956336333681900e-05 5.5296957544804528e-04 
1.9166690855639072e-04 5.1957576053339047e-05 6.2184390888654222e-05 5.5907308313515457e-04 
1.9454436138849535e-04 5.2829099907988090e-05 6.4487079552501299e-05 5.6536465001404579e-04 
1.9754372315695462e-04 5.3749171646408509e-05 6.6843732201772978e-05 5.7167725770566695e-04 
2.0051033671094728e-04 5.4734224757351227e-05 6.9084571015653562e-05 5.7770078549256910e-04 
2.0362470160163658e-04 5.5801763424611860e-05 7.1185874038372389e-05 5.8404358067221595e-04 
2.0720620954484099e-04 5.6783883399904086e-05 7.3152732887531472e-05 5.9146254425281259e-04 
2.0978766647507442e-04 5.8056785559145105e-05 7.4995418918707919e-05 5.9689997126409955e-04 
2.1261071487772542e-04 5.9248793264965508e-05 7.6801984641555450e-05 6.0357088050629417e-04 
2.1568408434562448e-04 6.0321426222119211e-05 7.8481969292200143e-05 6.1094720644914969e-04 
2.1894940345694737e-04 6.1636556491694486e-05 7.9829459031207302e-05 6.1917446869095725e-04 
2.2227773942014474e-04 6.2922199226573869e-05 8.0992205719060317e-05 6.2783242281502934e-04 
2.2538492828228006e-04 6.4577302169968316e-05 8.2033483856335158e-05 6.3618094322484195e-04 
2.2856530945080403e-04 6.7249312547667739e-05 8.2988847212986491e-05 6.4560027461783756e-04 
2.3195852430421860e-04 6.9321897839506771e-05 8.4211747772204912e-05 6.5608909525540111e-04 
2.3523212456747598e-04 7.0832318877832860e-05 8.5179767359690783e-05 6.6627101270463917e-04 
2.3725656895543022e-04 7.2992941733692786e-05 8.5721186089287305e-05 6.7381826399753419e-04 
2.3934318645609244e-04 7.4209856144317367e-05 8.5332546076816296e-05 6.8188363652102143e-04 
2.4218627512631431e-04 7.4611854232981207e-05 8.4355422355486971e-05 6.9169007704678119e-04 
2.4558632562131908e-04 7.5650062583583290e-05 8.3573513587699286e-05 7.0333730879494811e-04 
2.4949647218668275e-04 7.7039986627886478e-05 8.2807900443069833e-05 7.1641197877663268e-04 
2.5392077510011271e-04 7.8679191801401039e-05 8.2020268179048525e-05 7.3062529935283944e-04 
2.5809833266264879e-04 8.0495346426010119e-05 8.1454099117548855e-05 7.4452149026423030e-04 
2.6167878513977904e-04 8.2216593930337095e-05 8.0993685725635347e-05 7.5738003826114500e-04 
2.6474439634651640e-04 8.3121874466719162e-05 8.0148510424236737e-05 7.6892653220968416e-04 
2.6704184330487648e-04 8.3754499416330270e-05 7.9219703493530169e-05 7.7867722662280188e-04 
2.6841369349086289e-04 8.5006483936660783e-05 7.8334327015303304e-05 7.8694705467754068e-04 
2.7000802977536736e-04 8.6323879492211081e-05 7.7545125893029742e-05 7.9549934084458148e-04 
2.7168431858470713e-04 8.6811910001981449e-05 7.6441312182505021e-05 8.0359106779745709e-04 
2.7318623372345663e-04 8.6719348042180492e-05 7.4864728682410086e-05 8.1079969156731802e-04 
2.7433476737026926e-04 8.6241642310907522e-05 7.3046162142634827e-05 8.1695807327713805e-04 
2.7515587224156182e-04 8.5731582052891788e-05 7.1315631101435858e-05 8.2214281148525095e-04 
2.7570590811869277e-04 8.5120503069437072e-05 6.9764784043469178e-05 8.2638899306222355e-04 
2.7586507552483083e-04 8.4283381089010330e-05 6.8414662357881378e-05 8.2924852877521425e-04 
2.7564916719506567e-04 8.2630199862822947e-05 6.6770235280285705e-05 8.3080991999862259e-04 
2.7559830586691822e-04 8.0278826772186066e-05 6.4933596156340842e-05 8.3263715158104188e-04 
2.7535570211844018e-04 7.8147861100499996e-05 6.3589423842153530e-05 8.3350132394503426e-04 
2.7419114697366833e-04 7.6661261217027463e-05 6.2647772083303864e-05 8.3218082979128263e-04 
2.7225861622521451e-04 7.5555199519473267e-05 6.2147520335908800e-05 8.2912853884696959e-04 
2.7021119926510324e-04 7.4350731185804847e-05 6.1760515959771644e-05 8.2524792299133319e-04 
2.6804320379038201e-04 7.2847593814836660e-05 6.1130242610123295e-05 8.2045171159925536e-04 
2.6574539573502798e-04 7.1194751411918293e-05 6.0312586061170223e-05 8.1502382060112720e-04 
2.6328695690644411e-04 6.9490731492030089e-05 5.9487909309770359e-05 8.0903404972089627e-04 
2.6072340439496584e-04 6.7895088862989829e-05 5.8821175958603141e-05 8.0266805006698526e-04 
2.5812145645656790e-04 6.6465762764437856e-05 5.8318092298956834e-05 7.9605102753818168e-04 
2.5550126745299187e-04 6.5182881338980692e-05 5.7910323152298580e-05 7.8916913465031438e-04 
2.5291109885837296e-04 6.4167668543219439e-05 5.7572520434386698e-05 7.8213494836743382e-04 
2.5044113870397231e-04 6.3416256238424648e-05 5.7346464769000808e-05 7.7521549435260724e-04 
2.4817930462494724e-04 6.2969557004404744e-05 5.7232218461117960e-05 7.6864171744375266e-04 
2.4620711626533571e-04 6.2818323765307269e-05 5.7187682132537019e-05 7.6261910481376929e-04 
2.4460234980423003e-04 6.2948838461600152e-05 5.7175407343162219e-05 7.5734185159572105e-04 
2.4341998313296090e-04 6.3306375997839844e-05 5.7186849262321909e-05 7.5294120755640872e-04 
2.4269087550553430e-04 6.3671444356563583e-05 5.7067339835562083e-05 7.4947326569221461e-04 
2.4263749154692410e-04 6.4287896955478197e-05 5.6972069912361805e-05 7.4755092917039897e-04 
2.4330543910058662e-04 6.5305919578533166e-05 5.7017998797673251e-05 7.4730785921244686e-04 
2.4472989384033747e-04 6.6494113520634032e-05 5.7167214946733369e-05 7.4881769829981287e-04 
2.4691610784526822e-04 6.7742868017108511e-05 5.7397993697083791e-05 7.5209873332430914e-04 
2.4986720999981926e-04 6.9046638498887770e-05 5.7726708622246455e-05 7.5719322853628449e-04 
2.5358961900909591e-04 7.0424410175920547e-05 5.8205324030391104e-05 7.6412929599992086e-04 
2.5809017011942814e-04 7.1855604345000051e-05 5.8882072483730941e-05 7.7294111209337687e-04 
2.6335748044533004e-04 7.3331988876136324e-05 5.9785676227693034e-05 7.8362195986627053e-04 
2.6936180113265818e-04 7.4851625262444419e-05 6.0939275972591459e-05 7.9613369312776230e-04 
2.7606204074929715e-04 7.6419833760569931e-05 6.2368400989251389e-05 8.1041962961923137e-04 
2.8340838928918950e-04 7.8032506269906220e-05 6.4091070507749616e-05 8.2640840680936120e-04 
2.9133861293882316e-04 7.9686196245079238e-05 6.6111006758113876e-05 8.4398473358158707e-04 
2.9978562219684082e-04 8.1392547608616177e-05 6.8427101433850333e-05 8.6302622708172043e-04 
3.0867569098226919e-04 8.3148389859964594e-05 7.1027366493555023e-05 8.8340330196904390e-04 
3.1791200168533167e-04 8.4942320345467425e-05 7.3890706428556208e-05 9.0490944695293069e-04 
3.2736745724784176e-04 8.6846138891389927e-05 7.6917691866116734e-05 9.2727492051844593e-04 
3.3685355646100468e-04 8.9253087064952464e-05 8.0362664717906776e-05 9.5006663864397902e-04 
3.4638222801404732e-04 9.1836522331189172e-05 8.4126412241062969e-05 9.7340629806481112e-04 
3.5599378504964165e-04 9.3813459695970422e-05 8.7963272621605518e-05 9.9735640230210680e-04 
3.6541308986237072e-04 9.5529016615638362e-05 9.1787663546917181e-05 1.0210104408058850e-03 
3.7484893580127919e-04 9.7172119824641621e-05 9.5380533192121123e-05 1.0454586180941815e-03 
3.8505935682440860e-04 9.8822137266875611e-05 9.8649547055940339e-05 1.0721137083104103e-03 
3.9398524421410674e-04 1.0017733485418858e-04 1.0164848307682683e-04 1.0957116793820735e-03 
4.0213975143736256e-04 1.0245626860527111e-04 1.0454986179080317e-04 1.1183871056183329e-03 
4.1032327447247403e-04 1.0443539160548649e-04 1.0734853178140852e-04 1.1413539507466109e-03 
4.1839189076174122e-04 1.0590963946696917e-04 1.1021529068735385e-04 1.1638909246798809e-03 
4.2560005697486042e-04 1.0682198308761994e-04 1.1290215114560615e-04 1.1841825386152394e-03 
4.3232319606680702e-04 1.0951470459722851e-04 1.1553430389325996e-04 1.2040965928454884e-03 
4.3881064989843496e-04 1.1417861521069634e-04 1.1835884109849017e-04 1.2238259968114732e-03 
4.4620723920668821e-04 1.1741032459493133e-04 1.2110303813243826e-04 1.2456801000509834e-03 
4.5261702705678356e-04 1.1951167534002815e-04 1.2332540281080015e-04 1.2642038690548667e-03 
4.5706217552391799e-04 1.2074718491971591e-04 1.2502108985695332e-04 1.2780655466534949e-03 
4.5786009135149992e-04 1.2107761620963984e-04 1.2597082516561578e-04 1.2846642899427938e-03 
4.5776825877614531e-04 1.2344319325076746e-04 1.2650391067822031e-04 1.2898815545476989e-03 
4.5920650092319939e-04 1.2619429965640884e-04 1.2763115411356884e-04 1.2976726335440269e-03 
4.6079058940304149e-04 1.2780362011393943e-04 1.3091163500739334e-04 1.3029344662603558e-03 
4.6186955986615046e-04 1.3203929036653846e-04 1.3017829553173157e-04 1.3070486991219497e-03 
4.6216480244664845e-04 1.3692702212473660e-04 1.3027751906420588e-04 1.3089863110824216e-03 
4.6096270138985725e-04 1.4051444794798389e-04 1.3207413081057248e-04 1.3076031696357458e-03 
4.5477280660246764e-04 1.4214252118908315e-04 1.3747321202879959e-04 1.2949521442616266e-03 
4.4700338928969815e-04 1.4244681300235515e-04 1.3987207325021785e-04 1.2791150265000679e-03 
4.4257551287244120e-04 1.3858260259932875e-04 1.3658714233351192e-04 1.2662625568673255e-03 
4.3816624586857981e-04 1.3850696111820137e-04 1.3214171171720306e-04 1.2544881917516046e-03 
4.3190375987729219e-04 1.3842090329730126e-04 1.3056633616264493e-04 1.2401783465674683e-03 
4.2473844354308640e-04 1.4004682695537495e-04 1.2857888014651143e-04 1.2235294112235165e-03 
4.1972802896535119e-04 1.3788143564195777e-04 1.2744040276720046e-04 1.2110682315122951e-03 
4.1195599509055654e-04 1.3723917390467551e-04 1.2769138010501431e-04 1.1912798119433968e-03 
4.0242773069221644e-04 1.3653731885569456e-04 1.2695182458281919e-04 1.1671321212182748e-03 
3.9442907226074401e-04 1.2997698315761502e-04 1.1966769890754699e-04 1.1416867744409173e-03 
3.8195679581291798e-04 1.2463118598161882e-04 1.1596844202538061e-04 1.1105127914071426e-03 
3.6940285022805767e-04 1.2017316676115483e-04 1.0741983232090153e-04 1.0797681895963972e-03 
3.5986523151496254e-04 1.1212339131437502e-04 9.2769758528637856e-05 1.0484380927409224e-03 
3.5171548419444539e-04 1.0836121544803196e-04 9.0306790929227073e-05 1.0237817486686491e-03 
3.4175365944005842e-04 1.0294658775498345e-04 8.9281060941258632e-05 9.9737658294245875e-04 
3.3028591987337733e-04 9.6896729949945800e-05 8.5563172759481722e-05 9.6877618558386498e-04 
3.1918026231468496e-04 9.3665346339316376e-05 8.1637840601017306e-05 9.4188931862757431e-04 
3.0942875150834405e-04 9.2270854078225104e-05 7.9095784585859308e-05 9.1860248930827480e-04 
3.0096649971413612e-04 9.0939649784144315e-05 7.7604986283318021e-05 8.9776645678708758e-04 
2.9321613072280113e-04 8.9698238358870314e-05 7.6758264293690543e-05 8.7803812187040259e-04 
2.8592664263098465e-04 8.8265181373246699e-05 7.6121284437874619e-05 8.5919513123574936e-04 
2.7909987417817559e-04 8.6948744484722834e-05 7.5468988569099563e-05 8.4127239191216700e-04 
2.7298323195540722e-04 8.5865071678337303e-05 7.4774176828779456e-05 8.2484417643259990e-04 
2.6777258814316259e-04 8.4890043665035030e-05 7.4214127266836478e-05 8.1028122557572188e-04 
2.6355634612957332e-04 8.3717120483345548e-05 7.3881070744506356e-05 7.9793205786476377e-04 
2.6030424363127525e-04 8.2261457586207251e-05 7.3734998896663378e-05 7.8781515710082517e-04 
2.5795640122072580e-04 8.0744600948957370e-05 7.3733317354314913e-05 7.7979559894181131e-04 
2.5644644801675848e-04 7.9419153175652629e-05 7.3902370695327609e-05 7.7367099126800253e-04 
2.5570876582223245e-04 7.8394599360362606e-05 7.4262539277395229e-05 7.6926199526378722e-04 
2.5566262274851143e-04 7.7658148264602277e-05 7.4800236820442328e-05 7.6638468254528499e-04 
2.5622874999795187e-04 7.7171807767452763e-05 7.5477325668866734e-05 7.6489056250875578e-04 
2.5733118248835545e-04 7.6901812980412687e-05 7.6253105257596086e-05 7.6465451199142010e-04 
2.5890272276584011e-04 7.6829981933256472e-05 7.7104321276180029e-05 7.6556747910806549e-04 
2.6087900405584810e-04 7.6933710084099962e-05 7.8002270515474160e-05 7.6751816542911661e-04 
2.6319230840641747e-04 7.7187807953874287e-05 7.8913701455165459e-05 7.7037333191448383e-04 
2.6578064458810665e-04 7.7571084895340127e-05 7.9805406883930776e-05 7.7400631155990346e-04 
2.6858966771710889e-04 7.8060178284115872e-05 8.0643396860307468e-05 7.7829806148115900e-04 
2.7156642519033357e-04 7.8627142556057038e-05 8.1399875840969395e-05 7.8312858899735524e-04 
2.7466109330716743e-04 7.9233314132362434e-05 8.2051363294400372e-05 7.8837588239257959e-04 
2.7783059637336623e-04 7.9861575963087038e-05 8.2572913404716576e-05 7.9392822298272664e-04 
2.8103239723527426e-04 8.0485271097038806e-05 8.2940001609387769e-05 7.9968707460031636e-04 
2.8418005617539694e-04 8.1081538842174173e-05 8.3106536066160374e-05 8.0544227054083644e-04 
2.8724714013597305e-04 8.1687312603279964e-05 8.3114137853500537e-05 8.1112958390560828e-04 
2.9023926757956535e-04 8.2268630041296267e-05 8.2950230996763381e-05 8.1677466934231111e-04 
2.9311585298134055e-04 8.2790960740571705e-05 8.2581809566434480e-05 8.2222235805865342e-04 
2.9584116677525499e-04 8.3279918368930179e-05 8.1994174630915009e-05 8.2737034916771624e-04 
2.9836476648901805e-04 8.3746834002652483e-05 8.1200170631573509e-05 8.3208341173911888e-04 
3.0065945654117812e-04 8.4210639451535907e-05 8.0236192874613750e-05 8.3631820510527755e-04 
3.0282334671458166e-04 8.4699919269720902e-05 7.9152407781833193e-05 8.4034304245848856e-04 
3.0488850778970786e-04 8.5323169306987696e-05 7.8049280809473870e-05 8.4422284545892091e-04 
3.0661425191830976e-04 8.5935512900915949e-05 7.6846375967686836e-05 8.4726421885618895e-04 
3.0787183606716985e-04 8.6289582543359498e-05 7.6143933467939332e-05 8.4953776497872428e-04 
3.0966359212400034e-04 8.7644011700390172e-05 7.8078284845247209e-05 8.5366989107646841e-04 
3.1229387568959977e-04 8.9939063993068312e-05 7.9159831019872022e-05 8.6077805239889867e-04 
3.1487184125352641e-04 9.0507172764607951e-05 8.0020325956531985e-05 8.6729614320574873e-04 
3.1771591377402714e-04 9.3493020095443356e-05 8.2354092880177404e-05 8.7597911326122531e-04 
3.2094313781454203e-04 9.7448522024996085e-05 8.4676349578968082e-05 8.8582393444920551e-04 
3.2591197231872712e-04 9.9876390416178719e-05 8.7209493120962397e-05 8.9929903485594842e-04 
3.3070029776557626e-04 1.0335316146851022e-04 9.1682277133224349e-05 9.1206843504080171e-04 
3.3502902385642680e-04 1.0695841552108479e-04 9.6320944292119188e-05 9.2539179561586921e-04 
3.3702472832779852e-04 1.1073160791793320e-04 9.8768515364921989e-05 9.3054950204849688e-04 
3.3456618333148710e-04 1.1405939277890903e-04 9.8957403372606267e-05 9.2192072118238606e-04 
3.2477499539890550e-04 1.1458207815407961e-04 9.9233781381544243e-05 8.9594750560974886e-04 
3.1113391097407835e-04 1.1223323694470837e-04 9.8291556456172357e-05 8.6097742267660050e-04 
2.9927519545980188e-04 1.0865220359035096e-04 9.4551141383652056e-05 8.2863903731935393e-04 
2.8839706019169155e-04 1.0437902042227945e-04 9.0513994955455649e-05 8.0017655094580882e-04 
2.7822462559697422e-04 1.0155253357600672e-04 8.6734666763586875e-05 7.7356015430313804e-04 
2.6820985025234118e-04 9.8598149669142687e-05 8.3577767589803367e-05 7.4573679542847839e-04 
2.5976638883478195e-04 9.5201016988249808e-05 8.2132669122225312e-05 7.2207088935382670e-04 
2.5201422610198810e-04 9.3115593419335472e-05 8.1545301274632364e-05 7.0106099626611365e-04 
2.4494691203027819e-04 9.2937897626679198e-05 8.1788999211623555e-05 6.8295650921779561e-04 
2.3856473617625269e-04 9.2507040781881250e-05 8.2615707549844880e-05 6.6651059533890983e-04 
2.3249893606334658e-04 8.9691423078870310e-05 8.3485992195137199e-05 6.5061878094762379e-04 
2.2544507651090594e-04 8.7258777002700743e-05 8.4339437618648032e-05 6.3224584217123772e-04 
2.1876088887867880e-04 8.5610208069766862e-05 8.4465660001125433e-05 6.1490880675840059e-04 
2.1301126877049263e-04 8.3006731491850664e-05 8.3239748929252945e-05 5.9962849353196448e-04 
2.0827814777965559e-04 8.1021624586408427e-05 8.2305199220726781e-05 5.8681657652843707e-04 
2.0424650438317883e-04 7.9579108845324116e-05 8.1718619186976586e-05 5.7585751617134334e-04 
2.0083472844427966e-04 7.8691565936278468e-05 8.1294554469879486e-05 5.6619935521868138e-04 
1.9768467657772467e-04 7.7984024437983068e-05 8.1119953376288526e-05 5.5717364089953949e-04 
1.9435101000128739e-04 7.7283821700047927e-05 8.1195570244561475e-05 5.4796108801407814e-04 
1.9072617484487586e-04 7.6474422432883405e-05 8.1255733219398873e-05 5.3816697489768219e-04 
1.8688557052231082e-04 7.5174187304048840e-05 8.0995470694417843e-05 5.2763752492257922e-04 
1.8319651825773629e-04 7.3760496878700577e-05 8.0590156069700633e-05 5.1753619686955188e-04 
1.7949837557138426e-04 7.2535870281252915e-05 8.0132172472193182e-05 5.0753008659640535e-04 
1.7580694516640221e-04 7.1757860694443557e-05 7.9682807578050779e-05 4.9768625303551269e-04 
1.7177117093116677e-04 7.0993166972311902e-05 7.9358753169487072e-05 4.8715737990250252e-04 
1.6804016623966147e-04 7.0221500345023569e-05 7.8992531356554099e-05 4.7724088053478601e-04 
1.6459395067818335e-04 6.9136682821126732e-05 7.8462824373766945e-05 4.6792371403138488e-04 
1.6131705013653703e-04 6.7966418639692769e-05 7.7725045854755179e-05 4.5913398311430163e-04 
1.5820097539919793e-04 6.6880863270790068e-05 7.6853946942994210e-05 4.5096988128257964e-04 
1.5529946976254269e-04 6.5950743964927116e-05 7.5938570131856524e-05 4.4357972071169626e-04 
1.5261998150461429e-04 6.5161953480396344e-05 7.4985861693076567e-05 4.3696097548995180e-04 
1.5015488252409230e-04 6.4495343542198824e-05 7.3974147359997448e-05 4.3109283819214552e-04 
1.4791936693050442e-04 6.3976453692328794e-05 7.2924857317215532e-05 4.2605393581017801e-04 
1.4592914220981434e-04 6.3564727149850102e-05 7.1854070851079378e-05 4.2191384022956165e-04 
1.4418302335135691e-04 6.3299303757285362e-05 7.0743346580857462e-05 4.1863916285513265e-04 
1.4267563702479992e-04 6.3171043564354010e-05 6.9567080017441152e-05 4.1619852881981265e-04 
1.4138981418313322e-04 6.3173316806356363e-05 6.8313927891896031e-05 4.1453136565496295e-04 
1.4031310850487369e-04 6.3297493918389465e-05 6.6988931334680684e-05 4.1359703356522181e-04 
1.3943511098401219e-04 6.3530069000243951e-05 6.5597175349161368e-05 4.1334591505327514e-04 
1.3871041710429482e-04 6.3812250970074033e-05 6.4133144439714235e-05 4.1361006212054229e-04 
1.3819387307184011e-04 6.4129465421362863e-05 6.2575844768952507e-05 4.1450935942039809e-04 
1.3786836678560292e-04 6.4556579145978770e-05 6.0988477594817114e-05 4.1597818009441085e-04 
1.3770906148194426e-04 6.5098738867982442e-05 5.9380770496557795e-05 4.1792140313641707e-04 
1.3769026443827108e-04 6.5686279008390807e-05 5.7754296982979295e-05 4.2021679336512924e-04 
1.3778083407870359e-04 6.6256985324417798e-05 5.6095204134844903e-05 4.2273762324013562e-04 
1.3796474062051402e-04 6.6801383374199750e-05 5.4439557660786539e-05 4.2539768753135563e-04 
1.3822567132557769e-04 6.7322986667207968e-05 5.2804200989062529e-05 4.2813896869276299e-04 
1.3854672547320635e-04 6.7786406593773547e-05 5.1203368205088582e-05 4.3087420475935756e-04 
1.3891534098646314e-04 6.8174056847104431e-05 4.9649570119229690e-05 4.3353289559590574e-04 
1.3931639882767938e-04 6.8475302681249867e-05 4.8154748874945400e-05 4.3605420840937457e-04 
1.3973609975487949e-04 6.8684346029832143e-05 4.6733931766112320e-05 4.3838094237262664e-04 
1.4017165094125109e-04 6.8790879522231640e-05 4.5403681265675253e-05 4.4048242953827682e-04 
1.4060645090594779e-04 6.8780052651180645e-05 4.4181962357601997e-05 4.4228914554937388e-04 
1.4102757255276814e-04 6.8643709709020841e-05 4.3086765177788882e-05 4.4375239659146865e-04 
1.4142623552881121e-04 6.8379003118030984e-05 4.2129059717029203e-05 4.4484402837365354e-04 
1.4178908938046000e-04 6.7985078007101816e-05 4.1320569175038478e-05 4.4552905328597764e-04 
1.4210728948718294e-04 6.7463669732247472e-05 4.0668101891737273e-05 4.4578660891293488e-04 
1.4237368864739291e-04 6.6814469131424816e-05 4.0172418244199129e-05 4.4560325564623046e-04 
1.4256585366504091e-04 6.6037609759888040e-05 3.9821804903149154e-05 4.4492304693367717e-04 
1.4269333384449626e-04 6.5161144049380871e-05 3.9623833570008296e-05 4.4379728505159133e-04 
1.4275992666153346e-04 6.4185785459038803e-05 3.9579529827767483e-05 4.4224189017000987e-04 
1.4275974165886646e-04 6.3112411019933083e-05 3.9664264383454845e-05 4.4025946024113972e-04 
1.4268116249172721e-04 6.1944327112712719e-05 3.9849945373021820e-05 4.3785227595143599e-04 
1.4251874215943569e-04 6.0702353472249601e-05 4.0118475552290144e-05 4.3503717982898822e-04 
1.4227263260397960e-04 5.9404827383245191e-05 4.0453295368564107e-05 4.3184490157276308e-04 
1.4194595524589411e-04 5.8066184215274250e-05 4.0832834288250705e-05 4.2831010914308638e-04 
1.4153998289676871e-04 5.6698792003656497e-05 4.1237262357878625e-05 4.2446544093520584e-04 
1.4105912325019994e-04 5.5320087779743542e-05 4.1641809606551955e-05 4.2035959503677119e-04 
1.4049412747062391e-04 5.4011444016437606e-05 4.2053775380333479e-05 4.1601355080949016e-04 
1.3981508354387478e-04 5.2835186941923995e-05 4.2511064564518384e-05 4.1137130998383309e-04 
1.3904397607102719e-04 5.1663247444785009e-05 4.2953790663422369e-05 4.0652415437263426e-04 
1.3816995872614572e-04 5.0460648733615128e-05 4.3331733220552940e-05 4.0147548324180382e-04 
1.3719650026464364e-04 4.9279297415425262e-05 4.3633782897343499e-05 3.9629560543011746e-04 
1.3613981897561288e-04 4.8175259225383067e-05 4.3872469871969528e-05 3.9104908424517884e-04 
1.3502670762168039e-04 4.7161141460589768e-05 4.4056881077201737e-05 3.8582189278808142e-04 
1.3387092151250472e-04 4.6238156401804065e-05 4.4191570070122297e-05 3.8065617106810076e-04 
1.3268127612198118e-04 4.5405709371471709e-05 4.4277288626594687e-05 3.7559995222775271e-04 
1.3145949731399985e-04 4.4671391578315664e-05 4.4322206788625137e-05 3.7067420199300542e-04 
1.3020538342191983e-04 4.4037161687539604e-05 4.4339462427574047e-05 3.6588410101361183e-04 
1.2892168009512688e-04 4.3500623620065839e-05 4.4337575901732301e-05 3.6124341743920324e-04 
1.2791464248163343e-04 4.2934739090498072e-05 4.4242400556726941e-05 3.5752989835935027e-04 
1.2694662380143581e-04 4.2278858197517842e-05 4.4161360964029303e-05 3.5402491566137836e-04 
1.2585681208892698e-04 4.1928301992987159e-05 4.4034449544646949e-05 3.5049928546326202e-04 
1.2478246292805362e-04 4.1653549603043763e-05 4.3941817869448298e-05 3.4700378138695018e-04 
1.2366242014977944e-04 4.1422214794136183e-05 4.3884392476930433e-05 3.4359382343442167e-04 
1.2247460563401654e-04 4.1229294386549881e-05 4.3884774058583657e-05 3.4031796284805950e-04 
1.2119528187346850e-04 4.1125362334906358e-05 4.3936603567952142e-05 3.3696467183610371e-04 
1.1985255821297493e-04 4.1081559724879904e-05 4.4012031081534825e-05 3.3357379647272147e-04 
1.1843673912517083e-04 4.1048802376886074e-05 4.4079657327064981e-05 3.3009044024059941e-04 
1.1694514619268258e-04 4.1019072442747427e-05 4.4123950912155750e-05 3.2651532961526053e-04 
1.1538145469992147e-04 4.0966286970292839e-05 4.4136244510733809e-05 3.2283863915869482e-04 
1.1374849788392634e-04 4.0894629937205865e-05 4.4112673276405399e-05 3.1902922029049301e-04 
1.1159920067980249e-04 4.0823821952603981e-05 4.3991297493481848e-05 3.1414123522847075e-04 
1.0936728138864631e-04 4.1009276155912347e-05 4.3893938089139017e-05 3.0902598924562659e-04 
1.0722403768874377e-04 4.1022705223033285e-05 4.3704948636850375e-05 3.0376277292693693e-04 
1.0510417371962444e-04 4.0704861688394461e-05 4.3453941948942401e-05 2.9840588704669398e-04 
1.0291158308122748e-04 4.0206028569139012e-05 4.3149497753497331e-05 2.9296693789693831e-04 
1.0064136970269980e-04 3.9704665179326345e-05 4.2747502362674621e-05 2.8740831848240333e-04 
9.8375539895559567e-05 3.9238689945248461e-05 4.2244070460518121e-05 2.8185030005330587e-04 
9.6149122659541843e-05 3.8787758320376334e-05 4.1651378751394104e-05 2.7630397252816660e-04 
9.3969829307485756e-05 3.8335022677690412e-05 4.0975592861836738e-05 2.7081759644470777e-04 
9.1823758773251104e-05 3.7854220698820263e-05 4.0215744403137338e-05 2.6538000861695482e-04 
8.9698199151940267e-05 3.7349190921279455e-05 3.9376293925119904e-05 2.5993760009276250e-04 
8.7795188206907804e-05 3.6807519870254764e-05 3.8476937210424321e-05 2.5494233616132352e-04 
8.6142306597828170e-05 3.6253954977566406e-05 3.7602580816870385e-05 2.5044339893870384e-04 
8.4360447927715249e-05 3.5787950397888340e-05 3.6676942578182734e-05 2.4561481851085042e-04 
8.2504408989426888e-05 3.5347724752288131e-05 3.5688282362461078e-05 2.4060909870968425e-04 
8.0568266056649170e-05 3.4920278531891397e-05 3.4691710503319357e-05 2.3532004857790525e-04 
7.8548182041653718e-05 3.4419516946177403e-05 3.3789599486903489e-05 2.2965848688774051e-04 
7.6419604683584320e-05 3.3772549142486530e-05 3.2868279024249307e-05 2.2357092376427921e-04 
7.4152290589909344e-05 3.2935830494749769e-05 3.1892837572056862e-05 2.1708211799843926e-04 
7.1684428784319791e-05 3.2029182416238339e-05 3.0865115377022216e-05 2.1006433021030069e-04 
6.9202903297217020e-05 3.1076810681497299e-05 2.9820266323149520e-05 2.0269181777259353e-04 
6.6872903046665094e-05 3.0065308386180502e-05 2.8639897514081265e-05 1.9579961618449058e-04 
6.4682036096205332e-05 2.9304463415799112e-05 2.7674807670633153e-05 1.8937423007957786e-04 
6.2602594521544809e-05 2.8754658181524056e-05 2.7196604112469652e-05 1.8325705482109933e-04 
6.0559803228431468e-05 2.8220705746661806e-05 2.7007533958074442e-05 1.7731409520317185e-04 
5.8453680486535072e-05 2.7602782490678052e-05 2.6813823070717626e-05 1.7135214663927475e-04 
5.6318856078774464e-05 2.6956100582894228e-05 2.6555631351896513e-05 1.6548190628979149e-04 
5.4242259075974358e-05 2.6320056886037739e-05 2.6303388233442250e-05 1.5990255799322017e-04 
5.2311902991249619e-05 2.5747895636609964e-05 2.6104727121802462e-05 1.5485202423465503e-04 
5.0571981918533395e-05 2.5295413378671148e-05 2.5964492181235117e-05 1.5048282230991009e-04 
4.9043588075755645e-05 2.5001404512477696e-05 2.5873906583321460e-05 1.4689482431525818e-04 
4.7741525500837143e-05 2.4880813139588712e-05 2.5828011092519119e-05 1.4415110127044290e-04 
4.6666892551869467e-05 2.4920518093658502e-05 2.5816129520213478e-05 1.4224326000359676e-04 
4.5812226989728311e-05 2.5101971945123945e-05 2.5821813192898936e-05 1.4113456624768880e-04 
4.5159554190500090e-05 2.5407760123218992e-05 2.5826593365108912e-05 1.4075112896080592e-04 
4.4689404047691469e-05 2.5823791962193484e-05 2.5813080267575540e-05 1.4100913231687354e-04 
4.4381934117548091e-05 2.6328940275280914e-05 2.5766453913431995e-05 1.4181436117265990e-04 
4.4216318941456597e-05 2.6898709899725083e-05 2.5674916751800722e-05 1.4306309764176798e-04 
4.4171373119406385e-05 2.7506535928292413e-05 2.5530557959153545e-05 1.4465069648994389e-04 
4.4225253035972544e-05 2.8126531046365310e-05 2.5329303606285506e-05 1.4647182799251961e-04 
4.4356087513722980e-05 2.8735090794233353e-05 2.5070119762904098e-05 1.4842446132650041e-04 
4.4542257459029846e-05 2.9310963303930654e-05 2.4754652078567484e-05 1.5041191645279476e-04 
4.4762988965669695e-05 2.9835628029620633e-05 2.4386817731187275e-05 1.5234649931414353e-04 
4.4998516418389624e-05 3.0293351115455669e-05 2.3972966091062370e-05 1.5414963364227091e-04 
4.5230487510838236e-05 3.0670949614768509e-05 2.3521659197108738e-05 1.5575290657062114e-04 
4.5442310036641809e-05 3.0957871917059212e-05 2.3043038802817197e-05 1.5709791210060628e-04 
4.5619385225285107e-05 3.1145966903104973e-05 2.2548776506459781e-05 1.5813608335824781e-04 
4.5749228455312629e-05 3.1229322354602696e-05 2.2051273531167534e-05 1.5882833172835626e-04 
4.5821837225067561e-05 3.1204321082634989e-05 2.1563199195614864e-05 1.5914580485376878e-04 
4.5829551082904581e-05 3.1069387334380590e-05 2.1096962627928174e-05 1.5906904963928757e-04 
4.5767018517743265e-05 3.0824812078017429e-05 2.0664013612446559e-05 1.5858755578124933e-04 
4.5630877790015454e-05 3.0472604127342660e-05 2.0274070058246957e-05 1.5769929757775269e-04 
4.5419795784000389e-05 3.0016397153093959e-05 1.9934455935079366e-05 1.5641045819504197e-04 
4.5134185189366173e-05 2.9460865840954536e-05 1.9650039468629784e-05 1.5473468714218109e-04 
4.4776302881579497e-05 2.8812573263171407e-05 1.9421823719963870e-05 1.5269324051413554e-04 
4.4349808804120905e-05 2.8079611095121852e-05 1.9247254219382437e-05 1.5031355985352672e-04 
4.3859475576719554e-05 2.7271273963631875e-05 1.9120587699954687e-05 1.4762855145337417e-04 
4.3311061836913532e-05 2.6397666263331711e-05 1.9033401446698057e-05 1.4467596370739723e-04 
4.2711736288712235e-05 2.5470006322806521e-05 1.8975334293396682e-05 1.4149917672575741e-04 
4.2069305290106305e-05 2.4500392184597229e-05 1.8934703068942483e-05 1.3814472301282879e-04 
4.1391971444852312e-05 2.3501768975055494e-05 1.8899144699592470e-05 1.3466079448113994e-04 
4.0688364432440423e-05 2.2487516855359991e-05 1.8856253625727469e-05 1.3109699088378155e-04 
3.9967376193547686e-05 2.1471222301879885e-05 1.8794025417312250e-05 1.2750375323314437e-04 
3.9237609722091755e-05 2.0466532658239226e-05 1.8701459780070071e-05 1.2392974852972277e-04 
3.8507445933030650e-05 1.9486828648556324e-05 1.8568780237352794e-05 1.2042182522675538e-04 
3.7784511705904248e-05 1.8544750909366135e-05 1.8387834832898261e-05 1.1702252445757796e-04 
3.7075504401613230e-05 1.7651818173274720e-05 1.8152263885578565e-05 1.1376896899934306e-04 
3.6385974044832406e-05 1.6817800706798911e-05 1.7857570476535225e-05 1.1069153346549272e-04 
3.5720189893544245e-05 1.6050192608889393e-05 1.7501299649403124e-05 1.0781289275942345e-04 
3.5081089255252337e-05 1.5353651862747300e-05 1.7083017794108420e-05 1.0514745105202703e-04 
3.4470452791361405e-05 1.4729634781693258e-05 1.6604335195146913e-05 1.0270158973586017e-04 
3.3888923983916795e-05 1.4176241052372939e-05 1.6069034773629700e-05 1.0047373344230731e-04 
3.3336225726758121e-05 1.3688153221932671e-05 1.5483123540771770e-05 9.8455279435076320e-05 
3.2811364976911420e-05 1.3257398788478553e-05 1.4854973596201098e-05 9.6631982478453956e-05 
3.2312936618192379e-05 1.2873812074879261e-05 1.4195245219263319e-05 9.4985848232245944e-05 
3.1839442462515280e-05 1.2525682776229611e-05 1.3517073321204827e-05 9.3497283545998451e-05 
3.1389483671708317e-05 1.2201151741391805e-05 1.2836137480841306e-05 9.2146545249796155e-05 
3.0962103177744017e-05 1.1889237184108385e-05 1.2170567013987449e-05 9.0916242192633253e-05 
3.0557326165618113e-05 1.1580764027911869e-05 1.1540410612192041e-05 8.9793803603926864e-05 
3.0176222366517984e-05 1.1268907162079147e-05 1.0967435183981726e-05 8.8773307398083359e-05 
2.9820371694200188e-05 1.0948990164736916e-05 1.0474045703410156e-05 8.7853208384270533e-05 
2.9492464550680318e-05 1.0621186053929189e-05 1.0080782761047705e-05 8.7038991805909403e-05 
2.9196317955533514e-05 1.0288647998820393e-05 9.8036741237890198e-06 8.6343715666088575e-05 
2.8936408914356259e-05 9.9587177929932666e-06 9.6516916221748612e-06 8.5785532844656398e-05 
2.8717857910717710e-05 9.6431784356135653e-06 9.6247563539488185e-06 8.5387704197148308e-05 
2.8545815054988838e-05 9.3579071387064323e-06 9.7134358230365021e-06 8.5175343776430605e-05 
2.8425268655890076e-05 9.1221791447219959e-06 9.9002385693851740e-06 8.5173837209578796e-05 
2.8360623361145887e-05 8.9569905168764028e-06 1.0162385452280427e-05 8.5406248588722878e-05 
2.8355094633624506e-05 8.8827820508958955e-06 1.0474950731840029e-05 8.5890085361836868e-05 
2.8410364447435444e-05 8.9164834926692330e-06 1.0813431212978202e-05 8.6634994609521965e-05 
2.8526249394035884e-05 9.0685242251937043e-06 1.1155451202244711e-05 8.7640928460347594e-05 
2.8700537737567378e-05 9.3407772697577870e-06 1.1481652117107068e-05 8.8897267545432192e-05 
2.8928954980973055e-05 9.7263285117004151e-06 1.1775989531513100e-05 9.0382779079295857e-05 
2.9204474659646217e-05 1.0211136690037911e-05 1.2025508162551507e-05 9.2065031002577018e-05 
2.9520247365095809e-05 1.0772149110532264e-05 1.2223128746313991e-05 9.3910134744730497e-05 
2.9868614655660268e-05 1.1390167403130472e-05 1.2365431460357997e-05 9.5873218406416875e-05 
3.0235589364023907e-05 1.2047830801949851e-05 1.2438824221326491e-05 9.7896309456565407e-05 
3.0608147901161569e-05 1.2718336054562698e-05 1.2440520335812521e-05 9.9916962556404127e-05 
3.0981093046171395e-05 1.3392642447253848e-05 1.2380173688023835e-05 1.0189535791847005e-04 
3.1344789422406008e-05 1.4049100792593966e-05 1.2261414583307678e-05 1.0378628329419069e-04 
3.1683103487827297e-05 1.4667182340568829e-05 1.2090322909158840e-05 1.0552708439393194e-04 
3.1982898231382651e-05 1.5238256063793328e-05 1.1871785562359852e-05 1.0706864762202367e-04 
3.2237634126908633e-05 1.5751313547182554e-05 1.1616367840320390e-05 1.0837627345054664e-04 
3.2441061975147470e-05 1.6195830457250086e-05 1.1338158195844286e-05 1.0941717821136571e-04 
3.2587202147394220e-05 1.6563934138441391e-05 1.1052116028399476e-05 1.1016472165830984e-04 
3.2671009815418226e-05 1.6849965165660705e-05 1.0773263395461751e-05 1.1059808017324165e-04 
3.2689797145525158e-05 1.7050585934714262e-05 1.0516823813104877e-05 1.1070433502906058e-04 
3.2642815143531623e-05 1.7163915807942408e-05 1.0298335293357735e-05 1.1047623044397871e-04 
3.2531393184394857e-05 1.7189958120212012e-05 1.0132025595047212e-05 1.0991556517864460e-04 
3.2358552564880364e-05 1.7130357455650197e-05 1.0029371560227440e-05 1.0903257761716824e-04 
3.2128827012726877e-05 1.6988337305007324e-05 9.9976520699268299e-06 1.0784501520683134e-04 
3.1848213475183078e-05 1.6768836369783319e-05 1.0039293334419341e-05 1.0637747248828851e-04 
3.1524091614163743e-05 1.6478374187778978e-05 1.0151720093789657e-05 1.0466121041811371e-04 
3.1164964171584601e-05 1.6124976540856961e-05 1.0327799575978288e-05 1.0273344395160109e-04 
3.0780700406061024e-05 1.5719208464487788e-05 1.0556563568226034e-05 1.0063876978847867e-04 
3.0372606826066376e-05 1.5269923700177276e-05 1.0832236767385311e-05 9.8406385168635179e-05 
2.9954018384295312e-05 1.4798592639311318e-05 1.1139006767126172e-05 9.6116532417850339e-05 
2.9533147498197622e-05 1.4309239579341498e-05 1.1456241165169435e-05 9.3783606269231426e-05 
2.9128391003613381e-05 1.3815110698895265e-05 1.1762108043947473e-05 9.1475657734379888e-05 
2.8744036860548977e-05 1.3319758070683437e-05 1.2047310422466046e-05 8.9243504877316413e-05 
2.8383683002817185e-05 1.2844567840210394e-05 1.2305323265299938e-05 8.7138481152580863e-05 
2.8055834497044788e-05 1.2405299174866906e-05 1.2529260985406102e-05 8.5212781681959920e-05 
2.7766946503355938e-05 1.2015795899404753e-05 1.2710613787498692e-05 8.3498749576902033e-05 
2.7519834500047578e-05 1.1685078653354008e-05 1.2842881977720673e-05 8.2021858052158398e-05 
2.7311046673188135e-05 1.1419879391876862e-05 1.2921871125729537e-05 8.0791531874068598e-05 
2.7134595454402404e-05 1.1225711878703953e-05 1.2945271578858196e-05 7.9804121923049100e-05 
2.6983684878927892e-05 1.1102735658535855e-05 1.2911338723869827e-05 7.9043445031898969e-05 
2.6850125038970631e-05 1.1046396508541657e-05 1.2818909274569848e-05 7.8479022036734503e-05 
2.6724640063922565e-05 1.1047706145392986e-05 1.2667779893334262e-05 7.8072001583465774e-05 
2.6596688659698658e-05 1.1095188343220563e-05 1.2459214899448951e-05 7.7775644449197030e-05 
2.6455858394721484e-05 1.1176215611796152e-05 1.2196011504010982e-05 7.7540729704694611e-05 
2.6292458947013756e-05 1.1277393157580989e-05 1.1882229437855080e-05 7.7317857153383243e-05 
2.6097802209393363e-05 1.1385449429818619e-05 1.1522918551967331e-05 7.7059773768786981e-05 
2.5855528888889192e-05 1.1480170181577875e-05 1.1125602746722040e-05 7.6696940793890124e-05 
2.5523651093353446e-05 1.1479718144648533e-05 1.0665455633143804e-05 7.6073790943755723e-05 
2.5189774358679242e-05 1.1470190231314678e-05 1.0172837806092723e-05 7.5423756327946465e-05 
2.4830474052058087e-05 1.1455618915466628e-05 9.6635370859104262e-06 7.4712107113009447e-05 
2.4414121995958529e-05 1.1425837325737317e-05 9.1367865126678911e-06 7.3808602986244048e-05 
2.3830430800917878e-05 1.1381421879098426e-05 8.5874340790857331e-06 7.2437818314297900e-05 
2.3261539155746053e-05 1.1261568440668877e-05 8.0911945542421685e-06 7.0975166711737599e-05 
2.2690502186109186e-05 1.1087471977384188e-05 7.6398648990420824e-06 6.9411279076651725e-05 
2.2096328080268925e-05 1.0885025366258300e-05 7.2287692305144418e-06 6.7715475190731149e-05 
2.1469670036518375e-05 1.0645856867724531e-05 6.8661936705057351e-06 6.5869589581284282e-05 
2.0814789061489509e-05 1.0379025253023881e-05 6.5721896281455783e-06 6.3882968273252128e-05 
2.0138971187080103e-05 1.0083579985571002e-05 6.3575087383627231e-06 6.1777191272288726e-05 
1.9441818505158917e-05 9.7611054465979461e-06 6.2191672092270663e-06 5.9545184039022710e-05 
1.8729818285703780e-05 9.4167671520251675e-06 6.1497252401022435e-06 5.7215428078860310e-05 
1.8013708903010257e-05 9.0576623075357664e-06 6.1433362530073364e-06 5.4830954627249105e-05 
1.7307360174361519e-05 8.6923990819405297e-06 6.1923003098898032e-06 5.2443123084259425e-05 
1.6625677284854388e-05 8.3274730231738751e-06 6.2843916204690835e-06 5.0109190879484593e-05 
1.5982449409828884e-05 7.9707796577382724e-06 6.4054962567551399e-06 4.7884733932274741e-05 
1.5391179200681690e-05 7.6303762087000904e-06 6.5423444135325026e-06 4.5826786388849307e-05 
1.4863465457980059e-05 7.3148134095650113e-06 6.6837486599351452e-06 4.3985660240854983e-05 
1.4408986482720814e-05 7.0320724263635742e-06 6.8203094531931413e-06 4.2405574042778479e-05 
1.4034090348243528e-05 6.7887912011506591e-06 6.9439964464265454e-06 4.1119022506305234e-05 
1.3741364739592473e-05 6.5899493957760109e-06 7.0483229651227386e-06 4.0144638885014913e-05 
1.3529168981075418e-05 6.4383160026120746e-06 7.1287118464846392e-06 3.9484002116065430e-05 
1.3391961374848422e-05 6.3343225647388954e-06 7.1822533331506972e-06 3.9121537751292111e-05 
1.3320843391630095e-05 6.2759360449392708e-06 7.2075920542408797e-06 3.9026260248357595e-05 
1.3304594516439083e-05 6.2589912847846310e-06 7.2047488783745151e-06 3.9155799666197037e-05 
1.3330846713701066e-05 6.2776801381223308e-06 7.1750362612430257e-06 3.9461615979455716e-05 
1.3387090011141789e-05 6.3254027488874922e-06 7.1209501538552678e-06 3.9893573598122239e-05 
1.3461655287480672e-05 6.3955210921418762e-06 7.0461426956483374e-06 4.0404165369302156e-05 
1.3544232335019314e-05 6.4819562051044826e-06 6.9552161600721300e-06 4.0951161639476789e-05 
1.3626300837041325e-05 6.5796913862390519e-06 6.8536721831704752e-06 4.1499487603333473e-05 
1.3701549829719023e-05 6.6850869574274626e-06 6.7478471562254391e-06 4.2022579747284690e-05 
1.3765806701156624e-05 6.7960053957051041e-06 6.6445016686497702e-06 4.2502363825127307e-05 
1.3817003695701592e-05 6.9118196307861354e-06 6.5506408704553901e-06 4.2929135111185405e-05 
1.3855161576024062e-05 7.0333495896323942e-06 6.4731805654795814e-06 4.3301274195190571e-05 
1.3882270401955095e-05 7.1626927780298883e-06 6.4184078503387909e-06 4.3624751880427108e-05 
1.3901918765847496e-05 7.3029819137104846e-06 6.3915264153683250e-06 4.3911928311041685e-05 
1.3918966657117239e-05 7.4580156983488009e-06 6.3961894376996776e-06 4.4180441249628402e-05 
1.3939258628369084e-05 7.6319020599724579e-06 6.4341015993510921e-06 4.4451986011556764e-05 
1.3969637711511744e-05 7.8286893508251056e-06 6.5047812894708726e-06 4.4751923056704150e-05 
1.4016984212967479e-05 8.0518719501314841e-06 6.6058295038510279e-06 4.5106358363175802e-05 
1.4087746267757269e-05 8.3040870594826161e-06 6.7330624335160560e-06 4.5540147080379825e-05 
1.4187955212296737e-05 8.5868424305076604e-06 6.8808460901360508e-06 4.6076319982514990e-05 
1.4322468429080302e-05 8.9003158718057534e-06 7.0426720432339698e-06 4.6733628088388829e-05 
1.4494623005683221e-05 9.2432561870560741e-06 7.2115462285736064e-06 4.7525124822180820e-05 
1.4705978040175112e-05 9.6130706173501456e-06 7.3803921811314604e-06 4.8457126205167899e-05 
1.4956328634617468e-05 1.0006008333788084e-05 7.5422750955543405e-06 4.9529020030331458e-05 
1.5243619677919404e-05 1.0417287789278874e-05 7.6906764808206666e-06 5.0733129694522466e-05 
1.5564075870639268e-05 1.0841367665401950e-05 7.8197180242884173e-06 5.2055226228490601e-05 
1.5912460035243910e-05 1.1272185307744362e-05 7.9242630592266529e-06 5.3475552580274763e-05 
1.6282427446902842e-05 1.1703336392195749e-05 7.9999570836374210e-06 5.4970179638488001e-05 
1.6666853912997138e-05 1.2128292125537444e-05 8.0432312977111399e-06 5.6512244647594511e-05 
1.7058262500379067e-05 1.2540522415274306e-05 8.0512974215812918e-06 5.8073480792521347e-05 
1.7449099875799805e-05 1.2933617419013617e-05 8.0221489358421125e-06 5.9625161443747150e-05 
1.7831961011424785e-05 1.3301439106575133e-05 7.9545745231156632e-06 6.1138994250301877e-05 
1.8199789420443412e-05 1.3638211753532039e-05 7.8482526289416681e-06 6.2587868261432413e-05 
1.8546196609878387e-05 1.3938616018462524e-05 7.7035036334213870e-06 6.3946835834988421e-05 
1.8865539572201467e-05 1.4197813905468375e-05 7.5215845289159432e-06 6.5193523648029802e-05 
1.9152866995733513e-05 1.4411537651875203e-05 7.3046471394834927e-06 6.6308060609776491e-05 
1.9404040376358448e-05 1.4576117861915380e-05 7.0556710867012776e-06 6.7273559402509915e-05 
1.9615871770119002e-05 1.4688517767808209e-05 6.7784312177273339e-06 6.8076493328151621e-05 
1.9786197441159088e-05 1.4746357966355021e-05 6.4775366525722578e-06 6.8706918304862493e-05 
1.9913747701639570e-05 1.4747934843655679e-05 6.1584879416678420e-06 6.9158232236868480e-05 
1.9998089215437474e-05 1.4692230754016832e-05 5.8277666660541020e-06 6.9426970015748791e-05 
2.0039649534405004e-05 1.4578950742427818e-05 5.4928795445390796e-06 6.9512853729413113e-05 
2.0039816952612498e-05 1.4408512153001432e-05 5.1624235775666805e-06 6.9419214820291107e-05 
2.0000607087416286e-05 1.4182007532871071e-05 4.8459941448157340e-06 6.9152144222733451e-05 
1.9924723921321859e-05 1.3901209574614325e-05 4.5542219210691210e-06 6.8720566712164859e-05 
1.9815442144593727e-05 1.3568559502478114e-05 4.2982209918817209e-06 6.8135966154143056e-05 
1.9676547025443385e-05 1.3187147037879942e-05 4.0887530120111638e-06 6.7412179029907609e-05 
1.9512217630222937e-05 1.2760677178268992e-05 3.9349172608393806e-06 6.6565061287464467e-05 
1.9326904375334692e-05 1.2293446747106728e-05 3.8425713658995656e-06 6.5612107127544541e-05 
1.9125227108795671e-05 1.1790315939202626e-05 3.8129553970682692e-06 6.4572119930056057e-05 
1.8911836293725516e-05 1.1256674783306572e-05 3.8422713244616061e-06 6.3464729658998560e-05 
1.8691306115067405e-05 1.0698422468561057e-05 3.9223895109626896e-06 6.2309995602615476e-05 
1.8468055599065564e-05 1.0121949809724552e-05 4.0424664572689817e-06 6.1128014501530498e-05 
1.8246182728757219e-05 9.5341180644084361e-06 4.1908131868736907e-06 5.9938287155562045e-05 
1.8029300900459192e-05 8.9422580935587438e-06 4.3562221135600912e-06 5.8759125816343398e-05 
1.7820644211007458e-05 8.3541717443809594e-06 4.5288861035707131e-06 5.7607606648967686e-05 
1.7623007272305700e-05 7.7781098108402109e-06 4.7007974589454580e-06 5.6499160403562234e-05 
1.7438708821817012e-05 7.2227841709628847e-06 4.8658158767709978e-06 5.5447195933814515e-05 
1.7269621179536232e-05 6.6973267047933816e-06 5.0195838998054990e-06 5.4462946645618910e-05 
1.7117130896206287e-05 6.2111395257378197e-06 5.1595063028739818e-06 5.3555223087591543e-05 
1.6982364507762208e-05 5.7736052311039302e-06 5.2843851329281910e-06 5.2730908692108780e-05 
1.6866275619634687e-05 5.3935545671434590e-06 5.3941614889417160e-06 5.1995171133539834e-05 
1.6769584936754342e-05 5.0784365729912323e-06 5.4900191150751953e-06 5.1351390467069834e-05 
1.6692985629879768e-05 4.8333249313271774e-06 5.5740261675892809e-06 5.0801811900993963e-05 
1.6637104984124201e-05 4.6598754034101697e-06 5.6489598375425207e-06 5.0347682378814510e-05 
1.6602715551679362e-05 4.5556058840871341e-06 5.7180725816212808e-06 4.9990088154767998e-05 
1.6590715607589006e-05 4.5139153419863611e-06 5.7849239392772474e-06 4.9730168114206245e-05 
1.6602118769314297e-05 4.5251197133621641e-06 5.8531512743865954e-06 4.9569347656575599e-05 
1.6638069292050548e-05 4.5779426484632266e-06 5.9262155685846025e-06 4.9509654550640966e-05 
1.6699763110572150e-05 4.6609159381345687e-06 6.0071625937056572e-06 4.9553718326057658e-05 
1.6788349722962252e-05 4.7635591914818765e-06 6.0984050651519543e-06 4.9704615687107895e-05 
1.6904953956512176e-05 4.8770845124500642e-06 6.2015152465428214e-06 4.9965930450039329e-05 
1.7050406873607981e-05 4.9945828723215033e-06 6.3171211318313092e-06 5.0340970299298756e-05 
1.7225226840456794e-05 5.1110244685952296e-06 6.4449242953699980e-06 5.0832511914255313e-05 
1.7429431685129150e-05 5.2230089921576051e-06 6.5836880218892751e-06 5.1442159698386913e-05 
1.7662562069320270e-05 5.3285169479606985e-06 6.7313625267775359e-06 5.2170117265503091e-05 
1.7923517622983302e-05 5.4266186426236284e-06 6.8852800807162999e-06 5.3014521784095285e-05 
1.8210541367758419e-05 5.5171890672146641e-06 7.0423178068253259e-06 5.3971139374839275e-05 
1.8521223670955832e-05 5.6006584713304829e-06 7.1990633256942088e-06 5.5033179616123583e-05 
1.8852529237420461e-05 5.6778165071884097e-06 7.3519977347490928e-06 5.6191264983584348e-05 
1.9200934441730508e-05 5.7496084169084835e-06 7.4976431860353075e-06 5.7433714947788354e-05 
1.9562494649765375e-05 5.8169601318108645e-06 7.6327220057256810e-06 5.8746679941424944e-05 
1.9932876372701518e-05 5.8806644203937166e-06 7.7542822515814201e-06 6.0114331416044545e-05 
2.0307516779634792e-05 5.9412950510773436e-06 7.8598067140646076e-06 6.1519358679551234e-05 
2.0681818264160315e-05 5.9991118178787881e-06 7.9472271948739865e-06 6.2943579628744995e-05 
2.1051229265991299e-05 6.0540479917022082e-06 8.0150073859775399e-06 6.4368327339739778e-05 
2.1411380524136908e-05 6.1057271183419042e-06 8.0621725779694017e-06 6.5774947979121902e-05 
2.1758203133269802e-05 6.1534988814444086e-06 8.0883375076980838e-06 6.7145192610016378e-05 
2.2088043205401197e-05 6.1965591843998134e-06 8.0937208223776781e-06 6.8461673301466956e-05 
2.2397784418766744e-05 6.2340558146773369e-06 8.0791568494135708e-06 6.9708366769651763e-05 
2.2684941172960698e-05 6.2651858070662732e-06 8.0460846924239339e-06 7.0870932101568568e-05 
2.2947734195179559e-05 6.2893317864280523e-06 7.9965324229071279e-06 7.1937036100066932e-05 
2.3185189376358571e-05 6.3061934666270776e-06 7.9331269108158426e-06 7.2896745885217741e-05 
2.3397177787653146e-05 6.3159714616582554e-06 7.8589890397745974e-06 7.3742661319507009e-05 
2.3584490877809070e-05 6.3194216220744337e-06 7.7777390081110047e-06 7.4470362754027456e-05 
2.3748835103254483e-05 6.3179621645792569e-06 7.6934105524827631e-06 7.5078430554088491e-05 
2.3892878255766589e-05 6.3138193817684074e-06 7.6102662381154399e-06 7.5568723073177253e-05 
2.4020332982816234e-05 6.3099312022314677e-06 7.5327602228017675e-06 7.5946719826862539e-05 
2.4135765577130369e-05 6.3102228430915178e-06 7.4654675695090053e-06 7.6221120997995844e-05 
2.4244552037431647e-05 6.3193417950637959e-06 7.4127678203173156e-06 7.6404040349163893e-05 
2.4352769233861413e-05 6.3424552569691397e-06 7.3786075796995226e-06 7.6510826141613342e-05 
2.4467076093626451e-05 6.3851271166727819e-06 7.3663519428927285e-06 7.6560025179538209e-05 
2.4594521377928548e-05 6.4530013481332909e-06 7.3786097057503161e-06 7.6572983490627111e-05 
2.4742351850554559e-05 6.5513355259170676e-06 7.4170586862568712e-06 7.6573556343158147e-05 
2.4917788089156829e-05 6.6845360888614043e-06 7.4823644958243335e-06 7.6587712490365959e-05 
2.5127702095752256e-05 6.8558675191384529e-06 7.5741778425194617e-06 7.6642605337662079e-05 
2.5378283450292877e-05 7.0672047868867174e-06 7.6912095592064912e-06 7.6765458714512637e-05 
2.5674880707454375e-05 7.3188787691430333e-06 7.8313700403956252e-06 7.6982876674039802e-05 
2.6021629195495178e-05 7.6096729447558222e-06 7.9919405101343202e-06 7.7319505459627790e-05 
2.6421163113012317e-05 7.9370573169566792e-06 8.1697076739891660e-06 7.7796833847380045e-05 
2.6874786990227208e-05 8.2969536339132542e-06 8.3611926607985087e-06 7.8432817867050760e-05 
2.7382270447923967e-05 8.6845583874405645e-06 8.5627894092284816e-06 7.9240594240024016e-05 
2.7941886330356828e-05 9.0944486192365263e-06 8.7709760369379724e-06 8.0228028886995502e-05 
2.8550491625644196e-05 9.5209180907721298e-06 8.9823494455971295e-06 8.1397222534945014e-05 
2.9203745806425316e-05 9.9580715193953070e-06 9.1937046455707049e-06 8.2744721601912859e-05 
2.9896285200357881e-05 1.0399948377450690e-05 9.4020791026381300e-06 8.4261817860137848e-05 
3.0621914597888557e-05 1.0840728228192578e-05 9.6048362985231878e-06 8.5935023134131204e-05 
3.1373806800633164e-05 1.1274902617752358e-05 9.7996832296244916e-06 8.7746678045627467e-05 
3.2144739108110316e-05 1.1697350946639211e-05 9.9846644388806647e-06 8.9675905497571331e-05 
3.2927302401571088e-05 1.2103346377934435e-05 1.0158157375113095e-05 9.1699568312529460e-05 
3.3714072028175494e-05 1.2488586505180649e-05 1.0318813172739616e-05 9.3793110235049524e-05 
3.4497769086403922e-05 1.2849314554979367e-05 1.0465640662553791e-05 9.5931415436658165e-05 
3.5271450035170433e-05 1.3181981235077181e-05 1.0597999366413120e-05 9.8089890017021768e-05 
3.6028457759135666e-05 1.3483718953639584e-05 1.0715478000254182e-05 1.0024407902905123e-04 
3.6762656141408558e-05 1.3752305243289208e-05 1.0817883609734765e-05 1.0237107097946712e-04 
3.7468379181260752e-05 1.3985757591946949e-05 1.0905334938109481e-05 1.0444943335536760e-04 
3.8140495928507994e-05 1.4182848791102151e-05 1.0978217233070259e-05 1.0645943716109841e-04 
3.8774500720852461e-05 1.4342773626170935e-05 1.1037155084434721e-05 1.0838359806182394e-04 
3.9366297164893186e-05 1.4465767053065165e-05 1.1082981801512053e-05 1.1020590886961731e-04 
3.9912618486648201e-05 1.4551661513831666e-05 1.1116618932289291e-05 1.1191364736520705e-04 
4.0410731268692967e-05 1.4600763799014846e-05 1.1139321294526764e-05 1.1349528124863917e-04 
4.0858819971039710e-05 1.4614551138097899e-05 1.1152899803596835e-05 1.1494336113715368e-04 
4.1255422460479336e-05 1.4594345229833779e-05 1.1159322266347884e-05 1.1625180107558188e-04 
4.1599343072451781e-05 1.4542414716698082e-05 1.1159757225022217e-05 1.1741469172402169e-04 
4.1890387156195239e-05 1.4461072074746871e-05 1.1155175387459514e-05 1.1843017431186423e-04 
4.2128298434331779e-05 1.4353023864375572e-05 1.1147436080685717e-05 1.1929668874520036e-04 
4.2547255636787059e-05 1.4208929682099059e-05 1.1180896504562523e-05 1.2056661301863795e-04 
4.2943933572134060e-05 1.4093041240345107e-05 1.1289139228812458e-05 1.2177211581012359e-04 
4.3195217297837109e-05 1.4061247512917102e-05 1.1400964047873038e-05 1.2265709444062318e-04 
4.3335800997810957e-05 1.3991924108059616e-05 1.1513066395179144e-05 1.2327340662369871e-04 
4.3408716675713676e-05 1.3916480712963693e-05 1.1569320356453920e-05 1.2369878293203533e-04 
4.3425509770603095e-05 1.3913372503291058e-05 1.1616812234466167e-05 1.2398679708328534e-04 
4.3351519703425415e-05 1.3904589674647222e-05 1.1783682166868937e-05 1.2400351105047329e-04 
4.3181432398330729e-05 1.3851511472128172e-05 1.1979825914261737e-05 1.2373243382835444e-04 
4.2927286212312176e-05 1.3707983522711210e-05 1.2122312510072316e-05 1.2325027341167913e-04 
4.2599176782329691e-05 1.3506678168561290e-05 1.2215062700710262e-05 1.2258602878525342e-04 
4.2224132507364152e-05 1.3282652840660304e-05 1.2275541008750965e-05 1.2181532018416733e-04 
4.1784002439617463e-05 1.2981633877817904e-05 1.2297241747728141e-05 1.2090376998804071e-04 
4.1398462589420917e-05 1.2733998568803698e-05 1.2209865012033434e-05 1.2006483825155113e-04 
4.0914042274759473e-05 1.2448746283540800e-05 1.2163457333550020e-05 1.1887064752659965e-04 
4.0422960284937167e-05 1.2234487971252789e-05 1.2065257161504440e-05 1.1781125565405663e-04 
3.9957600781770785e-05 1.1950603948450571e-05 1.1983866885016526e-05 1.1684081893320350e-04 
3.9570960414220695e-05 1.1800022089194855e-05 1.1703514648502720e-05 1.1603857111767471e-04 
3.9266819019611530e-05 1.1930394916534805e-05 1.1583510869687964e-05 1.1545596129996199e-04 
3.8957912514525828e-05 1.2126732071107042e-05 1.1773118519470462e-05 1.1486316488612097e-04 
3.8590490586104911e-05 1.2247851509132325e-05 1.2039360546406849e-05 1.1423262069800677e-04 
3.8119382046627094e-05 1.2229291998160359e-05 1.2198617998379841e-05 1.1342234922594688e-04 
3.7590482181092875e-05 1.2146061127635822e-05 1.2213176878644592e-05 1.1250032551831610e-04 
3.7050933723505970e-05 1.2006730018627219e-05 1.2125385125075651e-05 1.1153917759303880e-04 
3.6536589954059817e-05 1.1825836805425803e-05 1.1973603588756789e-05 1.1063837980107300e-04 
3.6067641064216399e-05 1.1628745620017493e-05 1.1780563243307381e-05 1.0986898619912189e-04 
3.5656761467176394e-05 1.1448968905789538e-05 1.1557654870564366e-05 1.0926289238160998e-04 
3.5315600978640913e-05 1.1301307733969011e-05 1.1319254917757201e-05 1.0883953915768499e-04 
3.5046505772908543e-05 1.1176459055737704e-05 1.1075913320393879e-05 1.0858851822568915e-04 
3.4845337725178636e-05 1.1065082192754506e-05 1.0833413994759953e-05 1.0849241647439164e-04 
3.4703339084420234e-05 1.0959995179735727e-05 1.0594331819715497e-05 1.0852799238121654e-04 
3.4610832479725145e-05 1.0861335906545678e-05 1.0359023327666938e-05 1.0867019872447632e-04 
3.4560203796844588e-05 1.0767298820157446e-05 1.0126062986556750e-05 1.0889994144679876e-04 
3.4544429070413524e-05 1.0674762955194058e-05 9.8937776002998176e-06 1.0919736348753684e-04 
3.4557613035183043e-05 1.0583090073358603e-05 9.6608443881976538e-06 1.0954472763033123e-04 
3.4595517639725920e-05 1.0492490609152354e-05 9.4274153025448781e-06 1.0992778378959815e-04 
3.4655412960932431e-05 1.0404701749020656e-05 9.1948303089826767e-06 1.1033435047566821e-04 
3.4736235190185294e-05 1.0322175070760235e-05 8.9653933554800240e-06 1.1075586840904141e-04 
3.4838025810364582e-05 1.0246818716382143e-05 8.7425216605056405e-06 1.1118613976076689e-04 
3.4961619856207127e-05 1.0180072667521989e-05 8.5310597838870746e-06 1.1162090574978058e-04 
3.5108595510474053e-05 1.0122493558125648e-05 8.3371077341112303e-06 1.1205838658244268e-04 
3.5281017463987128e-05 1.0073818745079091e-05 8.1676625433795325e-06 1.1249872894472090e-04 
3.5481320915079695e-05 1.0033252421105167e-05 8.0299878183428102e-06 1.1294403508618531e-04 
3.5712095575527432e-05 9.9997071937776579e-06 7.9310223807250816e-06 1.1339786539144240e-04 
3.5975923515519497e-05 9.9721656590309947e-06 7.8767775067437128e-06 1.1386492292759224e-04 
3.6275240483469869e-05 9.9499625079905755e-06 7.8717454432798607e-06 1.1435075954973602e-04 
3.6612213845704424e-05 9.9329976036094642e-06 7.9184528124103172e-06 1.1486151046765435e-04 
3.6988656321481306e-05 9.9218488755551725e-06 8.0172644700294399e-06 1.1540376425618968e-04 
3.7405921026934704e-05 9.9178248927455087e-06 8.1665132380431153e-06 1.1598433505996718e-04 
3.7864833378247320e-05 9.9229722979878931e-06 8.3627767936561920e-06 1.1661009246914439e-04 
3.8365684364390871e-05 9.9399296525774866e-06 8.6012962904249895e-06 1.1728799458632753e-04 
3.8908187589953683e-05 9.9717813011379273e-06 8.8764950397778498e-06 1.1802489784908492e-04 
3.9491472088795931e-05 1.0021860760594738e-05 9.1824153618631932e-06 1.1882742960174221e-04 
4.0114075388038330e-05 1.0093521936685723e-05 9.5130596915529499e-06 1.1970176557919363e-04 
4.0773963024217700e-05 1.0189913604291307e-05 9.8626354479222611e-06 1.2065345225398861e-04 
4.1468541771623098e-05 1.0313764646422532e-05 1.0225709909383363e-05 1.2168714078354883e-04 
4.2194679987620657e-05 1.0467231650897208e-05 1.0597276801370525e-05 1.2280626088208621e-04 
4.2948725790163514e-05 1.0651750379168978e-05 1.0972791207602783e-05 1.2401270709719840e-04 
4.3726543628871710e-05 1.0867979084924468e-05 1.1348171849568323e-05 1.2530659952268187e-04 
4.4523541561867183e-05 1.1115760934821073e-05 1.1719792816040607e-05 1.2668603563140691e-04 
4.5334728421312773e-05 1.1394182314160535e-05 1.2084467818153199e-05 1.2814698781169048e-04 
4.6154688255298740e-05 1.1701525898365715e-05 1.2439425887540306e-05 1.2968305581154390e-04 
4.6977770330808386e-05 1.2035601379823492e-05 1.2782341344594094e-05 1.3128579109748101e-04 
4.7798026374453435e-05 1.2393532502183537e-05 1.3111237350751582e-05 1.3294453813945115e-04 
4.8609281081511428e-05 1.2772112732773422e-05 1.3424534582652190e-05 1.3464660178044057e-04 
4.9405182410079946e-05 1.3167918290315736e-05 1.3721085631000386e-05 1.3637734173382461e-04 
5.0179169095014685e-05 1.3577163726797139e-05 1.4000080549540817e-05 1.3812017706566043e-04 
5.0936281713561389e-05 1.4003328600024916e-05 1.4238558791948399e-05 1.3989860620820531e-04 
5.1719131100454640e-05 1.4311206525940872e-05 1.4451207663473339e-05 1.4183324843318484e-04 
5.2483008595439395e-05 1.4663528948819891e-05 1.4676084726664125e-05 1.4382555684004327e-04 
5.3302824063946190e-05 1.4932621779586117e-05 1.5020337973074720e-05 1.4612396577997930e-04 
5.3951702815436388e-05 1.5127096117425614e-05 1.5252632501213255e-05 1.4793973096395758e-04 
5.4522939005800603e-05 1.5157867321239291e-05 1.5288841454748446e-05 1.4951080381337203e-04 
5.5093667514154088e-05 1.5474325088261809e-05 1.5511940789377606e-05 1.5111613005216481e-04 
5.5632374473645715e-05 1.5895966478615101e-05 1.5744447097371909e-05 1.5291206308448531e-04 
5.6060961171282833e-05 1.6240754177805839e-05 1.5804881307512116e-05 1.5428272605362268e-04 
5.6454738995706593e-05 1.6524715681565314e-05 1.5702569252167237e-05 1.5544665151013106e-04 
5.6768713962230011e-05 1.6688904026929613e-05 1.5574290716000813e-05 1.5632570988363068e-04 
5.6975970313158668e-05 1.6848550389301689e-05 1.5504083399860002e-05 1.5697204939621034e-04 
5.7062405441108140e-05 1.7001342885398929e-05 1.5507542574077639e-05 1.5736855721262428e-04 
5.7024721511733743e-05 1.7139639578939357e-05 1.5527768416838649e-05 1.5745928346199242e-04 
5.6476351405509745e-05 1.6986268288011988e-05 1.5433429739068745e-05 1.5618869593913163e-04 
5.5721714774311507e-05 1.6705985993692787e-05 1.5022926763911628e-05 1.5438133188254555e-04 
5.5126601408241757e-05 1.6303162649736141e-05 1.4689224358167549e-05 1.5298098628399039e-04 
5.4593335911095161e-05 1.6001810088923098e-05 1.4405824395149427e-05 1.5183284115235615e-04 
5.4072083806009197e-05 1.5889191661401735e-05 1.4167659340959929e-05 1.5072583213786677e-04 
5.3531941632872410e-05 1.5819815267021300e-05 1.3965103854681456e-05 1.4956857770638459e-04 
5.2945729375701467e-05 1.5763507275507334e-05 1.3810622511005797e-05 1.4827193447034982e-04 
5.2292151943532998e-05 1.5660048324086393e-05 1.3670589620583923e-05 1.4679416974769889e-04 
5.1541681713837846e-05 1.5520733689830472e-05 1.3517658674386853e-05 1.4503520476813971e-04 
5.0692743540710991e-05 1.5367444541797643e-05 1.3352630887709521e-05 1.4300630327195837e-04 
4.9747298614002987e-05 1.5202273431898286e-05 1.3188974875459467e-05 1.4071409186297516e-04 
4.8712239464730472e-05 1.5023983498682666e-05 1.3030734551333581e-05 1.3817587360742017e-04 
4.7596977841403738e-05 1.4819002852987113e-05 1.2871464653149520e-05 1.3541747610258933e-04 
4.6410674775889439e-05 1.4591724030526319e-05 1.2703720042583145e-05 1.3245979309913102e-04 
4.5166854949625128e-05 1.4344429884829843e-05 1.2526541791745531e-05 1.2934257109209731e-04 
4.3878064371873984e-05 1.4082698452939948e-05 1.2344098183334039e-05 1.2609853291507079e-04 
4.2567769946396374e-05 1.3813729575217829e-05 1.2163195642092174e-05 1.2279289267914622e-04 
4.1244307106669739e-05 1.3534974480521126e-05 1.1988638516130295e-05 1.1944704186451362e-04 
3.9913255821694587e-05 1.3237939320104831e-05 1.1805815652497727e-05 1.1606829412510491e-04 
3.8583636007488869e-05 1.2939126947178339e-05 1.1616328221611653e-05 1.1269357678358243e-04 
3.7317130761497213e-05 1.2655446570432720e-05 1.1436543221366564e-05 1.0947095171950005e-04 
3.6139354522481963e-05 1.2371185893445266e-05 1.1269560832627353e-05 1.0643597548864083e-04 
3.4947582019742063e-05 1.2093595603266088e-05 1.1145241796495611e-05 1.0340799567121301e-04 
3.3760342388943683e-05 1.1843946641550016e-05 1.1032582542366049e-05 1.0045921191040452e-04 
3.2617355155706571e-05 1.1596758629636604e-05 1.0890943336442497e-05 9.7615312997929637e-05 
3.1527888181154022e-05 1.1296195488052073e-05 1.0719630159085090e-05 9.4868601152525383e-05 
3.0519986421707897e-05 1.0899358406151171e-05 1.0492558285302786e-05 9.2291549056881071e-05 
2.9668254234072618e-05 1.0534115098172380e-05 1.0287515716956915e-05 9.0151502986965471e-05 
2.8943659541644725e-05 1.0255754858067398e-05 1.0110155268742604e-05 8.8352920364449065e-05 
2.8348263750835134e-05 1.0060880504761838e-05 9.9546414986732395e-06 8.6869287879275957e-05 
2.7871613500535636e-05 9.9016993173212588e-06 9.8287430710974373e-06 8.5656227500732873e-05 
2.7503303578548236e-05 9.7664288853313608e-06 9.7167737101508790e-06 8.4706053389726964e-05 
2.7235740828334228e-05 9.6589119105091966e-06 9.6074407684813004e-06 8.4014738432590979e-05 
2.7070694002582758e-05 9.5873368985429273e-06 9.4991745973687402e-06 8.3592061124314820e-05 
2.7010116574828045e-05 9.5555190388427174e-06 9.3948033164820007e-06 8.3438023464942428e-05 
2.7053327326983193e-05 9.5618728364387123e-06 9.2949389430626788e-06 8.3548592349077930e-05 
2.7195413475634959e-05 9.6040528774181490e-06 9.1988561746745031e-06 8.3909848911846728e-05 
2.7429691997654841e-05 9.6791583620543591e-06 9.1061867396029346e-06 8.4505736635219529e-05 
2.7747606452997775e-05 9.7841954031004384e-06 9.0174123946444719e-06 8.5314744732614638e-05 
2.8138957429759142e-05 9.9154261781550721e-06 8.9329924170105004e-06 8.6311165929867402e-05 
2.8592216634750950e-05 1.0069222868561911e-05 8.8533098015079130e-06 8.7465973254915208e-05 
2.9095539852828441e-05 1.0241844683056865e-05 8.7790040338820847e-06 8.8749532222268644e-05 
2.9637343971877214e-05 1.0429254139767724e-05 8.7109744409158355e-06 9.0132171066882567e-05 
3.0206665174393155e-05 1.0627087946704395e-05 8.6501002572847352e-06 9.1584820079890724e-05 
3.0793347539976522e-05 1.0830903975128063e-05 8.5971381215207084e-06 9.3079718339437759e-05 
3.1388230626993921e-05 1.1036544962665459e-05 8.5528277809100294e-06 9.4591166479469888e-05 
3.1983256329782624e-05 1.1240181707947141e-05 8.5179418953191233e-06 9.6095985469758620e-05 
3.2571677261504721e-05 1.1438364700688814e-05 8.4931193283448007e-06 9.7574150734079269e-05 
3.3147440262071326e-05 1.1627470417247821e-05 8.4786945358316288e-06 9.9007243251886566e-05 
3.3705399936354193e-05 1.1804979582349140e-05 8.4757061030379232e-06 1.0037941803038575e-04 
3.4241215594117719e-05 1.1968550706854364e-05 8.4845371712308132e-06 1.0167738339295220e-04 
3.4750546048648393e-05 1.2115701240685101e-05 8.5050237738873581e-06 1.0288830474784311e-04 
3.5229842620115715e-05 1.2245165397800628e-05 8.5360315413322979e-06 1.0400204412457724e-04 
3.5677477030731903e-05 1.2353909988191059e-05 8.5773175675035669e-06 1.0501192557246455e-04 
3.6092196058954620e-05 1.2441816951095977e-05 8.6294241831538865e-06 1.0591393209285447e-04 
3.6476434079407104e-05 1.2516100653306567e-05 8.6854494092091306e-06 1.0671867055040220e-04 
3.6820442735648534e-05 1.2610202156326412e-05 8.7611458522544086e-06 1.0740729009187809e-04 
3.7111803938187951e-05 1.2715530381722874e-05 8.8868241538684782e-06 1.0793343410849356e-04 
3.7288543797832095e-05 1.2760030509257091e-05 9.0211588968734579e-06 1.0815976758487029e-04 
3.7342194590801659e-05 1.2760719973196634e-05 9.1328052979828505e-06 1.0807957825166901e-04 
3.7396880744071552e-05 1.2705677184048743e-05 9.1884051604249777e-06 1.0794431395663045e-04 
3.7449665809298178e-05 1.2602923935700540e-05 9.2249512955226242e-06 1.0772757541180231e-04 
3.7490761086077660e-05 1.2471692190920394e-05 9.2880424890028267e-06 1.0748094234905332e-04 
3.7487636198578291e-05 1.2327796273083183e-05 9.3681533605124157e-06 1.0712679676863426e-04 
3.7456271038922082e-05 1.2194114256978306e-05 9.4514301784773766e-06 1.0671219890956641e-04 
3.7406869692453261e-05 1.2060919231999580e-05 9.5407233831397899e-06 1.0625365332937632e-04 
3.7341579922210121e-05 1.1924956073544266e-05 9.6306128900914522e-06 1.0574592488154295e-04 
3.7258733474464889e-05 1.1782982310451038e-05 9.7182207697828810e-06 1.0519046997150742e-04 
3.7155702151246833e-05 1.1640381500297421e-05 9.8044914479144507e-06 1.0458885849986998e-04 
3.7027215982098861e-05 1.1504959481891344e-05 9.8898203519080638e-06 1.0393323583711585e-04 
3.6872605641183968e-05 1.1374095040393712e-05 9.9717295826941889e-06 1.0322496141388549e-04 
3.6691218886423057e-05 1.1248723114400052e-05 1.0047230251672828e-05 1.0246193369491517e-04 
3.6482667560655687e-05 1.1129889088515231e-05 1.0114870419885140e-05 1.0164654060827445e-04 
3.6245863192527333e-05 1.1019208222452205e-05 1.0175351334705930e-05 1.0077841575518320e-04 
3.5980725950753935e-05 1.0917404722213192e-05 1.0229618902658331e-05 9.9859995818597322e-05 
3.5687408651281270e-05 1.0824828571955782e-05 1.0277971078230663e-05 9.8892611113464128e-05 
3.5366272426782643e-05 1.0741702930197855e-05 1.0319866735593723e-05 9.7877541605406477e-05 
3.5017427578943694e-05 1.0668613184499675e-05 1.0354625247226692e-05 9.6814495507309363e-05 
3.4641165009827656e-05 1.0605446542877574e-05 1.0382012048782599e-05 9.5704105283109749e-05 
3.4237804826222049e-05 1.0551474554528330e-05 1.0402206134945003e-05 9.4546730950515107e-05 
3.3807792479583383e-05 1.0505946286983719e-05 1.0415471369203711e-05 9.3342700087215198e-05 
3.3351576011120216e-05 1.0468070919496802e-05 1.0421918933416971e-05 9.2092079763217026e-05 
3.2869716238249712e-05 1.0436040010842744e-05 1.0421560886647600e-05 9.0795237910676891e-05 
3.2362844704417110e-05 1.0407559111779516e-05 1.0414604854359506e-05 8.9451999573063204e-05 
3.1831831101280591e-05 1.0381008741810504e-05 1.0401290560037830e-05 8.8063145697129424e-05 
3.1277699166967918e-05 1.0354523580604385e-05 1.0381996608988143e-05 8.6630053080065329e-05 
3.0701226962682456e-05 1.0326354626548761e-05 1.0356479745903548e-05 8.5152215145031606e-05 
3.0103555198778329e-05 1.0294981850561743e-05 1.0324109994813343e-05 8.3630466064546857e-05 
2.9486026944018304e-05 1.0258846818910461e-05 1.0284709424238220e-05 8.2066408395962905e-05 
2.8850000995400915e-05 1.0216766524720530e-05 1.0238539193850075e-05 8.0461916802223021e-05 
2.8197080035584156e-05 1.0167575747048605e-05 1.0185678924915793e-05 7.8819584883838009e-05 
2.7529062042280876e-05 1.0110444338621779e-05 1.0125818228786021e-05 7.7142324958878573e-05 
2.7006825222446029e-05 1.0035907818530430e-05 1.0075639943488113e-05 7.5815093674901811e-05 
2.6463623750340858e-05 9.9843778606419470e-06 1.0045265149390219e-05 7.4448884888987757e-05 
2.5846737570487924e-05 9.9710679284968558e-06 1.0003144253606687e-05 7.2931343592490014e-05 
2.5182442190465553e-05 9.9217181327215649e-06 9.9467654387539021e-06 7.1298009488019088e-05 
2.4485729517286867e-05 9.8423186405050303e-06 9.8645139246545950e-06 6.9553991061893633e-05 
2.3769694788535718e-05 9.7372518328215928e-06 9.7591266831424690e-06 6.7742511323422096e-05 
2.3049242447283298e-05 9.6292506056845489e-06 9.6297525610782555e-06 6.5919892874032011e-05 
2.2341336117875864e-05 9.5610532965306566e-06 9.4939121108889695e-06 6.4153411555768313e-05 
2.1629726987628794e-05 9.4964703898292136e-06 9.4011538275827148e-06 6.2368426108873470e-05 
2.0908880836817799e-05 9.4059274941601833e-06 9.3102478222659475e-06 6.0535982866670324e-05 
2.0182884789920967e-05 9.2666037795108386e-06 9.1803051996479776e-06 5.8686291782295001e-05 
1.9458020819948232e-05 9.0986906757711515e-06 9.0163772431964891e-06 5.6838332106297866e-05 
1.8751313720834400e-05 8.9224594283353026e-06 8.8340040950648740e-06 5.5038037839087221e-05 
1.8077169113673159e-05 8.7485453356049509e-06 8.6410093413169087e-06 5.3316012768323849e-05 
1.7444820848857843e-05 8.5795329637679489e-06 8.4402765086953643e-06 5.1693908578605887e-05 
1.6858829609295063e-05 8.4131326574224841e-06 8.2323252767936222e-06 5.0185554282936364e-05 
1.6320712940729371e-05 8.2495233641449367e-06 8.0183431013361979e-06 4.8795819382888799e-05 
1.5831826886634158e-05 8.0914080907181794e-06 7.8011885980955219e-06 4.7530825531225126e-05 
1.5392138310791278e-05 7.9421878661225553e-06 7.5846602134596001e-06 4.6392559789679040e-05 
1.5000665949907123e-05 7.8041462555784847e-06 7.3714596143790107e-06 4.5381529159510045e-05 
1.4655384071427696e-05 7.6782610072586800e-06 7.1628030846285518e-06 4.4495054063233857e-05 
1.4354131680681948e-05 7.5651894056490784e-06 6.9591986378767251e-06 4.3729731520207582e-05 
1.4095072253684030e-05 7.4656104990287129e-06 6.7613396336881474e-06 4.3082679637074143e-05 
1.3876794719001938e-05 7.3802475665919262e-06 6.5702990376887075e-06 4.2551999875138042e-05 
1.3698129922625306e-05 7.3096046226840006e-06 6.3873873432202654e-06 4.2136436464583616e-05 
1.3557960817512753e-05 7.2538875137835707e-06 6.2139869345013397e-06 4.1834797130601638e-05 
1.3455085737002009e-05 7.2130111905818832e-06 6.0514864425090356e-06 4.1645402836003675e-05 
1.3388062145363291e-05 7.1866733843296688e-06 5.9012252894476409e-06 4.1565534599793930e-05 
1.3355159755367226e-05 7.1744371030604450e-06 5.7643887307487659e-06 4.1591286436639160e-05 
1.3354263043041777e-05 7.1757763902673652e-06 5.6419749256539475e-06 4.1717333148225024e-05 
1.3382865520081737e-05 7.1900789015851630e-06 5.5347498432710711e-06 4.1936904848489775e-05 
1.3438129233970987e-05 7.2166185083727642e-06 5.4432049584602127e-06 4.2241921579612059e-05 
1.3516967498603343e-05 7.2545300208344518e-06 5.3675248174821087e-06 4.2623203979968972e-05 
1.3616127607269931e-05 7.3027769371817719e-06 5.3075763662992142e-06 4.3070700766735106e-05 
1.3732275487353465e-05 7.3601414457350056e-06 5.2629179330400593e-06 4.3573744015250143e-05 
1.3862072603286117e-05 7.4252264001489632e-06 5.2328292629848602e-06 4.4121292544030863e-05 
1.4002230020006008e-05 7.4964399903877517e-06 5.2163528721675167e-06 4.4702091539852785e-05 
1.4149547229870535e-05 7.5720252373628906e-06 5.2123292348899648e-06 4.5304826495536024e-05 
1.4300963400817703e-05 7.6501073678300787e-06 5.2194823083953598e-06 4.5918311964250199e-05 
1.4453555246398712e-05 7.7287395666539670e-06 5.2364642230486012e-06 4.6531571926085523e-05 
1.4604551150444153e-05 7.8059367877463883e-06 5.2618958940748262e-06 4.7133937649636453e-05 
1.4751331917419060e-05 7.8797220409249918e-06 5.2944128794569822e-06 4.7715107945649489e-05 
1.4891444737991758e-05 7.9481724839079166e-06 5.3327015066370433e-06 4.8265272444171416e-05 
1.5022608776091862e-05 8.0094577165409547e-06 5.3755317500281069e-06 4.8775194321999043e-05 
1.5142722214278124e-05 8.0618686696980674e-06 5.4217785365269599e-06 4.9236286416810646e-05 
1.5249863896174211e-05 8.1038425460877266e-06 5.4704320785367197e-06 4.9640668547286811e-05 
1.5342310891693933e-05 8.1339892387615509e-06 5.5206029944479218e-06 4.9981252717382599e-05 
1.5418570901134202e-05 8.1511093185517089e-06 5.5714874934526224e-06 5.0251848791411177e-05 
1.5477372066797139e-05 8.1542139140184281e-06 5.6223888247612495e-06 5.0447174900211474e-05 
1.5517672184404001e-05 8.1425348575027861e-06 5.6727023367067295e-06 5.0562902077590497e-05 
1.5538674153221595e-05 8.1155332602457865e-06 5.7218899266641927e-06 5.0595707543767837e-05 
1.5539836226335137e-05 8.0729095650705935e-06 5.7694640367634884e-06 5.0543310024676077e-05 
1.5520875218338870e-05 8.0145999799856850e-06 5.8149708586314717e-06 5.0404485153047599e-05 
1.5481770220038986e-05 7.9407929424928659e-06 5.8579743284268577e-06 5.0179084847881639e-05 
1.5422766254155337e-05 7.8519232753144847e-06 5.8980494008546001e-06 4.9868061414637628e-05 
1.5344363809215657e-05 7.7486559921802686e-06 5.9347732245094316e-06 4.9473428295395289e-05 
1.5247313651425145e-05 7.6318967108045566e-06 5.9677160532780345e-06 4.8998259587555411e-05 
1.5132604892942882e-05 7.5027773004576195e-06 5.9964341502290685e-06 4.8446655224903567e-05 
1.5001444507702071e-05 7.3626420989717844e-06 6.0204775177579207e-06 4.7823682028784455e-05 
1.4855244256512226e-05 7.2130377895292922e-06 6.0393879589454276e-06 4.7135342705490880e-05 
1.4695594187109070e-05 7.0556868359896562e-06 6.0527010176986517e-06 4.6388487933103295e-05 
1.4524232153198441e-05 6.8924653753280998e-06 6.0599512039452216e-06 4.5590718342635005e-05 
1.4343016825900363e-05 6.7253751153089786e-06 6.0606800385367886e-06 4.4750296862743070e-05 
1.4153892899774463e-05 6.5565063715580221e-06 6.0544468510454059e-06 4.3876028717543627e-05 
1.3958852817971030e-05 6.3879938170852848e-06 6.0408389446398543e-06 4.2977122011966582e-05 
1.3759896378716070e-05 6.2219644667988626e-06 6.0194813500621087e-06 4.2063032764896760e-05 
1.3558990006411622e-05 6.0604817507626692e-06 5.9900434804756619e-06 4.1143298903952847e-05 
1.3358024662304811e-05 5.9054822873575786e-06 5.9522489764321742e-06 4.0227358131954356e-05 
1.3158773024311849e-05 5.7587074536889371e-06 5.9058853722972581e-06 3.9324347332223548e-05 
1.2962848139657397e-05 5.6216381525809706e-06 5.8508082841700215e-06 3.8442890523509401e-05 
1.2771666933857640e-05 5.4954325814207385e-06 5.7869491776217311e-06 3.7590892532510929e-05 
1.2586417843047144e-05 5.3808745440987136e-06 5.7143216545964785e-06 3.6775333590127153e-05 
1.2408034925953453e-05 5.2783328994944343e-06 5.6330259709759870e-06 3.6002074949652887e-05 
1.2237179622717770e-05 5.1877421043707139e-06 5.5432520336808865e-06 3.5275690801411710e-05 
1.2074228851625758e-05 5.1086088087834693e-06 5.4452814381727142e-06 3.4599333160728821e-05 
1.1919279623095770e-05 5.0400444329904503e-06 5.3394886761688207e-06 3.3974666616592374e-05 
1.1768622631634932e-05 4.9777799565177401e-06 5.2269819684387257e-06 3.3391026560464297e-05 
1.1610230618734412e-05 4.8919462065822045e-06 5.0970392009112198e-06 3.2806345430565815e-05 
1.1477236260091783e-05 4.8178281829644036e-06 4.9596182625416457e-06 3.2317266510078210e-05 
1.1360304669153926e-05 4.7591034103644869e-06 4.8157825423950165e-06 3.1917084052355373e-05 
1.1254805728460354e-05 4.7120420539873083e-06 4.6637449717926396e-06 3.1573511708120860e-05 
1.1161687581767871e-05 4.6753396471529744e-06 4.5119801683939265e-06 3.1279658101925639e-05 
1.1077196511592376e-05 4.6394319677768576e-06 4.3639067743757955e-06 3.1024662078101992e-05 
1.0994266278473233e-05 4.6011400944638385e-06 4.2176795849859886e-06 3.0788877160951469e-05 
1.0908629352558305e-05 4.5579040230780557e-06 4.0704744803882672e-06 3.0561860681825446e-05 
1.0817468626124859e-05 4.5100051031087671e-06 3.9226860863735528e-06 3.0331764228759145e-05 
1.0720266237022999e-05 4.4577899020554026e-06 3.7767102249364000e-06 3.0094339455739376e-05 
1.0574378320643832e-05 4.4019203800687054e-06 3.6249273869219876e-06 2.9746669605081868e-05 
1.0393039199424675e-05 4.3357646746111356e-06 3.4626408287829837e-06 2.9309559005865384e-05 
1.0235902924035417e-05 4.2423869563290646e-06 3.3161777710667759e-06 2.8920682673535521e-05 
1.0091227402658255e-05 4.1471120272167398e-06 3.1725615651628960e-06 2.8560472900128410e-05 
9.9528243212256422e-06 4.0558647753323692e-06 3.0341249273337858e-06 2.8219407278015460e-05 
9.8152607338799821e-06 3.9639665982884628e-06 2.9033215524441625e-06 2.7880600303854881e-05 
9.6787332724551351e-06 3.8763194754482533e-06 2.7849313742917379e-06 2.7541314336648950e-05 
9.5421101726829166e-06 3.7870399314411081e-06 2.6785039966014027e-06 2.7196773359770220e-05 
9.4023354460385838e-06 3.6960679453394372e-06 2.5817951643924162e-06 2.6835700907772326e-05 
9.2588450710938249e-06 3.6045735112646528e-06 2.4940999811724273e-06 2.6459378497595864e-05 
9.1110177868803531e-06 3.5143151743294545e-06 2.4166745421229708e-06 2.6066019396403660e-05 
8.9594157275481694e-06 3.4266496230000585e-06 2.3506044796595831e-06 2.5657636149216609e-05 
8.8043581438120914e-06 3.3414563522788612e-06 2.2956741522488656e-06 2.5235379595420684e-05 
8.6461094876344958e-06 3.2598654468590944e-06 2.2512041190757713e-06 2.4800257872420164e-05 
8.4852237887607389e-06 3.1823319477550273e-06 2.2168009276951237e-06 2.4354778890924235e-05 
8.3221312282312549e-06 3.1097055693546038e-06 2.1925858110088844e-06 2.3900308884965929e-05 
8.1575498061660658e-06 3.0421812221751471e-06 2.1785313265141091e-06 2.3439371225747611e-05 
7.9919978425906110e-06 2.9796676878115789e-06 2.1742552427621007e-06 2.2973464221077708e-05 
7.8260480074393995e-06 2.9219042923228198e-06 2.1790675778455824e-06 2.2504423102221536e-05 
7.6601840618878079e-06 2.8684521377874032e-06 2.1922657676727540e-06 2.2033739876314167e-05 
7.4948907712250479e-06 2.8188667085272413e-06 2.2131855905040281e-06 2.1562964131910536e-05 
7.3306291794496583e-06 2.7725794444825004e-06 2.2411485529499432e-06 2.1093648232137381e-05 
7.1678383031568925e-06 2.7290242055670666e-06 2.2753828831590865e-06 2.0627367686985873e-05 
7.0069637235187372e-06 2.6876395014033083e-06 2.3150243795257020e-06 2.0165876257521374e-05 
6.8484652618807074e-06 2.6479662783228167e-06 2.3591437954490648e-06 1.9711132260850260e-05 
6.6928434836449021e-06 2.6096878773470948e-06 2.4067727834133246e-06 1.9265420581479284e-05 
6.5406459739389355e-06 2.5726781803547408e-06 2.4569118508586671e-06 1.8831384059472413e-05 
6.3924817160836982e-06 2.5370440151203279e-06 2.5085324283676696e-06 1.8412086276179356e-05 
6.2490285023624921e-06 2.5031525398906347e-06 2.5605858699982740e-06 1.8011033725792237e-05 
6.1110500608028673e-06 2.4716385017627866e-06 2.6120200538351956e-06 1.7632208185944361e-05 
5.9793841577314171e-06 2.4433879090443666e-06 2.6617966541687455e-06 1.7279994450530066e-05 
5.8549263393264926e-06 2.4194997983521355e-06 2.7089004217273215e-06 1.6959050003017008e-05 
5.7386069393951683e-06 2.4012253366861466e-06 2.7523497506424463e-06 1.6674136608269642e-05 
5.6313601578095189e-06 2.3898822038584879e-06 2.7912094092905588e-06 1.6429908287119031e-05 
5.5340819186611481e-06 2.3867452630884539e-06 2.8246032793005351e-06 1.6230638936104178e-05 
5.4475828716298998e-06 2.3929417141111327e-06 2.8517256762330587e-06 1.6079936875025265e-05 
5.3725393131595120e-06 2.4093430080027136e-06 2.8718533879880258e-06 1.5980461917684206e-05 
5.3094443124068835e-06 2.4364647643372626e-06 2.8843547235650943e-06 1.5933667046540147e-05 
5.2585595572238366e-06 2.4744030460137061e-06 2.8886990962579110e-06 1.5939601351600705e-05 
5.2198844397381610e-06 2.5228092997026572e-06 2.8844672466511859e-06 1.5996813480551455e-05 
5.1931346172698342e-06 2.5809044030348111e-06 2.8713556430528967e-06 1.6102349231791210e-05 
5.1777379113045054e-06 2.6475273536010923e-06 2.8491814847009676e-06 1.6251854771916185e-05 
5.1728430755894286e-06 2.7212101637336368e-06 2.8178881884614831e-06 1.6439761610230800e-05 
5.1773481497662730e-06 2.8002591786374830e-06 2.7775506454724207e-06 1.6659535095092385e-05 
5.1899384769243250e-06 2.8828409492906229e-06 2.7283772704182313e-06 1.6903945666590995e-05 
5.2091390767466482e-06 2.9670709053013834e-06 2.6707109253505999e-06 1.7165373692198248e-05 
5.2333686103212398e-06 3.0510708259009490e-06 2.6050385415224821e-06 1.7436081317884891e-05 
5.2609913852355968e-06 3.1330305709281478e-06 2.5319718642170319e-06 1.7708432354294599e-05 
5.2903658784462223e-06 3.2112291073579689e-06 2.4522545754424700e-06 1.7975063941631415e-05 
5.3199255158903434e-06 3.2840833264043484e-06 2.3667808834893701e-06 1.8229195841165202e-05 
5.3481775724900681e-06 3.3501619200847512e-06 2.2765872529265959e-06 1.8464572171590206e-05 
5.3737632456919375e-06 3.4082062181001910e-06 2.1828192296805811e-06 1.8675652254132880e-05 
5.3954697480625045e-06 3.4571314741740542e-06 2.0867337974999540e-06 1.8857627350545498e-05 
5.4122578566736583e-06 3.4960427371056271e-06 1.9897058456376330e-06 1.9006490768946882e-05 
5.4232800476159246e-06 3.5242319099184468e-06 1.8932144665246582e-06 1.9119073632689228e-05 
5.4278878949370044e-06 3.5411799748549782e-06 1.7988123911558329e-06 1.9193046504780218e-05 
5.4256363464307109e-06 3.5465548603510471e-06 1.7080894798988738e-06 1.9226920029623434e-05 
5.4162803747743714e-06 3.5402083365532241e-06 1.6226269743494794e-06 1.9220020799895340e-05 
5.3997749228630358e-06 3.5221688217593902e-06 1.5439329077301619e-06 1.9172479254682030e-05 
5.3762521072098114e-06 3.4926437208388502e-06 1.4733583466993638e-06 1.9085165078235455e-05 
5.3460178348375159e-06 3.4520039737888418e-06 1.4119839941215907e-06 1.8959672089544831e-05 
5.3095333858661802e-06 3.4007745695767918e-06 1.3605146267897952e-06 1.8798249066798139e-05 
5.2674024888942477e-06 3.3396271440233247e-06 1.3191778117720497e-06 1.8603758952019792e-05 
5.2203475842154314e-06 3.2693669883087783e-06 1.2876708067678705e-06 1.8379603809230725e-05 
5.1691860376254428e-06 3.1909209547474268e-06 1.2651658971743702e-06 1.8129644765273380e-05 
5.1148083449197993e-06 3.1053205277741900e-06 1.2503813759848035e-06 1.7858118758004448e-05 
5.0581362843806801e-06 3.0136879847480915e-06 1.2417117269063571e-06 1.7569518568986496e-05 
5.0001068202854564e-06 2.9172178415534912e-06 1.2373771710440873e-06 1.7268514548195743e-05 
4.9416423978734424e-06 2.8171571875013047e-06 1.2355678969300785e-06 1.6959841261915251e-05 
4.8836263063064350e-06 2.7147853305279757e-06 1.2345666919156106e-06 1.6648194720550147e-05 
4.8268740324009339e-06 2.6113912148700060e-06 1.2328464145659329e-06 1.6338107269556954e-05 
4.7721095244952702e-06 2.5082498522586017e-06 1.2291301972208102e-06 1.6033831870172238e-05 
4.7199460471906165e-06 2.4065960650383638e-06 1.2224212896260501e-06 1.5739233419443763e-05 
4.6708733973914186e-06 2.3075949604401438e-06 1.2120165351381783e-06 1.5457695231628307e-05 
4.6252527926124669e-06 2.2123169453252839e-06 1.1975059677920246e-06 1.5192055148581814e-05 
4.5833137605880388e-06 2.1217118948856124e-06 1.1787670393407497e-06 1.4944545986509738e-05 
4.5451657047204119e-06 2.0365709144821607e-06 1.1559572523396117e-06 1.4716789490976032e-05 
4.5108026853795465e-06 1.9575204845400573e-06 1.1295080737831752e-06 1.4509773638980333e-05 
4.4801269707663792e-06 1.8850048131238880e-06 1.1001150398392268e-06 1.4323921972400196e-05 
4.4529657390792983e-06 1.8192795986166783e-06 1.0687318523008559e-06 1.4159142211891426e-05 
4.4290982087635298e-06 1.7604237563570806e-06 1.0365545603577542e-06 1.4014929866240071e-05 
4.4082795044918186e-06 1.7083546550252843e-06 1.0049944974463598e-06 1.3890475006236607e-05 
4.3902641121393255e-06 1.6628644764046464e-06 9.7562921489076856e-07 1.3784777993183953e-05 
4.3748274602691973e-06 1.6236601132850720e-06 9.5012284308999691e-07 1.3696766070897401e-05 
4.3617827471827030e-06 1.5904104543093570e-06 9.3010693522277110e-07 1.3625393568737072e-05 
4.3509937227972590e-06 1.5627915719365064e-06 9.1702460067648175e-07 1.3569726669343574e-05 
4.3423814284031412e-06 1.5405254710913513e-06 9.1195762630809207e-07 1.3529001469014403e-05 
4.3359254778830016e-06 1.5234084053347068e-06 9.1547516733449054e-07 1.3502655337480095e-05 
4.3316597152178739e-06 1.5113245761851733e-06 9.2754856458444373e-07 1.3490329303336972e-05 
4.3296623592130734e-06 1.5042444264813999e-06 9.4756069079562425e-07 1.3491841589433752e-05 
4.3300408044165380e-06 1.5022072072852354e-06 9.7440617281822545e-07 1.3507134356487307e-05 
4.3329176931008522e-06 1.5052912824340224e-06 1.0066463745758044e-06 1.3536212556779607e-05 
4.3384074039944198e-06 1.5135729603606854e-06 1.0426706421174828e-06 1.3579051127070176e-05 
4.3465946472937838e-06 1.5270824951087305e-06 1.0808422355466802e-06 1.3635503698542971e-05 
4.3575131568847734e-06 1.5457623494904069e-06 1.1195908651340621e-06 1.3705203687405313e-05 
4.3711324468291899e-06 1.5694340857609495e-06 1.1575121517604031e-06 1.3787514400770540e-05 
4.3873353263069969e-06 1.5977646784883352e-06 1.1933828235282980e-06 1.3881439968328882e-05 
4.4059005908511379e-06 1.6302724190346573e-06 1.2261550508163746e-06 1.3985539091264634e-05 
4.4265126924838385e-06 1.6663090941197054e-06 1.2549745177362210e-06 1.4097981448200959e-05 
4.4487462512401682e-06 1.7050921361714431e-06 1.2792040060368164e-06 1.4216494944608516e-05 
4.4720815908333104e-06 1.7457221420525033e-06 1.2984159254912295e-06 1.4338433760360870e-05 
4.4959074684718710e-06 1.7872109284442767e-06 1.3123741110928021e-06 1.4460790704960899e-05 
4.5195392506629223e-06 1.8285177604318924e-06 1.3210275466050669e-06 1.4580279377264432e-05 
4.5422358077788107e-06 1.8685789610751522e-06 1.3245149911275090e-06 1.4693414532430661e-05 
4.5632202497019225e-06 1.9063399621552662e-06 1.3231660175334569e-06 1.4796602543034708e-05 
4.5817018581807258e-06 1.9407797639772648e-06 1.3174963417249832e-06 1.4886232280227856e-05 
4.5968984082326343e-06 1.9709359636091282e-06 1.3082001592484065e-06 1.4958765782758455e-05 
4.6080583697733250e-06 1.9959254503295949e-06 1.2961406303638121e-06 1.5010827553884098e-05 
4.6144818890869863e-06 2.0149626806409353e-06 1.2823354015056009e-06 1.5039288924906170e-05 
4.6155401290673886e-06 2.0273755529977643e-06 1.2679324710279827e-06 1.5041344438243981e-05 
4.6106926761316245e-06 2.0326191981636728e-06 1.2541725106530461e-06 1.5014580455790542e-05 
4.5995023510180303e-06 2.0302890165264494e-06 1.2423358188795413e-06 1.4957034054516056e-05 
4.5816476878036481e-06 2.0201327769222082e-06 1.2336736646100504e-06 1.4867244354376656e-05 
4.5569326470459091e-06 2.0020624903647370e-06 1.2293268646068632e-06 1.4744295060255303e-05 
4.5252933881704898e-06 1.9761663891648027e-06 1.2302389896362143e-06 1.4587848338398996e-05 
4.4868030078478744e-06 1.9427215315188982e-06 1.2370752848251131e-06 1.4398172724815033e-05 
4.4416731997377192e-06 1.9022074544031827e-06 1.2501620620977170e-06 1.4176162742485445e-05 
4.3902530528048597e-06 1.8553214384785542e-06 1.2694587746409996e-06 1.3923350983905136e-05 
4.3330248920736173e-06 1.8029954651323454e-06 1.2945679353644650e-06 1.3641912569176447e-05 
4.2705970852701016e-06 1.7464142999266526e-06 1.3247793139841502e-06 1.3334661744917606e-05 
4.2036937494709073e-06 1.6870330858874531e-06 1.3591377849467563e-06 1.3005040139246968e-05 
4.1331412955242268e-06 1.6265907538578466e-06 1.3965213766817744e-06 1.2657095573260548e-05 
4.0598516648927031e-06 1.5671124765314407e-06 1.4357174442042154e-06 1.2295449356941800e-05 
3.9848017017408663e-06 1.5108894037928440e-06 1.4754892073972693e-06 1.1925246734475287e-05 
3.9090101199249042e-06 1.4604198121341835e-06 1.5146287007414461e-06 1.1552088507658980e-05 
3.8335097565854845e-06 1.4182924748705759e-06 1.5519950901258726e-06 1.1181934420088726e-05 
3.7593178504631020e-06 1.3869988622775584e-06 1.5865426556020280e-06 1.0820975500965607e-05 
3.6874035854034005e-06 1.3686821895710175e-06 1.6173388947265114e-06 1.0475463930656291e-05 
3.6186547817678645e-06 1.3648634292984625e-06 1.6435752917255325e-06 1.0151499127501296e-05 
3.5538454524565206e-06 1.3762155868480905e-06 1.6645733451118896e-06 9.8547712633895180e-06 
3.4936066667402879e-06 1.4024621797382098e-06 1.6797874836694415e-06 9.5902746658234882e-06 
3.4384019574287721e-06 1.4424384394593643e-06 1.6888055666557400e-06 9.3620071689432576e-06 
3.3885099718398955e-06 1.4942883434749157e-06 1.6913479665127014e-06 9.1726910885071213e-06 
3.3440160824245492e-06 1.5557265869044373e-06 1.6872656748943805e-06 9.0235575395860813e-06 
3.3048145112574081e-06 1.6242905604848187e-06 1.6765378109978278e-06 8.9142356077041175e-06 
3.2706210310932963e-06 1.6975368557341214e-06 1.6592685746507234e-06 8.8427734988514473e-06 
3.2409955304877026e-06 1.7731698200176801e-06 1.6356837737355814e-06 8.8057972882687660e-06 
3.2153727265257560e-06 1.8491117198448610e-06 1.6061269458322958e-06 8.7987861531131276e-06 
3.1930985109006635e-06 1.9235318436794546e-06 1.5710550372108476e-06 8.8164227103876654e-06 
3.1734692186323094e-06 1.9948507854331132e-06 1.5310335598057800e-06 8.8529697960064729e-06 
3.1557709561883721e-06 2.0617317736886768e-06 1.4867311516720138e-06 8.9026282716791111e-06 
3.1393164834058812e-06 2.1230663101865963e-06 1.4389134144222244e-06 8.9598438196989496e-06 
3.1234779281885807e-06 2.1779582713423140e-06 1.3884355485878541e-06 9.0195476314043603e-06 
3.1077137523646602e-06 2.2257085055042607e-06 1.3362331547417228e-06 9.0773273229550374e-06 
3.0915898095890673e-06 2.2658010887308523e-06 1.2833101152209259e-06 9.1295353823684740e-06 
3.0747954360686585e-06 2.2978895851233418e-06 1.2307202862749952e-06 9.1733481015202839e-06 
3.0571517817324129e-06 2.3217860924054873e-06 1.1795462318980561e-06 9.2067797428240344e-06 
3.0386124881101177e-06 2.3374503019780923e-06 1.1308685447499330e-06 9.2286602131409952e-06 
3.0192600948396976e-06 2.3449785870005674e-06 1.0857256728813827e-06 9.2385902545371031e-06 
2.9992972447366209e-06 2.3445941638942191e-06 1.0450620188893715e-06 9.2368800657289502e-06 
2.9790340424963666e-06 2.3366362454358059e-06 1.0096697199964121e-06 9.2244753803716471e-06 
2.9588710950379124e-06 2.3215496369737607e-06 9.8012947080274214e-07 9.2028724504316499e-06 
2.9392777005631943e-06 2.2998739094747153e-06 9.5675923424804897e-07 9.1740152697579234e-06 
2.9207677047768112e-06 2.2722315501615219e-06 9.3958407330167058e-07 9.1401846788718051e-06 
2.9038724463277417e-06 2.2393158072854151e-06 9.2833653294133580e-07 9.1038784858391852e-06 
2.8891142650732522e-06 2.2018777371788735e-06 9.2249138165364424e-07 9.0676888268590671e-06 
2.8769807410946374e-06 2.1607126350207198e-06 9.2132939182306114e-07 9.0341794505628996e-06 
2.8679007383033505e-06 2.1166457236600887e-06 9.2401828548561491e-07 9.0057652864651302e-06 
2.8622243852286008e-06 2.0705175247399425e-06 9.2969647090766661e-07 8.9846027476749263e-06 
2.8602081993412695e-06 2.0231687422317820e-06 9.3754759239725991e-07 8.9724964513861412e-06 
2.8620067809152080e-06 1.9754250687567401e-06 9.4685889868489048e-07 8.9708302423382770e-06 
2.8676714492515071e-06 1.9280819160532672e-06 9.5706049912447729e-07 8.9805272289787694e-06 
2.8771543970355337e-06 1.8818893692478529e-06 9.6774710595340986e-07 9.0020389855280961e-06 
2.8903217056641043e-06 1.8375387866764457e-06 9.7868603378154893e-07 9.0353735686660040e-06 
2.9069705591111666e-06 1.7956512567663795e-06 9.8981147609722070e-07 9.0801519635525419e-06 
2.9268501948074514e-06 1.7567686023238979e-06 1.0012095194363325e-06 9.1356891904073699e-06 
2.9496846859198953e-06 1.7213475304805703e-06 1.0130954062375463e-06 9.2010920608046215e-06 
2.9751957548078115e-06 1.6897574624590876e-06 1.0257841847230047e-06 9.2753651208756523e-06 
3.0031239708871637e-06 1.6622828699138187e-06 1.0396557246304499e-06 9.3575161881123941e-06 
3.0332469141675522e-06 1.6391296940001394e-06 1.0551157844219043e-06 9.4466536063801807e-06 
3.0653933987299496e-06 1.6204337628444375e-06 1.0725553554167316e-06 9.5420691016726358e-06 
3.0994529663348118e-06 1.6062716239915072e-06 1.0923108950426294e-06 9.6433016931116726e-06 
3.1353801535202273e-06 1.5966725303819151e-06 1.1146289607506348e-06 9.7501790055466694e-06 
3.1731934727412279e-06 1.5916296043320299e-06 1.1396384949896078e-06 9.8628342494245023e-06 
3.2129693339165989e-06 1.5911086678047900e-06 1.1673331581398784e-06 9.9816985927400117e-06 
3.2548313701082752e-06 1.5950535123038662e-06 1.1975648318855541e-06 1.0107469829220710e-05 
3.2989357814314887e-06 1.6033876495927752e-06 1.2300479543626770e-06 1.0241059145863365e-05 
3.3454536331951181e-06 1.6160122297562713e-06 1.2643730365819137e-06 1.0383519188766148e-05 
3.3945515189645251e-06 1.6328006490761131e-06 1.3000266640560236e-06 1.0535958576149473e-05 
3.4463708917404856e-06 1.6535906726302840e-06 1.3364162979106425e-06 1.0699446381207097e-05 
3.5010063818695591e-06 1.6781765967254296e-06 1.3728946518721318e-06 1.0874907537891489e-05 
3.5584902494089246e-06 1.7063003462363983e-06 1.4087832474893443e-06 1.1063036232894574e-05 
3.6187768255885292e-06 1.7376444989966691e-06 1.4433963405580629e-06 1.1264211737207665e-05 
3.6817304255154712e-06 1.7718278989834426e-06 1.4760609520941519e-06 1.1478427706259702e-05 
3.7471179277342086e-06 1.8084052922446194e-06 1.5061330741173030e-06 1.1705242776024353e-05 
3.8146067246338535e-06 1.8468711936364394e-06 1.5330113949211475e-06 1.1943757723609801e-05 
3.8837672653574718e-06 1.8866623679563492e-06 1.5561489078599609e-06 1.2192614875157930e-05 
3.9540796285618609e-06 1.9271657468316474e-06 1.5750615282550896e-06 1.2450019070029804e-05 
4.0249440827785180e-06 1.9677292547942635e-06 1.5893348185566674e-06 1.2713779642210602e-05 
4.0956941480472830e-06 2.0076725268320815e-06 1.5986289867128627e-06 1.2981365016266368e-05 
4.1656120824528670e-06 2.0462997265382478e-06 1.6026825559413080e-06 1.3249970183767260e-05 
4.2339456831380927e-06 2.0829120258745767e-06 1.6013147929993001e-06 1.3516590533871829e-05 
4.2999257941780966e-06 2.1168200632224781e-06 1.5944270877257158e-06 1.3778098973559487e-05 
4.3627837564497160e-06 2.1473557077308902e-06 1.5820033097594752e-06 1.4031322144704767e-05 
4.4217683858455250e-06 2.1738831828814393e-06 1.5641092613574577e-06 1.4273113629330631e-05 
4.4761615858484444e-06 2.1958093900568018e-06 1.5408913756025865e-06 1.4500421101859381e-05 
4.5252932648765908e-06 2.2125933128525451e-06 1.5125747376247637e-06 1.4710348624831895e-05 
4.5685544797871997e-06 2.2237545955056307e-06 1.4794606405652496e-06 1.4900211175760819e-05 
4.6054090579736433e-06 2.2288810781591737e-06 1.4419237148794505e-06 1.5067582169153947e-05 
4.6354036060385691e-06 2.2276352741374598e-06 1.4004086863313935e-06 1.5210333724952643e-05 
4.6581759864382824e-06 2.2197599280912685e-06 1.3554267396132096e-06 1.5326670297530611e-05 
4.6734623142814679e-06 2.2050826167992644e-06 1.3075514718250027e-06 1.5415156037211066e-05 
4.6811022264471006e-06 2.1835192846404929e-06 1.2574143842686654e-06 1.5474734786884137e-05 
4.6916119009875189e-06 2.1546034212909242e-06 1.2071578089601666e-06 1.5526400197357333e-05 
4.6956019320254951e-06 2.1204122470806351e-06 1.1595970597215460e-06 1.5551196187358809e-05 
4.6870897951383619e-06 2.0827588109116557e-06 1.1122566180084787e-06 1.5537973949921845e-05 
4.6678686935353965e-06 2.0376805703809412e-06 1.0654433751080510e-06 1.5488898100783742e-05 
4.6393894354248420e-06 1.9853309475636496e-06 1.0180599463114809e-06 1.5405084210645627e-05 
4.6028983471936263e-06 1.9264978802019721e-06 9.7103441947835436e-07 1.5289482418257606e-05 
4.5589805334333407e-06 1.8621216565904696e-06 9.2583112538836675e-07 1.5143765907426013e-05 
4.5090981789191075e-06 1.7935559129509904e-06 8.8416216891157964e-07 1.4972834536661074e-05 
4.4547880595040482e-06 1.7215691362935871e-06 8.4696913006301220e-07 1.4781377463407417e-05 
4.3971888761212976e-06 1.6470865365029173e-06 8.1453036460713916e-07 1.4572300128964870e-05 
4.3374129033445223e-06 1.5709570455074691e-06 7.8690175726409096e-07 1.4348961936036997e-05 
4.2764882826219764e-06 1.4943324498753938e-06 7.6419824951311988e-07 1.4114579261797919e-05 
4.2155345955158633e-06 1.4184488726098488e-06 7.4651537601474647e-07 1.3872776707711824e-05 
4.1556467622573300e-06 1.3446034159233695e-06 7.3372581690700384e-07 1.3627103780038965e-05 
4.0979157575032744e-06 1.2741714431923564e-06 7.2541860244314890e-07 1.3381217583751338e-05 
4.0434055024553945e-06 1.2085710942856686e-06 7.2100533902724688e-07 1.3138812798495557e-05 
3.9931465897577187e-06 1.1492679081916573e-06 7.1984838599886143e-07 1.2903574154827154e-05 
3.9481325477403559e-06 1.0976601068479065e-06 7.2131165394337374e-07 1.2679161799616679e-05 
3.9092908264778362e-06 1.0549795010035490e-06 7.2478304617979550e-07 1.2469104344968820e-05 
3.8774690184268434e-06 1.0221487353804218e-06 7.2970355427552177e-07 1.2276768997211833e-05 
3.8534111093345092e-06 9.9966427428636907e-07 7.3561203875678936e-07 1.2105275418360895e-05 
3.8377403395155733e-06 9.8750852548718770e-07 7.4217298203266212e-07 1.1957433130548821e-05 
3.8309393869739460e-06 9.8513985074968793e-07 7.4918255824224592e-07 1.1835656403572279e-05 
3.8333377649158912e-06 9.9156117108777340e-07 7.5655926973753937e-07 1.1741898524334404e-05 
3.8451062800969198e-06 1.0054523461158983e-06 7.6433026932243266e-07 1.1677601976584366e-05 
3.8662602341760102e-06 1.0253275325593847e-06 7.7261536225643166e-07 1.1643675200967035e-05 
3.8966695870957929e-06 1.0496807856403334e-06 7.8160771679564769e-07 1.1640492686299275e-05 
3.9360716968438711e-06 1.0770985419549008e-06 7.9155273441404033e-07 1.1667909529686529e-05 
3.9840908280663971e-06 1.1063317847092080e-06 8.0272723199490600e-07 1.1725301850310745e-05 
4.0402590221177129e-06 1.1363326619636072e-06 8.1541704502791382e-07 1.1811620865915838e-05 
4.1040377911101740e-06 1.1662644739014080e-06 8.2989636777729507e-07 1.1925458602966271e-05 
4.1748392100082069e-06 1.1954955957827758e-06 8.4640910284382856e-07 1.2065119765516859e-05 
4.2520450676029733e-06 1.2235843054844590e-06 8.6515354903373134e-07 1.2228693419040578e-05 
4.3350233862690549e-06 1.2502594944509023e-06 8.8627182151483843e-07 1.2414120289701953e-05 
4.4231421495735781e-06 1.2753997320818032e-06 9.0984484587120155e-07 1.2619253645609803e-05 
4.5157793922832925e-06 1.2990115110396819e-06 9.3589247152826005e-07 1.2841907963021791e-05 
4.6123309738048553e-06 1.3212077132013030e-06 9.6437910309786824e-07 1.3079898526099610e-05 
4.7122153441666632e-06 1.3421870592454992e-06 9.9522186664901330e-07 1.3331071762169307e-05 
4.8148767023166207e-06 1.3622137471046423e-06 1.0283008616910245e-06 1.3593328313540644e-05 
4.9197863880599497e-06 1.3815971611321916e-06 1.0634721471383045e-06 1.3864638001541788e-05 
5.0264439721952713e-06 1.4006736461715552e-06 1.1005765291531683e-06 1.4143053430587183e-05 
5.1343776126760772e-06 1.4197878159910043e-06 1.1394509425916942e-06 1.4426720771380938e-05 
5.2329667474971553e-06 1.4398014276256729e-06 1.1758163632528012e-06 1.4690565527523970e-05 
5.3228760759288631e-06 1.4591958965827867e-06 1.2066902102739161e-06 1.4934131571933710e-05 
5.4205515821073667e-06 1.4717058669738852e-06 1.2447458374709980e-06 1.5194109888311921e-05 
5.5227299812549602e-06 1.4857581743945360e-06 1.2841436297445084e-06 1.5464987761799047e-05 
5.6271794886443467e-06 1.5049130190951225e-06 1.3249671666232374e-06 1.5742413662848078e-05 
5.7319440581119164e-06 1.5270330462053576e-06 1.3672484533249177e-06 1.6020579038566646e-05 
5.8364548429216602e-06 1.5537821562826368e-06 1.4123549775745720e-06 1.6295888414554416e-05 
5.9404592132678626e-06 1.5823421371860050e-06 1.4598103874213407e-06 1.6567678575507084e-05 
6.0431777020882268e-06 1.6125891796112821e-06 1.5084392727259481e-06 1.6833939523857682e-05 
6.1441041923075239e-06 1.6443051820748068e-06 1.5575648779624404e-06 1.7094073584658900e-05 
6.2426952647922351e-06 1.6775469533120632e-06 1.6072740751475467e-06 1.7346640774843816e-05 
6.3388102672625923e-06 1.7125132304979044e-06 1.6577596967651102e-06 1.7591466380576619e-05 
6.4323074660508050e-06 1.7485329223111568e-06 1.7088534383535405e-06 1.7828472232175452e-05 
6.5229888718303024e-06 1.7856489822965762e-06 1.7602380490037981e-06 1.8057359946045466e-05 
6.6107843527061683e-06 1.8236051500586903e-06 1.8116618640594929e-06 1.8278606088528063e-05 
6.6955828787074180e-06 1.8624764038710643e-06 1.8630390968820363e-06 1.8492365168175404e-05 
6.7774019572243154e-06 1.9021686174596028e-06 1.9142429606118744e-06 1.8699396552364166e-05 
6.8562016190634628e-06 1.9425646757144809e-06 1.9650355789272312e-06 1.8900195480053763e-05 
6.9319661689797291e-06 1.9835921027585357e-06 2.0150732378484413e-06 1.9095446298186598e-05 
7.0046504479141488e-06 2.0251553504506335e-06 2.0640076354959047e-06 1.9285759760260390e-05 
7.0742009661633345e-06 2.0672120876198382e-06 2.1115157885730704e-06 1.9471752986716033e-05 
7.1405450865968321e-06 2.1096721733363064e-06 2.1572887999530372e-06 1.9654000851950409e-05 
7.2035780775318553e-06 2.1524453412174562e-06 2.2010045094211879e-06 1.9832957989473376e-05 
7.2631658353208451e-06 2.1954140306187640e-06 2.2423250345842563e-06 2.0008959805751383e-05 
7.3191398051589477e-06 2.2384457617202494e-06 2.2809090100297240e-06 2.0182166979044182e-05 
7.3713042006865448e-06 2.2813834941015316e-06 2.3164234868742623e-06 2.0352573154920651e-05 
7.4194336570933956e-06 2.3240389674493790e-06 2.3485489899402462e-06 2.0519976135321182e-05 
7.4632757326829167e-06 2.3661934355392969e-06 2.3769806408458292e-06 2.0683974343203770e-05 
7.5025530661784696e-06 2.4075970748216336e-06 2.4014316759499337e-06 2.0843965144672418e-05 
7.5369658864603041e-06 2.4479724725182666e-06 2.4216391447437741e-06 2.0999146122569577e-05 
7.5661953369356729e-06 2.4870160736242817e-06 2.4373688661130646e-06 2.1148522580639662e-05 
7.5899074526984865e-06 2.5244049551646253e-06 2.4484201566542165e-06 2.1290921131225814e-05 
7.6077592386650674e-06 2.5598023118506625e-06 2.4546269719385543e-06 2.1425015195394692e-05 
7.6194031908768597e-06 2.5928573184151369e-06 2.4558636213340445e-06 2.1549343537943535e-05 
7.6244947871754818e-06 2.6232163414253922e-06 2.4520440627967454e-06 2.1662343998396968e-05 
7.6227013574518595e-06 2.6505253173889797e-06 2.4431252635968137e-06 2.1762391814215176e-05 
7.6137092247220999e-06 2.6744345756633389e-06 2.4291095024880800e-06 2.1847834173123411e-05 
7.5972321366578892e-06 2.6946070050939782e-06 2.4100432637011139e-06 2.1917029166212231e-05 
7.5730190613944317e-06 2.7107231758418530e-06 2.3860173866692165e-06 2.1968380712299150e-05 
7.5408621928480114e-06 2.7224875248876086e-06 2.3571664137994429e-06 2.2000375280564524e-05 
7.5006051390838943e-06 2.7296345150513925e-06 2.3236671721356034e-06 2.2011619816931551e-05 
7.4521515038948432e-06 2.7319338153229419e-06 2.2857374668716479e-06 2.2000879235837419e-05 
7.3954719635286229e-06 2.7291955210944622e-06 2.2436337477802420e-06 2.1967108066118830e-05 
7.3306114826531891e-06 2.7212746636513029e-06 2.1976484990392373e-06 2.1909481015147411e-05 
7.2576957198785267e-06 2.7080745137251535e-06 2.1481073256738545e-06 2.1827418461194989e-05 
7.1769371413758156e-06 2.6895497166318808e-06 2.0953659014180431e-06 2.1720609929188507e-05 
7.0886411366518235e-06 2.6657083248660212e-06 2.0398045861718052e-06 2.1589033739174939e-05 
6.9932097643472993e-06 2.6366117185243827e-06 1.9818385748653091e-06 2.1432976258265059e-05 
6.8911539527807086e-06 2.6023950459036101e-06 1.9219087113956903e-06 2.1253092045182411e-05 
6.7830379406514201e-06 2.5632069700726961e-06 1.8603777550494956e-06 2.1050111667249635e-05 
6.6696072029458310e-06 2.5193069608447671e-06 1.7976777044014705e-06 2.0825430528095401e-05 
6.5517230523901684e-06 2.4708628622987185e-06 1.7343681946977687e-06 2.0580802054880755e-05 
6.4303106977470681e-06 2.4183238723610368e-06 1.6709771200838766e-06 2.0318077581766367e-05 
6.3064243554672147e-06 2.3621278807579451e-06 1.6079035974986137e-06 2.0039586883613226e-05 
6.1812114198078977e-06 2.3026966378512355e-06 1.5455723497141111e-06 1.9747865385332197e-05 
6.0559372770086070e-06 2.2405452571210399e-06 1.4844375419292007e-06 1.9445821407937884e-05 
5.9319551016748987e-06 2.1761895724055601e-06 1.4249745642648835e-06 1.9136643299985616e-05 
5.8106984134626369e-06 2.1102087620638417e-06 1.3676321796616754e-06 1.8823770011091861e-05 
5.6936731823281411e-06 2.0432161931195595e-06 1.3128268079645885e-06 1.8510877717510439e-05 
5.5824275884622325e-06 1.9758655485643280e-06 1.2609544758114262e-06 1.8201800091218766e-05 
5.4785300121689680e-06 1.9088372214471123e-06 1.2123965359601526e-06 1.7900509053497023e-05 
5.3835342011607788e-06 1.8428311028973267e-06 1.1675123786336188e-06 1.7611049725300081e-05 
5.2989411981912998e-06 1.7785607669955782e-06 1.1266287819436246e-06 1.7337471056041074e-05 
5.2261528736963488e-06 1.7167426368079471e-06 1.0900340164054657e-06 1.7083733534841767e-05 
5.1664228920635544e-06 1.6580850269297867e-06 1.0579741891412823e-06 1.6853612855625585e-05 
5.1208088863862932e-06 1.6032729351403973e-06 1.0306481150113141e-06 1.6650603244295968e-05 
5.0901290188536955e-06 1.5529515732650785e-06 1.0082008923598325e-06 1.6477819644670287e-05 
5.0749270913117408e-06 1.5077069503573204e-06 9.9071861108074655e-07 1.6337904716297124e-05 
5.0754494314930731e-06 1.4680451770965510e-06 9.7822570840202395e-07 1.6232944649485794e-05 
5.0916367022494309e-06 1.4343717122241267e-06 9.7068502011694280e-07 1.6164401858680419e-05 
5.1231316728300243e-06 1.4069731470725301e-06 9.6800044271050373e-07 1.6133069887217300e-05 
5.1693021478302643e-06 1.3860038579208651e-06 9.7002232778447578e-07 1.6139055202439597e-05 
5.2292763441655439e-06 1.3714798734841395e-06 9.7655534445278432e-07 1.6181787830656957e-05 
5.3019868089827571e-06 1.3632816447543716e-06 9.8736808897771185e-07 1.6260059983265700e-05 
5.3862183733014673e-06 1.3611658164522756e-06 1.0022033246270914e-06 1.6372088603236600e-05 
5.4806557347269072e-06 1.3647845008938003e-06 1.0207876901959679e-06 1.6515595865995655e-05 
5.5839285555270980e-06 1.3737101013879616e-06 1.0428398243179290e-06 1.6687903599898679e-05 
5.6946501492691627e-06 1.3874622532781201e-06 1.0680772429918551e-06 1.6886029961268957e-05 
5.8114493444085090e-06 1.4055334581732245e-06 1.0962217671857527e-06 1.7106784203455000e-05 
5.9329954547421258e-06 1.4274111805011648e-06 1.1270032506460319e-06 1.7346855575410350e-05 
6.0580164700436053e-06 1.4525952562385685e-06 1.1601618059609815e-06 1.7602891584321114e-05 
6.1853113378366693e-06 1.4806099283053292e-06 1.1954489691084038e-06 1.7871563996759969e-05 
6.3137573652044863e-06 1.5110108671392284e-06 1.2326280022732209e-06 1.8149622247592731e-05 
6.4423137061680612e-06 1.5433880084893303e-06 1.2714737067414612e-06 1.8433934485267957e-05 
6.5700219368823446e-06 1.5773651784576945e-06 1.3117719701093977e-06 1.8721517709063627e-05 
6.6960045219624883e-06 1.6125976310772888e-06 1.3533191378539738e-06 1.9009558476746152e-05 
6.8194618694559538e-06 1.6487685792626429e-06 1.3959211919576997e-06 1.9295425996502651e-05 
6.9396685369011601e-06 1.6855855083938648e-06 1.4393928044575207e-06 1.9576679426406351e-05 
7.0559689606895805e-06 1.7227765713075220e-06 1.4835563614416511e-06 1.9851070642596085e-05 
7.1677729562218184e-06 1.7601004982902737e-06 1.5282415470151800e-06 2.0116544036323375e-05 
7.2745195552802428e-06 1.7974278572476295e-06 1.5732842618880670e-06 2.0371125194411026e-05 
7.3757726004684222e-06 1.8343828267819494e-06 1.6185186262693707e-06 2.0613307936736796e-05 
7.4710949774535932e-06 1.8707330264732154e-06 1.6638051359657386e-06 2.0841458733972272e-05 
7.5601360133460078e-06 1.9063037900356762e-06 1.7089670002616658e-06 2.1054344730620320e-05 
7.6425621755540409e-06 1.9408886728423064e-06 1.7538541671563584e-06 2.1250785650465032e-05 
7.7180940239822845e-06 1.9743556844678458e-06 1.7983180539969103e-06 2.1429813924998198e-05 
7.7864941708705192e-06 2.0065512174377965e-06 1.8421688400617895e-06 2.1590607835980758e-05 
7.8475609608570617e-06 2.0373337410888392e-06 1.8852817557499828e-06 2.1732476546697927e-05 
7.9011766558391890e-06 2.0666025263807738e-06 1.9275918993496454e-06 2.1855174125930661e-05 
7.9471712085692896e-06 2.0942340314844678e-06 1.9689306725868788e-06 2.1958142734620949e-05 
7.9854536929865564e-06 2.1201913693477405e-06 2.0090168865864884e-06 2.2041182058846668e-05 
8.0159444267642056e-06 2.1444029287931576e-06 2.0476544014500989e-06 2.2104185691522770e-05 
8.0385950967713705e-06 2.1668831065750391e-06 2.0847374748243637e-06 2.2147217559486238e-05 
8.0533887011767472e-06 2.1876146316590703e-06 2.1201478609906404e-06 2.2170481781457088e-05 
8.0603282259614780e-06 2.2066251828064273e-06 2.1537040290497407e-06 2.2174240540420107e-05 
8.0594463841405600e-06 2.2239615864070247e-06 2.1852037188846637e-06 2.2158884069004154e-05 
8.0507928928509557e-06 2.2396970834574567e-06 2.2144666249816330e-06 2.2124882402308747e-05 
8.0344397590818780e-06 2.2539258528425237e-06 2.2413347112308955e-06 2.2072805503534931e-05 
8.0104760701853194e-06 2.2667482213867291e-06 2.2656525529851213e-06 2.2003288702913680e-05 
7.9790081771963292e-06 2.2782785661151620e-06 2.2872600546789018e-06 2.1917019109320419e-05 
7.9401580046933104e-06 2.2886366277127130e-06 2.3060007621312389e-06 2.1814727676615411e-05 
7.8940598454216135e-06 2.2979452189276234e-06 2.3217307733646370e-06 2.1697169313885753e-05 
7.8408605440584645e-06 2.3063231835195122e-06 2.3343205929628732e-06 2.1565115415648482e-05 
7.7807180301442297e-06 2.3138787742611499e-06 2.3436540831008250e-06 2.1419337392704029e-05 
7.7138006566826776e-06 2.3207077519402831e-06 2.3496295759492734e-06 2.1260594450082599e-05 
7.6402866847879692e-06 2.3268854691897809e-06 2.3521611609848857e-06 2.1089623229389887e-05 
7.5603629642727306e-06 2.3324623756596228e-06 2.3511837631353801e-06 2.0907123037816170e-05 
7.4742267107663921e-06 2.3374673282389964e-06 2.3466514608153607e-06 2.0713756008886705e-05 
7.3820856736407449e-06 2.3418984415628590e-06 2.3385424037467704e-06 2.0510139402256535e-05 
7.2841582640915226e-06 2.3457260466560589e-06 2.3268577791931650e-06 2.0296839686168440e-05 
7.1806753828923378e-06 2.3488938379284651e-06 2.3116222232893518e-06 2.0074373709608965e-05 
7.0718824046308965e-06 2.3513180272420796e-06 2.2928852962918491e-06 1.9843211238711235e-05 
6.9580419093670020e-06 2.3528905857501218e-06 2.2707214628181934e-06 1.9603783635269788e-05 
6.8394365101270081e-06 2.3534825958766576e-06 2.2452302776537775e-06 1.9356492767230011e-05 
6.7163716340835098e-06 2.3529484596073816e-06 2.2165361076128771e-06 1.9101720232883450e-05 
6.5891786548268645e-06 2.3511309267584019e-06 2.1847874977479937e-06 1.8839838933497101e-05 
6.4582185249399492e-06 2.3478660844875041e-06 2.1501562468443509e-06 1.8571227776430965e-05 
6.3238857372578486e-06 2.3429886331231302e-06 2.1128361411601968e-06 1.8296288493832307e-05 
6.1866123909904454e-06 2.3363375940521359e-06 2.0730413550673735e-06 1.8015463035452797e-05 
6.0468724371350716e-06 2.3277617995364154e-06 2.0310046074085426e-06 1.7729252250607090e-05 
5.9051858441446534e-06 2.3171251941962058e-06 1.9869750850230621e-06 1.7438234435591787e-05 
5.7621224733680841e-06 2.3043116978090762e-06 1.9412161276187630e-06 1.7143082687381212e-05 
5.6183056088991069e-06 2.2892295129674636e-06 1.8940027082664006e-06 1.6844581114825771e-05 
5.4744148538291784e-06 2.2718148476244291e-06 1.8456187096836483e-06 1.6543638934545873e-05 
5.3311881542557928e-06 2.2520349792252088e-06 1.7963540301045740e-06 1.6241302006006340e-05 
5.2064796439467126e-06 2.2289225985727116e-06 1.7473296788078603e-06 1.5976736231504598e-05 
5.0939300054957853e-06 2.2055186474837594e-06 1.7045732136196919e-06 1.5735736693452936e-05 
4.9728051966802681e-06 2.1874647352522806e-06 1.6619141719651847e-06 1.5475409962887304e-05 
4.8465510675829026e-06 2.1651894686489483e-06 1.6189254326569014e-06 1.5200069903513432e-05 
4.7190558831236351e-06 2.1368454436149593e-06 1.5726136908844677e-06 1.4912874476655599e-05 
4.5938306136131934e-06 2.1042624066338061e-06 1.5238712455696330e-06 1.4621421797917313e-05 
4.4725551297018502e-06 2.0685533587145989e-06 1.4741450109561799e-06 1.4330226142533436e-05 
4.3578134667607139e-06 2.0315220154908936e-06 1.4253138735467021e-06 1.4046904728954491e-05 
4.2523873527863956e-06 1.9934168767528053e-06 1.3782873915455067e-06 1.3779117294411324e-05 
4.1579234489771939e-06 1.9545301026778591e-06 1.3331301282450511e-06 1.3529609238783416e-05 
4.0756709629118785e-06 1.9149489877291425e-06 1.2897110139005315e-06 1.3301152364869279e-05 
4.0063591863172717e-06 1.8751248186936078e-06 1.2481623178921268e-06 1.3095419963507272e-05 
3.9505572517261240e-06 1.8355177764527797e-06 1.2088660301519975e-06 1.2914148555244253e-05 
3.9084951032152671e-06 1.7965391376770824e-06 1.1721685523579564e-06 1.2758381083505247e-05 
3.8800889982251884e-06 1.7585666001685339e-06 1.1382784343514878e-06 1.2628722025603185e-05 
3.8649692104076407e-06 1.7219494820822860e-06 1.1073139202960474e-06 1.2525402172958742e-05 
3.8625219789343957e-06 1.6870439339959959e-06 1.0793844534528903e-06 1.2448258919961541e-05 
3.8719442543527883e-06 1.6541702967299563e-06 1.0545769178716111e-06 1.2396808071975007e-05 
3.8922655913173640e-06 1.6236279830323348e-06 1.0329308055017958e-06 1.2370179899776166e-05 
3.9223939983431766e-06 1.5956709563320754e-06 1.0144407389750774e-06 1.2367185789690809e-05 
3.9611538503002863e-06 1.5705214278102227e-06 9.9908779040289933e-07 1.2386332026077994e-05 
4.0073257455787838e-06 1.5483454713943302e-06 9.8685512322166257e-07 1.2425877052167883e-05 
4.0596721372865778e-06 1.5292551681687681e-06 9.7772220445761871e-07 1.2483844679126580e-05 
4.1169670508458186e-06 1.5133006139765657e-06 9.7165288945638013e-07 1.2558079170973143e-05 
4.1780187895182935e-06 1.5004725458057055e-06 9.6859107506704187e-07 1.2646288543744320e-05 
4.2416922217928567e-06 1.4907049067697983e-06 9.6846024976853674e-07 1.2746110703848464e-05 
4.3069239811198000e-06 1.4838787471210516e-06 9.7116134807319751e-07 1.2855169506686377e-05 
4.3727321452470928e-06 1.4798312434114699e-06 9.7656924770613159e-07 1.2971123615233767e-05 
4.4382210031911916e-06 1.4783654224201728e-06 9.8453218766109104e-07 1.3091705009433883e-05 
4.5025827513998153e-06 1.4792598862918009e-06 9.9487433164934261e-07 1.3214748463611078e-05 
4.5650970338543389e-06 1.4822764747172196e-06 1.0073997479099024e-06 1.3338214780668626e-05 
4.6251284173474335e-06 1.4871669936425701e-06 1.0218965057530765e-06 1.3460206147279639e-05 
4.6821227490760075e-06 1.4936786638606596e-06 1.0381407980717249e-06 1.3578976283614008e-05 
4.7356026244070716e-06 1.5015584271763427e-06 1.0559013996011226e-06 1.3692934944987981e-05 
4.7851623596407261e-06 1.5105559932553179e-06 1.0749443437750518e-06 1.3800647936489067e-05 
4.8304625253238987e-06 1.5204254732979320e-06 1.0950373072745935e-06 1.3900833022838173e-05 
4.8712241107100131e-06 1.5309261405792037e-06 1.1159532931860343e-06 1.3992352357721823e-05 
4.8857670295945761e-06 1.5431140358449889e-06 1.1287018524739436e-06 1.4025423587305916e-05 
4.8982976224284151e-06 1.5505004330953848e-06 1.1411976979616729e-06 1.4051443400381368e-05 
4.9139959297434838e-06 1.5525070381420604e-06 1.1585729487530626e-06 1.4084446964647747e-05 
4.9292683186458542e-06 1.5581832798963925e-06 1.1760672823411537e-06 1.4117494485478218e-05 
4.9423558835012449e-06 1.5661351657927742e-06 1.1934367924455350e-06 1.4147879783161301e-05 
4.9518508323438542e-06 1.5749688015740746e-06 1.2119031139113665e-06 1.4169852734422221e-05 
4.9578792916964414e-06 1.5837003543024740e-06 1.2321990884232627e-06 1.4182606141188280e-05 
4.9598315618982157e-06 1.5907816093858624e-06 1.2532282594406871e-06 1.4183702997231018e-05 
4.9570161917945805e-06 1.5969178204175861e-06 1.2736385872291464e-06 1.4171224196392214e-05 
4.9490726998684128e-06 1.6015693648523344e-06 1.2931164892844736e-06 1.4144584110270720e-05 
4.9357435605345799e-06 1.6050172946901005e-06 1.3120195617952864e-06 1.4102569486432925e-05 
4.9171520443410894e-06 1.6069985434266496e-06 1.3304468160685828e-06 1.4045392892223486e-05 
4.8932550688711677e-06 1.6072534427817402e-06 1.3481517755525077e-06 1.3972546483778063e-05 
4.8641211129201599e-06 1.6057732595610461e-06 1.3648669464560614e-06 1.3884117141194525e-05 
4.8298472017205967e-06 1.6024809020597583e-06 1.3805487039450024e-06 1.3780259480598502e-05 
4.7905941006765647e-06 1.5974783458902893e-06 1.3952910116859215e-06 1.3661238163142335e-05 
4.7465823741474026e-06 1.5907276539172828e-06 1.4091369176211256e-06 1.3527542445968326e-05 
4.6980125474410971e-06 1.5822637422761817e-06 1.4220322320071639e-06 1.3379558400812153e-05 
4.6451140456688983e-06 1.5721372743490359e-06 1.4338846277300121e-06 1.3217855025539818e-05 
4.5881117830645238e-06 1.5604482958970220e-06 1.4446404581714165e-06 1.3043014164617996e-05 
4.5272509678730576e-06 1.5473357440918621e-06 1.4542833698595380e-06 1.2855753172683107e-05 
4.4627808342020229e-06 1.5329550152342789e-06 1.4628056213049259e-06 1.2656859216104721e-05 
4.3949562596304662e-06 1.5175013555794991e-06 1.4701834391969562e-06 1.2447202198149067e-05 
4.3240390060547809e-06 1.5011996878384400e-06 1.4763770774208302e-06 1.2227739001972086e-05 
4.2502983177594577e-06 1.4843103660315131e-06 1.4813393674810907e-06 1.1999504631386704e-05 
4.1740148390923354e-06 1.4671186271875869e-06 1.4850195283582088e-06 1.1763623419110118e-05 
4.0954803525699616e-06 1.4499274761582766e-06 1.4873617885504567e-06 1.1521301741423558e-05 
4.0149984235250600e-06 1.4330498806986908e-06 1.4883044424130978e-06 1.1273826248622838e-05 
3.9328837456373591e-06 1.4168005415386588e-06 1.4877815664779820e-06 1.1022555553591238e-05 
3.8494611907188118e-06 1.4014873863431615e-06 1.4857258913225229e-06 1.0768910375911308e-05 
3.7650639027970875e-06 1.3874010690125274e-06 1.4820710061286451e-06 1.0514360159205566e-05 
3.6800303260938534e-06 1.3748045876699247e-06 1.4767527829278901e-06 1.0260405054642932e-05 
3.5947007812082819e-06 1.3639226276881488e-06 1.4697108925942499e-06 1.0008555436024533e-05 
3.5094138694453001e-06 1.3549314691512393e-06 1.4608907790535424e-06 9.7603088588667537e-06 
3.4245027469413107e-06 1.3479504021427730e-06 1.4502458148740491e-06 9.5171249384658947e-06 
3.3402912683315504e-06 1.3430350877264620e-06 1.4377393016808434e-06 9.2803981100807742e-06 
3.2570900384861243e-06 1.3401736741544011e-06 1.4233461248810278e-06 9.0514288006094797e-06 
3.1751924935789308e-06 1.3392866070764160e-06 1.4070540726498234e-06 8.8313941504053756e-06 
3.0948711123499805e-06 1.3402297950653383e-06 1.3888650123751351e-06 8.6213193338745214e-06 
3.0163738885367387e-06 1.3428006821258681e-06 1.3687958797529188e-06 8.4220510370010837e-06 
2.9399211835813940e-06 1.3467468416454727e-06 1.3468793833692101e-06 8.2342347125790110e-06 
2.8657030653064471e-06 1.3517762782531536e-06 1.3231644485650670e-06 8.0582971330978095e-06 
2.7938772493732629e-06 1.3575687010879885e-06 1.2977163812188531e-06 7.8944357083118399e-06 
2.7245677144897499e-06 1.3637864308528928e-06 1.2706166608444337e-06 7.7426155005827994e-06 
2.6578641312250723e-06 1.3700872146780361e-06 1.2419630224164571e-06 7.6025750100195034e-06 
2.5938225934705689e-06 1.3761327922630539e-06 1.2118684308171166e-06 7.4738424673411683e-06 
2.5324660353739642e-06 1.3815982021144609e-06 1.1804609104448478e-06 7.3557550432084739e-06 
2.4737868703158505e-06 1.3861802586342565e-06 1.1478819719246953e-06 7.2474907819751695e-06 
2.4177497105145669e-06 1.3896026509782456e-06 1.1142862180732477e-06 7.1481030066370580e-06 
2.3642951471987891e-06 1.3916211228551855e-06 1.0798401118625387e-06 7.0565593242701584e-06 
2.3133435938506684e-06 1.3920270401561493e-06 1.0447206186250855e-06 6.9717791137844159e-06 
2.2647994747461703e-06 1.3906492629608537e-06 1.0091142607219330e-06 6.8926697797835527e-06 
2.2185562507127411e-06 1.3873554772327890e-06 9.7321612502998539e-07 6.8181638530149673e-06 
2.1745013799862764e-06 1.3820527768779563e-06 9.3722888358301559e-07 6.7472517162989183e-06 
2.1325209096783898e-06 1.3746873634201789e-06 9.0136188753253341e-07 6.6790083987310869e-06 
2.0925036524155001e-06 1.3652436131035449e-06 8.6583019069517282e-07 6.6126145422508222e-06 
2.0543448238980981e-06 1.3537424428172643e-06 8.3085359120494762e-07 6.5473715465162726e-06 
2.0179493069525530e-06 1.3402391144822352e-06 7.9665570416299177e-07 6.4827118365075489e-06 
1.9832334630379787e-06 1.3248204414133717e-06 7.6346377933226115e-07 6.4182024527115871e-06 
1.9501270624351792e-06 1.3076021306326376e-06 7.3150662765708158e-07 6.3535453681888346e-06 
1.9185744638800939e-06 1.2887257888828722e-06 7.0101368935544217e-07 6.2885751829792152e-06 
1.8885346455194313e-06 1.2683557725846749e-06 6.7221324986598826e-07 6.2232516564605455e-06 
1.8599808156582159e-06 1.2466759410361458e-06 6.4532979657156457e-07 6.1576504179373889e-06 
1.8328992555149653e-06 1.2238853517146872e-06 6.2058002507216583e-07 6.0919498046188193e-06 
1.8072880411679003e-06 1.2001942328026815e-06 5.9816748965466463e-07 6.0264181115757289e-06 
1.7831557536922076e-06 1.1758210277237252e-06 5.7827585686007727e-07 5.9614020220580685e-06 
1.7605193878920405e-06 1.1509879430054874e-06 5.6106078759323664e-07 5.8973106038176332e-06 
1.7394024125477985e-06 1.1259173387001256e-06 5.4664099718081479e-07 5.8346010720565611e-06 
1.7198327397119582e-06 1.1008281460546520e-06 5.3508942736344547e-07 5.7737643239981529e-06 
1.7018406836451880e-06 1.0759321812646174e-06 5.2642583199610392e-07 5.7153104618846479e-06 
1.6854570668278376e-06 1.0514307870889056e-06 5.2061200656044758e-07 5.6597552232575136e-06 
1.6707114670012535e-06 1.0275118001409164e-06 5.1755067971813079e-07 5.6076072091339190e-06 
1.6576306624169696e-06 1.0043470882715729e-06 5.1708850728083061e-07 5.5593562547312211e-06 
1.6462372520148072e-06 9.8209061463246164e-07 5.1902287212142618e-07 5.5154627818503257e-06 
1.6365484453381506e-06 9.6087702425001455e-07 5.2311153600519881e-07 5.4763481690186188e-06 
1.6285750002469718e-06 9.4082069688157862e-07 5.2908376476659046e-07 5.4423860978443305e-06 
1.6223202844570306e-06 9.2201525359626628e-07 5.3665152758020106e-07 5.4138949106161761e-06 
1.6177794371039526e-06 9.0453352906783617e-07 5.4551963760963088e-07 5.3911310076560205e-06 
1.6149386030693692e-06 8.8842800477844708e-07 5.5539415592718374e-07 5.3742832949255725e-06 
1.6137742166174345e-06 8.7373164898025294e-07 5.6598882849723395e-07 5.3634686649793092e-06 
1.6142523205751288e-06 8.6045906354542993e-07 5.7702966400724094e-07 5.3587284865474546e-06 
1.6163279189904608e-06 8.4860780907995437e-07 5.8825795976651919e-07 5.3600260823370080e-06 
1.6199443775337119e-06 8.3815977394200679e-07 5.9943215908355356e-07 5.3672452024097601e-06 
1.6250329020765945e-06 8.2908246106027459e-07 6.1032891056373193e-07 5.3801895336516883e-06 
1.6315121359474907e-06 8.2133011906612116e-07 6.2074363751368106e-07 5.3985833003183856e-06 
1.6392879215408778e-06 8.1484466402562808e-07 6.3049085342363146e-07 5.4220730074421556e-06 
1.6482532762167490e-06 8.0955637851362277e-07 6.3940439151989020e-07 5.4502303807247218e-06 
1.6582885693809836e-06 8.0538443314350434e-07 6.4733765275366570e-07 5.4825563888794714e-06 
1.6692617620887494e-06 8.0223736986102641e-07 6.5416383101408701e-07 5.5184858008134785e-06 
1.6810304126259977e-06 8.0001303131673782e-07 6.5977635349197707e-07 5.5573968808736773e-06 
1.6934418161535430e-06 7.9859929440794086e-07 6.6408960091755955e-07 5.5986164425854821e-06 
1.7063345349101070e-06 7.9787466231114507e-07 6.6703906424652297e-07 5.6414283420915325e-06 
1.7195404177603073e-06 7.9770905617697994e-07 6.6858179942387645e-07 5.6850838420800722e-06 
1.7328868137497566e-06 7.9796483175835806e-07 6.6869713181615639e-07 5.7288125695818484e-06 
1.7461986642684454e-06 7.9849705767320715e-07 6.6738715585316615e-07 5.7718320001366472e-06 
1.7593010972246190e-06 7.9915608723505689e-07 6.6467690387926206e-07 5.8133595177139858e-06 
1.7720221950728686e-06 7.9979002996312971e-07 6.6061463793085567e-07 5.8526248833146764e-06 
1.7841954726335384e-06 8.0024615938602608e-07 6.5527189742497021e-07 5.8888805992193291e-06 
1.7956626708876517e-06 8.0037375319980075e-07 6.4874323575621646e-07 5.9214140898461058e-06 
1.8062763291687164e-06 8.0002643529499684e-07 6.4114564919354839e-07 5.9495585863457894e-06 
1.8159022481913400e-06 7.9906472321751884e-07 6.3261760126911623e-07 5.9727036432825348e-06 
1.8244217312345879e-06 7.9735861985622167e-07 6.2331755606751379e-07 5.9903048631733008e-06 
1.8317335877647659e-06 7.9479030104159860e-07 6.1342192862606889e-07 6.0018929167992300e-06 
1.8377558528449824e-06 7.9125675647267900e-07 6.0312234574211982e-07 6.0070817025850545e-06 
1.8424271742212148e-06 7.8667224776658593e-07 5.9262209976359667e-07 6.0055754537385140e-06 
1.8457078250038401e-06 7.8097050618941803e-07 5.8213168929348238e-07 5.9971746325823837e-06 
1.8475802982361858e-06 7.7410663830281711e-07 5.7186338716485870e-07 5.9817804439301171e-06 
1.8480494530551188e-06 7.6605875525514258e-07 5.6202485867080885e-07 5.9593978642984672e-06 
1.8471421883429622e-06 7.5682933427417239e-07 5.5281197204179360e-07 5.9301370838462132e-06 
1.8449066307234778e-06 7.4644630400132529e-07 5.4440109355012288e-07 5.8942132715435374e-06 
1.8414108311461565e-06 7.3496381920909071e-07 5.3694132236698906e-07 5.8519445588541750e-06 
1.8367409731413154e-06 7.2246267598206290e-07 5.3054726778828971e-07 5.8037481323390441e-06 
1.8309991067978924e-06 7.0905030446011873e-07 5.2529306102625347e-07 5.7501343288287051e-06 
1.8243004344911986e-06 6.9486026921943245e-07 5.2120827966484849e-07 5.6916986370947916e-06 
1.8167701896307538e-06 6.8005119502689324e-07 5.1827631797637725e-07 5.6291115328623837e-06 
1.8085401667105790e-06 6.6480500797894830e-07 5.1643548495579390e-07 5.5631061130863946e-06 
1.7997449834071382e-06 6.4932435933505535e-07 5.1558277143659705e-07 5.4944635633072821e-06 
1.7905181724234226e-06 6.3382907613642491e-07 5.1557990975090948e-07 5.4239965634459404e-06 
1.7809882179737532e-06 6.1855148011250340e-07 5.1626109388538971e-07 5.3525308326405357e-06 
1.7712746687369984e-06 6.0373043966090373e-07 5.1744160311440996e-07 5.2808851476459593e-06 
1.7614844670655473e-06 5.8960408265553576e-07 5.1892658493011057e-07 5.2098503088775732e-06 
1.7517086367508969e-06 5.7640123035183357e-07 5.2051937228909288e-07 5.1401676782704578e-06 
1.7420194690499364e-06 5.6433180150858939e-07 5.2202888821891600e-07 5.0725080784598042e-06 
1.7324683331067530e-06 5.5357668651211560e-07 5.2327588107898264e-07 5.0074519724982152e-06 
1.7230842135105503e-06 5.4427786147753152e-07 5.2409789687354156e-07 4.9454719236552107e-06 
1.7138730455090255e-06 5.3652972285751688e-07 5.2435301910413937e-07 4.8869183350321312e-06 
1.7048178818690403e-06 5.3037269647659017e-07 5.2392248435767004e-07 4.8320093876989732e-06 
1.6958798841551724e-06 5.2579005010898097e-07 5.2271231678570118e-07 4.7808259089346818e-06 
1.6870000889511136e-06 5.2270848370000746e-07 5.2065413417033537e-07 4.7333116142568814e-06 
1.6781018632158947e-06 5.2100256472657994e-07 5.1770526575495334e-07 4.6892788272121103e-06 
1.6690939325008955e-06 5.2050252075678769e-07 5.1384830201122821e-07 4.6484194069403918e-06 
1.6598738406381645e-06 5.2100445985675037e-07 5.0909017401062736e-07 4.6103202459326623e-06 
1.6503316874759063e-06 5.2228186442058471e-07 5.0346083499923475e-07 4.5744824070437783e-06 
1.6403539900337998e-06 5.2409721067934491e-07 4.9701159617812393e-07 4.5403427797443385e-06 
1.6298275181429117e-06 5.2621276634353822e-07 4.8981315172761455e-07 4.5072970464900616e-06 
1.6186429694853441e-06 5.2839992150820942e-07 4.8195331500053983e-07 4.4747227788655812e-06 
1.6066983667184891e-06 5.3044672754403584e-07 4.7353447878545389e-07 4.4420015957543531e-06 
1.5939020831955790e-06 5.3216357901137934e-07 4.6467080754117566e-07 4.4085395100284372e-06 
1.5801754254707318e-06 5.3338715698501699e-07 4.5548517157595002e-07 4.3737847989533564e-06 
1.5654547249400623e-06 5.3398284751506202e-07 4.4610584159673970e-07 4.3372429647279428e-06 
1.5496929163598538e-06 5.3384612291542302e-07 4.3666305919612108e-07 4.2984885840574785e-06 
1.5328606263800068e-06 5.3290227714332720e-07 4.2728508175610370e-07 4.2571741467868272e-06 
1.5149464852924926e-06 5.3110525822235017e-07 4.1809496230307284e-07 4.2130344589023201e-06 
1.4959574144010043e-06 5.2843778015440006e-07 4.0920616964320656e-07 4.1658904765231699e-06 
1.4759181716070800e-06 5.2490805676027956e-07 4.0072010619034145e-07 4.1156489673427683e-06 
1.4548701538972994e-06 5.2054818061930147e-07 3.9272280535946199e-07 4.0622988588970044e-06 
1.4328703911004798e-06 5.1541181695875030e-07 3.8528229077966298e-07 4.0059073123483282e-06 
1.4099899500002971e-06 5.0957088025199113e-07 3.7844739232173119e-07 3.9466131485739702e-06 
1.3863121447953072e-06 5.0311271653599013e-07 3.7224714832486349e-07 3.8846194957907418e-06 
1.3619304965190003e-06 4.9613687691940327e-07 3.6669144611575485e-07 3.8201850205271592e-06 
1.3369464790976811e-06 4.8875178366523542e-07 3.6177277191666269e-07 3.7536139988106246e-06 
1.3114672276481973e-06 4.8107137585742050e-07 3.5746894595046316e-07 3.6852460868739461e-06 
1.2856033035745783e-06 4.7321177161628133e-07 3.5374654482495626e-07 3.6154463287205473e-06 
1.2594665575194145e-06 4.6528808322086070e-07 3.5056474204761668e-07 3.5445955784241930e-06 
1.2331681717870604e-06 4.5741150567402750e-07 3.4787926773976269e-07 3.4730817136661506e-06 
1.2068169411616471e-06 4.4968676529579345e-07 3.4564617199426136e-07 3.4012919241981188e-06 
1.1805178507272836e-06 4.4221007948309027e-07 3.4382511246805832e-07 3.3296063458906720e-06 
1.1543710159949132e-06 4.3506772640242339e-07 3.4238193514501755e-07 3.2583933578460376e-06 
1.1284710241272745e-06 4.2833533879480030e-07 3.4129039249007865e-07 3.1880067227859020e-06 
1.1029067122833106e-06 4.2207797723741359e-07 3.4053291681077711e-07 3.1187847425915606e-06 
1.0777613888275436e-06 4.1635098509218685e-07 3.4010044104627044e-07 3.0510514440927780e-06 
1.0531134844136953e-06 4.1120155650195359e-07 3.3999132324471713e-07 2.9851197083731031e-06 
1.0290375912609013e-06 4.0667087754120708e-07 3.4020949050155738e-07 2.9212960944029699e-06 
1.0056058233018825e-06 4.0279662929018950e-07 3.4076196461423173e-07 2.8598869620896189e-06 
9.8288940129293611e-07 3.9961558696398046e-07 3.4165597246996554e-07 2.8012053320129887e-06 
9.6096034344586144e-07 3.9716601367040344e-07 3.4289587067164602e-07 2.7455777826089706e-06 
9.3989311819919029e-07 3.9548953959362258e-07 3.4448012948700240e-07 2.6933505494648657e-06 
9.1976609909425764e-07 3.9463224375273136e-07 3.4639861529539335e-07 2.6448939045487458e-06 
9.0066265019320551e-07 3.9464471250713116e-07 3.4863038466641533e-07 2.6006038566318643e-06 
8.8267166801925631e-07 3.9558093965656792e-07 3.5114215574982849e-07 2.5609002553650014e-06 
8.6588737944227063e-07 3.9749604537830175e-07 3.5388754592022357e-07 2.5262204883520742e-06 
8.5040837174156212e-07 4.0044293815604641e-07 3.5680723830159864e-07 2.4970084337036192e-06 
8.3633564699987673e-07 4.0446822033447189e-07 3.5982963934872482e-07 2.4736984461794141e-06 
8.2376972119997634e-07 4.0960755713909801e-07 3.6287244197268804e-07 2.4566953248063839e-06 
8.1280679221158803e-07 4.1588111209612829e-07 3.6584473108053500e-07 2.4463509025734341e-06 
8.0353409256374915e-07 4.2328947731369154e-07 3.6864940142024032e-07 2.4429390161485128e-06 
7.9602478736708312e-07 4.3181066356811481e-07 3.7118576344695611e-07 2.4466316887591208e-06 
7.9033277728556834e-07 4.4139818558045437e-07 3.7335226480598806e-07 2.4574788655413198e-06 
7.8648775849691650e-07 4.5198024234242724e-07 3.7504914913266717e-07 2.4753934129347626e-06 
7.8449109563924365e-07 4.6346051872137320e-07 3.7618093677070382e-07 2.5001437593780956e-06 
7.8431285942374942e-07 4.7572007876466994e-07 3.7665870289087282e-07 2.5313544281696669e-06 
7.8589033404999501e-07 4.8862012905675992e-07 3.7640210122074293e-07 2.5685141664595289e-06 
7.8912821531538939e-07 5.0200546969817385e-07 3.7534111600585495e-07 2.6109908881845851e-06 
7.9390045772467755e-07 5.1570825133941400e-07 3.7341752929163233e-07 2.6580515023137017e-06 
8.0005361092962219e-07 5.2955183497944268e-07 3.7058610764042626e-07 2.7088847718065587e-06 
8.0741132351252850e-07 5.4335456023175698e-07 3.6681551326307756e-07 2.7626252463489051e-06 
8.1577963258564748e-07 5.5693331264928797e-07 3.6208895844231506e-07 2.8183767314546762e-06 
8.2495263631327351e-07 5.7010681011041846e-07 3.5640462513619891e-07 2.8752341466267701e-06 
8.3471818717327831e-07 5.8269857445264484e-07 3.4977587363447650e-07 2.9323030885864691e-06 
8.4486331138594681e-07 5.9453957472503010e-07 3.4223126206174647e-07 2.9887167779501127e-06 
8.5517914189474750e-07 6.0547054544744775e-07 3.3381439616959263e-07 3.0436503380308737e-06 
8.6546519498139552e-07 6.1534398977109969e-07 3.2458363181062271e-07 3.0963324524495368e-06 
8.7553250293372590e-07 6.2402586809786619e-07 3.1461165694767423e-07 3.1460537156280472e-06 
8.8520804849151827e-07 6.3139713143783924e-07 3.0398469597962249e-07 3.1921769587698722e-06 
8.9433591885378996e-07 6.3735478035990769e-07 2.9280217626223603e-07 3.2341407382990406e-06 
9.0277896253484009e-07 6.4181283012708554e-07 2.8117590083046476e-07 3.2714629661962178e-06 
9.1041999760451578e-07 6.4470302147593468e-07 2.6922908574781283e-07 3.3037435602973940e-06 
9.1716243023104757e-07 6.4597526117147778e-07 2.5709523848643655e-07 3.3306656237212253e-06 
9.2293055151675093e-07 6.4559797680047851e-07 2.4491691341444986e-07 3.3519961950527021e-06 
9.2766928429082282e-07 6.4355812062478673e-07 2.3284413716989613e-07 3.3675851669571789e-06 
9.3134349734289186e-07 6.3986091272730874e-07 2.2103230060510270e-07 3.3773627361638136e-06 
9.3393721609562692e-07 6.3452959077811284e-07 2.0963939977035845e-07 3.3813369744465374e-06 
9.3545244567236666e-07 6.2760483444122877e-07 1.9882234087493940e-07 3.3795899171533646e-06 
9.3590781317256716e-07 6.1914405215890407e-07 1.8873207821471202e-07 3.3722731069985658e-06 
9.3533702161791615e-07 6.0922050386818577e-07 1.7950738839810138e-07 3.3596024305263561e-06 
9.3378713602506369e-07 5.9792226242078458e-07 1.7126736453265155e-07 3.3418522402389633e-06 
9.3131673671058687e-07 5.8535102767181545e-07 1.6410314936787052e-07 3.3193488315921310e-06 
9.2799397181803487e-07 5.7162078962675937e-07 1.5807000633693373e-07 3.2924633296819726e-06 
9.2389455829890291e-07 5.5685635578536999e-07 1.5318132936816774e-07 3.2616041360085504e-06 
9.1909977551418240e-07 5.4119175460383227e-07 1.4940630937494897e-07 3.2272090572766777e-06 
9.1369449969847977e-07 5.2476853639537639e-07 1.4667246220030798e-07 3.1897372622075070e-06 
9.0776532352963436e-07 5.0773398405176097e-07 1.4487311978316503e-07 3.1496611964349065e-06 
9.0139880432734537e-07 4.9023924271078900e-07 1.4387870519981825e-07 3.1074585982921339e-06 
8.9467988235454222e-07 4.7243737473184781e-07 1.4354972207873929e-07 3.0636047714430925e-06 
8.8769050776651502e-07 4.5448134706914213e-07 1.4374924145821706e-07 3.0185652860529144e-06 
8.8050850967041983e-07 4.3652196125124761e-07 1.4435319325587347e-07 2.9727892896578572e-06 
8.7320673235900202e-07 4.1870574092189655e-07 1.4525759700848709e-07 2.9267036042756392e-06 
8.6585245282394647e-07 4.0117279822268440e-07 1.4638261815074345e-07 2.8807077687245643e-06 
8.5850708057368501e-07 3.8405470861470174e-07 1.4767381121599121e-07 2.8351701546697679e-06 
8.5122612626892990e-07 3.6747243606601684e-07 1.4910110263864980e-07 2.7904252407344907e-06 
8.4405941220751284e-07 3.5153436603669122e-07 1.5065606826423778e-07 2.7467720793333970e-06 
8.3705148434512143e-07 3.3633452208701251e-07 1.5234798282178122e-07 2.7044739289131748e-06 
8.3024217467569936e-07 3.2195105921628248e-07 1.5419903869268843e-07 2.6637589606877137e-06 
8.2366725471791554e-07 3.0844514426215982e-07 1.5623908578598846e-07 2.6248218842495927e-06 
8.1735911641895386e-07 2.9586033782701217e-07 1.5850023780160012e-07 2.5878262798685012e-06 
8.1134741573698020e-07 2.8422258333818334e-07 1.6101170312624832e-07 2.5529073757332183e-06 
8.0565961815992376e-07 2.7354087826956734e-07 1.6379520405328482e-07 2.5201749824803902e-06 
8.0032139314534988e-07 2.6380864959089071e-07 1.6686131932329323e-07 2.4897162897539116e-06 
7.9535681630313730e-07 2.5500578516549336e-07 1.7020700734027308e-07 2.4615982495628116e-06 
7.9078835350438695e-07 2.4710119328571382e-07 1.7381444553745156e-07 2.4358693151844419e-06 
7.8663661838986435e-07 2.4005569090614709e-07 1.7765117691709571e-07 2.4125603724109645e-06 
7.8291991364819056e-07 2.3382496950314330e-07 1.8167141907921957e-07 2.3916847834266605e-06 
7.7965358565657209e-07 2.2836237419622283e-07 1.8581829098286354e-07 2.3732375614640468e-06 
7.7684923911555786e-07 2.2362125133152689e-07 1.9002666564278899e-07 2.3571937908398084e-06 
7.7451387310251067e-07 2.1955668304898730e-07 1.9422635925167693e-07 2.3435064964766300e-06 
7.7264901098659320e-07 2.1612650785348498e-07 1.9834540752209696e-07 2.3321042431273035e-06 
7.7124990166256716e-07 2.1329162614793459e-07 2.0231324022278257e-07 2.3228887920952656e-06 
7.7030486958909790e-07 2.1101567216153931e-07 2.0606362805415978e-07 2.3157331624302033e-06 
7.6979488420243833e-07 2.0926421913056236e-07 2.0953732945793871e-07 2.3104804302760782e-06 
7.6969340687072787e-07 2.0800372950807869e-07 2.1268440582664355e-07 2.3069435521970359e-06 
7.6996655663200406e-07 2.0720048134288624e-07 2.1546619770480093e-07 2.3049064263700297e-06 
7.7057361555414471e-07 2.0681969196449110e-07 2.1785696544638797e-07 2.3041263159058199e-06 
7.7146787312328541e-07 2.0682502127618430e-07 2.1984519762542456e-07 2.3043376611217261e-06 
7.7259778861868795e-07 2.0717857709731909e-07 2.2143458156656807e-07 2.3052572156885960e-06 
7.7390843105057877e-07 2.0784147729042700e-07 2.2264461571623912e-07 2.3065903566497711e-06 
7.7534314172329469e-07 2.0877495373211718e-07 2.2351082394365441e-07 2.3080383574267313e-06 
7.7684535339005751e-07 2.0994192588508535e-07 2.2408451068448828e-07 2.3093063691184209e-06 
7.7836049376448099e-07 2.1130892582978092e-07 2.2443197508566388e-07 2.3101118358819247e-06 
7.7983787704538964e-07 2.1284822312902338e-07 2.2463308933261703e-07 2.3101930146197721e-06 
7.8123259365179344e-07 2.1454001388379752e-07 2.2477914420124693e-07 2.3093175212032163e-06 
7.8250728328505578e-07 2.1637447474342600e-07 2.2496986347656195e-07 2.3072905864666028e-06 
7.8363353639213973e-07 2.1835348859973590e-07 2.2530963012802999e-07 2.3039622898698200e-06 
7.8459314202256716e-07 2.2049198868458399e-07 2.2590291314374063e-07 2.2992342044322671e-06 
7.8537915890734553e-07 2.2281871993003513e-07 2.2684905687802388e-07 2.2930653671280840e-06 
7.8599656959739542e-07 2.2537619045897091e-07 2.2823680507783496e-07 2.2854769826093196e-06 
7.8646246271912102e-07 2.2821973281979856e-07 2.3013903788130353e-07 2.2765555029884761e-06 
7.8680585375331974e-07 2.3141565496447441e-07 2.3260815928707549e-07 2.2664541274001015e-06 
7.8706709627603366e-07 2.3503842036896044e-07 2.3567265226798842e-07 2.2553926323516305e-06 
7.8729687031986478e-07 2.3916685805828346e-07 2.3933521268278677e-07 2.2436552685609626e-06 
7.8755472748971366e-07 2.4387960087566585e-07 2.4357262907801842e-07 2.2315863434365109e-06 
7.8790721207731718e-07 2.4925009674203047e-07 2.4833733548571440e-07 2.2195832546239159e-06 
7.8842562489864355e-07 2.5534155723466941e-07 2.5356036615057377e-07 2.2080869630721739e-06 
7.8918347547245315e-07 2.6220228939617769e-07 2.5915529515900998e-07 2.1975697744787614e-06 
7.9025369700343381e-07 2.6986186588510019e-07 2.6502269242555729e-07 2.1885204789992476e-06 
7.9170574552944881e-07 2.7832845144804382e-07 2.7105467242242030e-07 2.1814272578762552e-06 
7.9360269633316299e-07 2.8758747710042359e-07 2.7713920735449429e-07 2.1767588754603811e-06 
7.9599847670480877e-07 2.9760166664701689e-07 2.8316398933248983e-07 2.1749450383616710e-06 
7.9893537109423895e-07 3.0831227237823703e-07 2.8901973487649881e-07 2.1763570262792272e-06 
8.0244193168317336e-07 3.1964126238555626e-07 2.9460290721718440e-07 2.1812899018233688e-06 
8.0653140897656952e-07 3.3149415523877266e-07 2.9981788597843555e-07 2.1899476477215968e-06 
8.1120078803129126e-07 3.4376320305823190e-07 3.0457864092588455e-07 2.2024324417053367e-06 
8.1643047907316814e-07 3.5633067098508583e-07 3.0880997875895269e-07 2.2187389626904061e-06 
8.2218466810785928e-07 3.6907202631382258e-07 3.1244842794104977e-07 2.2387541501028332e-06 
8.2841229306032812e-07 3.8185891705597654e-07 3.1544282117370289e-07 2.2622623153226113e-06 
8.3504857244710948e-07 3.9456187380796660e-07 3.1775462432322390e-07 2.2889549992913318e-06 
8.4201698595741737e-07 4.0705271352119142e-07 3.1935805044674957e-07 2.3184445813720210e-06 
8.4923158948537390e-07 4.1920664793483598e-07 3.2023998749596163e-07 2.3502804315691155e-06 
8.5659953862778069e-07 4.3090411478702566e-07 3.2039976043885567e-07 2.3839663426086889e-06 
8.6402369995766710e-07 4.4203235541341255e-07 3.1984874215198814e-07 2.4189780975823315e-06 
8.7140523940024613e-07 4.5248676443930444e-07 3.1860982324616812e-07 2.4547802312739450e-06 
8.7864609298717175e-07 4.6217203262612133e-07 3.1671674508205154e-07 2.4908412967580930e-06 
8.8565124604080604e-07 4.7100310072586540e-07 3.1421329980884670e-07 2.5266472101676931e-06 
8.9233076509839878e-07 4.7890593882937784e-07 3.1115239806381477e-07 2.5617124609988347e-06 
8.9860154554410258e-07 4.8581816195678416e-07 3.0759500460444442e-07 2.5955891474068637e-06 
9.0438875562918819e-07 4.9168948916783267e-07 3.0360894136817375e-07 2.6278739239126681e-06 
9.0962696866236085e-07 4.9648205172860306e-07 2.9926755946605176e-07 2.6582130089549085e-06 
9.1426098863047809e-07 5.0017055469216357e-07 2.9464828358106696e-07 2.6863054514058033e-06 
9.1824638043314391e-07 5.0274229369976237e-07 2.8983103792046128e-07 2.7119048563364441e-06 
9.2154972292975486e-07 5.0419702973218110e-07 2.8489656943917844e-07 2.7348197723821802e-06 
9.2414860897371541e-07 5.0454672908248766e-07 2.7992469305232648e-07 2.7549129324230121e-06 
9.2603141835434760e-07 5.0381516938199557e-07 2.7499250335672674e-07 2.7720995281903314e-06 
9.2719688466282892e-07 5.0203739968285176e-07 2.7017260736406966e-07 2.7863446413914977e-06 
9.2765349478371659e-07 4.9925908383359069e-07 2.6553142279471569e-07 2.7976600275459312e-06 
9.2741874527939427e-07 4.9553572406173658e-07 2.6112765327512881e-07 2.8061003520915792e-06 
9.2651828491536943e-07 4.9093176257001892e-07 2.5701102214528007e-07 2.8117590083460755e-06 
9.2498497707392138e-07 4.8551958033830044e-07 2.5322132856819112e-07 2.8147636507266037e-06 
9.2285791080834258e-07 4.7937839010248260e-07 2.4978792134344401e-07 2.8152715487432054e-06 
9.2018139154472534e-07 4.7259304277163012e-07 2.4672962768490365e-07 2.8134648899656911e-06 
9.1700393958316425e-07 4.6525275826199339e-07 2.4405515454176415e-07 2.8095461354062553e-06 
9.1337732243051817e-07 4.5744979290609634e-07 2.4176393402022910e-07 2.8037335307551229e-06 
9.0935564503303880e-07 4.4927806257069752e-07 2.3984734305191535e-07 2.7962568692396336e-06 
9.0499451959380497e-07 4.4083174067543188e-07 2.3829019245884858e-07 2.7873535961997215e-06 
9.0035033117353219e-07 4.3220385513832278e-07 2.3707235822013327e-07 2.7772653248454931e-06 
8.9547961093567800e-07 4.2348486942859609e-07 2.3617038878958840e-07 2.7662348144117700e-06 
8.9043849153114329e-07 4.1476135998308396e-07 2.3555916025625261e-07 2.7545032889889225e-06 
8.8528240718408010e-07 4.0611513430260481e-07 2.3521288939092053e-07 2.7423088790780051e-06 
8.8006573058840238e-07 3.9762145022071773e-07 2.3510656735795917e-07 2.7298846923827347e-06 
8.7484149361288735e-07 3.8934866115879940e-07 2.3521614070280209e-07 2.7174574372841257e-06 
8.6966148161153877e-07 3.8135726684511585e-07 2.3551893029773692e-07 2.7052472895497810e-06 
8.6457602632655970e-07 3.7369920748949700e-07 2.3599381973162910e-07 2.6934669200112634e-06 
8.5963400460010325e-07 3.6641781453659450e-07 2.3662074561194775e-07 2.6823212406036119e-06 
8.5488279494658877e-07 3.5954764493499440e-07 2.3738020637429942e-07 2.6720067794837330e-06 
8.5036821800519692e-07 3.5311463819020438e-07 2.3825257239463140e-07 2.6627110470865738e-06 
8.4613447480501773e-07 3.4713653406320570e-07 2.3921730980549130e-07 2.6546119020982581e-06 
8.4222400925092220e-07 3.4162345676673105e-07 2.4025223093595567e-07 2.6478765440837264e-06 
8.3867726680530051e-07 3.3657863974161811e-07 2.4133284906338349e-07 2.6426599965852590e-06 
8.3553235560666399e-07 3.3199920910974932e-07 2.4243189528492857e-07 2.6391031140555657e-06 
8.3282461268560860e-07 3.2787695586588289e-07 2.4351903291018051e-07 2.6373301532063463e-06 
8.3058609127931079e-07 3.2419906512845885e-07 2.4456079512575182e-07 2.6374459983089342e-06 
8.2884499409736661e-07 3.2094874628443925e-07 2.4552075673387526e-07 2.6395331836075514e-06 
8.2762507543255435e-07 3.1810574314393165e-07 2.4635993974457212e-07 2.6436488442109583e-06 
8.2694505127150309e-07 3.1564670528516900e-07 2.4703743676883199e-07 2.6498218013751202e-06 
8.2681805527212990e-07 3.1354542293931043e-07 2.4751122672427243e-07 2.6580499768095647e-06 
8.2725118596945267e-07 3.1177294812943298e-07 2.4773914915487251e-07 2.6682983538343814e-06 
8.2824518724798497e-07 3.1029763028975827e-07 2.4767999982274211e-07 2.6804976773654815e-06 
8.2979430023609270e-07 3.0908511181108997e-07 2.4729471032924936e-07 2.6945440546924072e-06 
8.3188631640362004e-07 3.0809833267101780e-07 2.4654757822957933e-07 2.7102995688888817e-06 
8.3450285105000965e-07 3.0729759320446963e-07 2.4540751946417302e-07 2.7275939602844498e-06 
8.3761984428168655e-07 3.0664071973887141e-07 2.4384932171811096e-07 2.7462273717837549e-06 
8.4120828400088978e-07 3.0608336625159291e-07 2.4185488355069438e-07 2.7659740976747823e-06 
8.4523513270205303e-07 3.0557947651798687e-07 2.3941442965764816e-07 2.7865872254637881e-06 
8.4966442906769331e-07 3.0508191574402155e-07 2.3652769717593930e-07 2.8078040240339463e-06 
8.5445852553833511e-07 3.0454327088073539e-07 2.3320509062249029e-07 2.8293519020605796e-06 
8.5957941672535716e-07 3.0391680744156446e-07 2.2946880238281379e-07 2.8509547506575736e-06 
8.6499010863108210e-07 3.0315756328767920e-07 2.2535389118237612e-07 2.8723394790857712e-06 
8.7065597729519771e-07 3.0222355445685949e-07 2.2090929957236225e-07 2.8932425613713513e-06 
8.7654606572620181e-07 3.0107706496631873e-07 2.1619877078411492e-07 2.9134164236452518e-06 
8.8263427011732332e-07 2.9968599165792550e-07 2.1130159226284848e-07 2.9326355191121339e-06 
8.8890037031716327e-07 2.9802521527519929e-07 2.0631304408132726e-07 2.9507019553029883e-06 
8.9533086406745672e-07 2.9607796934633005e-07 2.0134436392992735e-07 2.9674505547612009e-06 
9.0191957050360920e-07 2.9383717825232113e-07 1.9652195997307407e-07 2.9827532459095357e-06 
9.0866797461611266e-07 2.9130673425804233e-07 1.9198552285216387e-07 2.9965226924410075e-06 
9.1558529192089991e-07 2.8850267814874719e-07 1.8788464061428659e-07 3.0087150810120627e-06 
9.2268824020251762e-07 2.8545423977640223e-07 1.8437355769082050e-07 3.0193319928422113e-06 
9.3000051432770323e-07 2.8220468082425751e-07 1.8160390937449100e-07 3.0284212935922240e-06 
9.3755196949959440e-07 2.7881186302312524e-07 1.7971565473725402e-07 3.0360769800819258e-06 
9.4537752904581622e-07 2.7534844093921967e-07 1.7882700045076604e-07 3.0424379327078619e-06 
9.5351584362862184e-07 2.7190155069975642e-07 1.7902470237249209e-07 3.0476855308291617e-06 
9.6200774019193171e-07 2.6857184018973462e-07 1.8035647997991560e-07 3.0520401060740986e-06 
9.7089450958288909e-07 2.6547167105713018e-07 1.8282711338156085e-07 3.0557562288151808e-06 
9.8021609174476153e-07 2.6272233044949719e-07 1.8639905067612316e-07 3.0591168553126643e-06 
9.9000922488381731e-07 2.6045014070806429e-07 1.9099728319030598e-07 3.0624264003877672e-06 
1.0003056302054888e-06 2.5878145748732715e-07 1.9651729359983050e-07 3.0660028515516635e-06 
1.0111303046240983e-06 2.5783671421425405e-07 2.0283441469985626e-07 3.0701690935643495e-06 
1.0224999914039774e-06 2.5772388193029931e-07 2.0981303371739314e-07 3.0752436744452518e-06 
1.0344218910176586e-06 2.5853192902209844e-07 2.1731455310064525e-07 3.0815313015329010e-06 
1.0468926636127333e-06 2.6032501446552324e-07 2.2520359295582325e-07 3.0893134077601446e-06 
1.0598977595790584e-06 2.6313816340018481e-07 2.3335238639186670e-07 3.0988391636352825e-06 
1.0734110986022334e-06 2.6697501021794881e-07 2.4164359873859893e-07 3.1103173247968211e-06 
1.0873950997338055e-06 2.7180788352598072e-07 2.4997191185031023e-07 3.1239092887017898e-06 
1.1018010488843157e-06 2.7758012245865865e-07 2.5824471440285783e-07 3.1397236908938137e-06 
1.1165697748726763e-06 2.8421017687646240e-07 2.6638218389656469e-07 3.1578127931158298e-06 
1.1316325934138489e-06 2.9159684200466257e-07 2.7431697528126880e-07 3.1781708167858182e-06 
1.1469124707679092e-06 2.9962493575843837e-07 2.8199366561871554e-07 3.2007342646856896e-06 
1.1623253526397167e-06 3.0817083161274446e-07 2.8936805261985170e-07 3.2253841498868054e-06 
1.1777816043451530e-06 3.1710743300458225e-07 2.9640636694939618e-07 3.2519499515964156e-06 
1.1931875089403013e-06 3.2630836505063654e-07 3.0308443357707198e-07 3.2802150251904538e-06 
1.2084467750864716e-06 3.3565131682235202e-07 3.0938680143531880e-07 3.3099231374852976e-06 
1.2234620115993414e-06 3.4502057457904540e-07 3.1530585218543618e-07 3.3407857661974735e-06 
1.2381361335670857e-06 3.5430884632947554e-07 3.2084089423546941e-07 3.3724898082093834e-06 
1.2523736708646149e-06 3.6341849906623074e-07 3.2599724723384605e-07 3.4047053589464665e-06 
1.2660819586063979e-06 3.7226232793631360e-07 3.3078532214061682e-07 3.4370932774798731e-06 
1.2791721940637554e-06 3.8076396090375445e-07 3.3521970407792644e-07 3.4693122978114851e-06 
1.2915603522055425e-06 3.8885798318772303e-07 3.3931824627124424e-07 3.5010255138621331e-06 
1.3031679559627201e-06 3.9648984569154718e-07 3.4310118612341620e-07 3.5319061171070955e-06 
1.3139227023577020e-06 4.0361560596226421e-07 3.4659029495769705e-07 3.5616423214996880e-06 
1.3237589513485257e-06 4.1020164990136329e-07 3.4980812889656830e-07 3.5899414672633992e-06 
1.3326181199301357e-06 4.1622414333556703e-07 3.5277706868663510e-07 3.6165335242342293e-06 
1.3404487505899167e-06 4.2166774351085040e-07 3.5551905805349089e-07 3.6411727071816904e-06 
1.3472067933997366e-06 4.2652634842662994e-07 3.5805437379936457e-07 3.6636401258418306e-06 
1.3528557180807287e-06 4.3080112566744325e-07 3.6040187542864917e-07 3.6837451649439597e-06 
1.3573661380905765e-06 4.3450012910825396e-07 3.6257838169650975e-07 3.7013250086910312e-06 
1.3607159017474688e-06 4.3763787736136053e-07 3.6459807848766920e-07 3.7162454838216923e-06 
1.3628898648359434e-06 4.4023401056136807e-07 3.6647261537395418e-07 3.7284005312024702e-06 
1.3638796476750901e-06 4.4231264812796510e-07 3.6821092154435053e-07 3.7377117434337632e-06 
1.3636833866826300e-06 4.4390151045695857e-07 3.6981922412699560e-07 3.7441276820092912e-06 
1.3623054143344090e-06 4.4503104203946769e-07 3.7130115811194966e-07 3.7476227602782777e-06 
1.3597559316558146e-06 4.4573362589182313e-07 3.7265792486463465e-07 3.7481960125617293e-06 
1.3560506964495849e-06 4.4604278087160189e-07 3.7388850429774288e-07 3.7458698841702558e-06 
1.3512107188289393e-06 4.4599242108570018e-07 3.7498988165875456e-07 3.7406890139864151e-06 
1.3452619815976287e-06 4.4561623072223993e-07 3.7595728654651883e-07 3.7327190830069725e-06 
1.3382351826084707e-06 4.4494711846715270e-07 3.7678443729751515e-07 3.7220457179259212e-06 
1.3301654968612413e-06 4.4401678375851409e-07 3.7746378202369871e-07 3.7087734215390077e-06 
1.3210923674146636e-06 4.4285536997918133e-07 3.7798672119624020e-07 3.6930245652006067e-06 
1.3110593202088752e-06 4.4149121887216880e-07 3.7834380246631632e-07 3.6749384034321848e-06 
1.3001138092901760e-06 4.3995072259446847e-07 3.7852487858018828e-07 3.6546701301202979e-06 
1.2883070857493378e-06 4.3825826745830477e-07 3.7851922756454908e-07 3.6323899330011379e-06 
1.2756940900484476e-06 4.3643626343411027e-07 3.7831563741839792e-07 3.6082820330687750e-06 
1.2623333610159873e-06 4.3450524110070426e-07 3.7790246177798096e-07 3.5825436635349311e-06 
1.2482869573602723e-06 4.3248400368042022e-07 3.7726765455905874e-07 3.5553839541459500e-06 
1.2336203842664922e-06 4.3038980954093639e-07 3.7639879225575087e-07 3.5270226758143405e-06 
1.2184025182698752e-06 4.2823856817199837e-07 3.7528309318046048e-07 3.4976888037188863e-06 
1.2027055228059627e-06 4.2604502598301391e-07 3.7390744303469456e-07 3.4676188623472086e-06 
1.1866047463870662e-06 4.2382292455623967e-07 3.7225843673276187e-07 3.4370550192893982e-06 
1.1701785960812331e-06 4.2158511398720426e-07 3.7032244578417339e-07 3.4062429099603467e-06 
1.1535083775818647e-06 4.1934360830295489e-07 3.6808571978099968e-07 3.3754291791815403e-06 
1.1366780956495969e-06 4.1710957592723416e-07 3.6553452907478373e-07 3.3448587530241927e-06 
1.1197742071603334e-06 4.1489325994957337e-07 3.6265535399016396e-07 3.3147718630860637e-06 
1.1028853209518596e-06 4.1270383253686956e-07 3.5943512377387718e-07 3.2854008714557590e-06 
1.0861018394324585e-06 4.1054918967893609e-07 3.5586150731863333e-07 3.2569669667443206e-06 
1.0695155374878719e-06 4.0843569925516157e-07 3.5192325495275244e-07 3.2296768206363402e-06 
1.0532190758309067e-06 4.0636792096364861e-07 3.4761059006232585e-07 3.2037193134676621e-06 
1.0373054485819339e-06 4.0434831753952380e-07 3.4291564722659200e-07 3.1792624591670756e-06 
1.0218673641894248e-06 4.0237698146666421e-07 3.3783295351441181e-07 3.1564506552410940e-06 
1.0069965640287005e-06 4.0045140158378534e-07 3.3235994833928282e-07 3.1354023999756748e-06 
9.9278308296646892e-07 3.9856629185162614e-07 3.2649753768630842e-07 3.1162085985358059e-06 
9.7931446019280209e-07 3.9671350514885494e-07 3.2025067881643356e-07 3.0989315665706101e-06 
9.6667491180831225e-07 3.9488204818560961e-07 3.1362899194096507e-07 3.0836048149684897e-06 
9.5494447834076680e-07 3.9305821053199658e-07 3.0664739636456821e-07 3.0702336572039743e-06 
9.4419816516845390e-07 3.9122581447678696e-07 2.9932676937341813e-07 3.0587966483844949e-06 
9.3450509519269371e-07 3.8936658592106294e-07 2.9169462619333213e-07 3.0492478170673041e-06 
9.2592769525019033e-07 3.8746064063944396e-07 2.8378581911758242e-07 3.0415196101393888e-06 
9.1852093939563184e-07 3.8548707497204100e-07 2.7564325122200044e-07 3.0355264357449721e-06 
9.1233167122775958e-07 3.8342464380985110e-07 2.6731859541068294e-07 3.0311686576133289e-06 
9.0739802622709263e-07 3.8125250778134961e-07 2.5887299914012377e-07 3.0283368737185009e-06 
9.0374897171371960e-07 3.7895102511942058e-07 2.5037774005498578e-07 3.0269163023872324e-06 
9.0140397748404289e-07 3.7650256634500706e-07 2.4191477152807006e-07 3.0267910972049817e-06 
9.0037282477199957e-07 3.7389232607099278e-07 2.3357706083089399e-07 3.0278484222739730e-06 
9.0065555431652175e-07 3.7110910888610032e-07 2.2546857199484395e-07 3.0299821325960035e-06 
9.0224254861888281e-07 3.6814606556286932e-07 2.1770368411563031e-07 3.0330959287379430e-06 
9.0511473728234172e-07 3.6500135816475040e-07 2.1040577188194778e-07 3.0371058788955951e-06 
9.0924390979653639e-07 3.6167873258634860e-07 2.0370463038748321e-07 3.0419422294859341e-06 
9.1459311733161892e-07 3.5818797821981323e-07 1.9773243755126644e-07 3.0475504550481176e-06 
9.2111714366950055e-07 3.5454525528720203e-07 1.9261806585914968e-07 3.0538915270773540e-06 
9.2876302599344802e-07 3.5077326992835061e-07 1.8847982808382682e-07 3.0609414098641908e-06 
9.3747060805554622e-07 3.4690127761708096e-07 1.8541717301282375e-07 3.0686898180729923e-06 
9.4717311133938968e-07 3.4296489493325673e-07 1.8350235250948378e-07 3.0771382965633931e-06 
9.5779771339182476e-07 3.3900570064846511e-07 1.8277346875871290e-07 3.0862977064974941e-06 
9.6926612623878528e-07 3.3507060876057045e-07 1.8323034253671878e-07 3.0961852223530349e-06 
9.8149517126361486e-07 3.3121099996276897e-07 1.8483418387062133e-07 3.1068209625835367e-06 
9.9439734996351668e-07 3.2748160482438505e-07 1.8751119596255007e-07 3.1182243912602798e-06 
1.0078814117277226e-06 3.2393914249831720e-07 1.9115932956993327e-07 3.1304106359943937e-06 
1.0218529216626003e-06 3.2064073425450133e-07 1.9565679803118105e-07 3.1433868734693054e-06 
1.0362148311826646e-06 3.1764212963530967e-07 2.0087085254656881e-07 3.1571489282371763e-06 
1.0508680544969705e-06 3.1499580728609738e-07 2.0666563168826469e-07 3.1716782239095397e-06 
1.0657120528705804e-06 3.1274903314894622e-07 2.1290841290520593e-07 3.1869392081655177e-06 
1.0806454274581947e-06 3.1094198278905682e-07 2.1947408011334309e-07 3.2028773512271412e-06 
1.0955665204820721e-06 3.0960604455700974e-07 2.2624795706432914e-07 3.2194177929389189e-06 
1.1103740226319876e-06 3.0876242521436660e-07 2.3312732138781453e-07 3.2364646810628333e-06 
1.1249675835804671e-06 3.0842116525842795e-07 2.4002194932284918e-07 3.2539012133607081e-06 
1.1392484212389573e-06 3.0858064441226537e-07 2.4685400300640657e-07 3.2715903662583482e-06 
1.1531199246552332e-06 3.0922761828279345e-07 2.5355750451608876e-07 3.2893762644795054e-06 
1.1664882441975813e-06 3.1033778010490265e-07 2.6007757179753929e-07 3.3070861197475784e-06 
1.1792628630165129e-06 3.1187679728343823e-07 2.6636953334915934e-07 3.3245326528588943e-06 
1.1913571430407772e-06 3.1380173193922348e-07 2.7239799512012924e-07 3.3415168957834590e-06 
1.2026888391617916e-06 3.1606273338612357e-07 2.7813590254056768e-07 3.3578312675547124e-06 
1.2131805753983802e-06 3.1860487744358810e-07 2.8356362167905386e-07 3.3732628145742866e-06 
1.2227602777554060e-06 3.2137003606404606e-07 2.8866805091713252e-07 3.3875965130473097e-06 
1.2313615582421293e-06 3.2429867490943473e-07 2.9344176902358396e-07 3.4006185345630781e-06 
1.2389240469619026e-06 3.2733149945758879e-07 2.9788222140219763e-07 3.4121193959618860e-06 
1.2453936674237263e-06 3.3041089734074661e-07 3.0199094695865014e-07 3.4218969131533845e-06 
1.2507228548804336e-06 3.3348214549539674e-07 3.0577284617783914e-07 3.4297589135554013e-06 
1.2548707142421978e-06 3.3649437285307869e-07 3.0923549357107077e-07 3.4355256522370886e-06 
1.2578031192030417e-06 3.3940128412345090e-07 3.1238849692386392e-07 3.4390319127861128e-06 
1.2594927522474017e-06 3.4216165997217055e-07 3.1524290748229661e-07 3.4401287704507451e-06 
1.2599190878924003e-06 3.4473965707337828e-07 3.1781068465477299e-07 3.4386850166575746e-06 
1.2590683215929596e-06 3.4710493238046632e-07 3.2010421966436009e-07 3.4345882474677044e-06 
1.2569332487560899e-06 3.4923262012176891e-07 3.2213592122371641e-07 3.4277456343644134e-06 
1.2535130975176482e-06 3.5110318497353951e-07 3.2391786637398595e-07 3.4180843952583927e-06 
1.2488133212338984e-06 3.5270217958187722e-07 3.2546151735431859e-07 3.4055519943875038e-06 
1.2428453564035968e-06 3.5401992704944130e-07 3.2677750456740028e-07 3.3901161030429598e-06 
1.2356263523333938e-06 3.5505115085522358e-07 3.2787547400623299e-07 3.3717643540737331e-06 
1.2271788793712973e-06 3.5579457116959341e-07 3.2876399512909976e-07 3.3505039275128766e-06 
1.2175306228945641e-06 3.5625248468158278e-07 3.2945052456642911e-07 3.3263610042637635e-06 
1.2067140703806977e-06 3.5643034325624790e-07 3.2994141838884541e-07 3.2993801268710550e-06 
1.1947661978830808e-06 3.5633634557001506e-07 3.3024198557999737e-07 3.2696234981198839e-06 
1.1817281640076423e-06 3.5598105261365911e-07 3.3035657327679614e-07 3.2371702588868863e-06 
1.1676450163482966e-06 3.5537703795856812e-07 3.3028867477952223e-07 3.2021157673741632e-06 
1.1525654177125540e-06 3.5453857914633916e-07 3.3004105071255763e-07 3.1645709135745217e-06 
1.1365413964796568e-06 3.5348139557929985e-07 3.2961585440954319e-07 3.1246614875224555e-06 
1.1196281258087421e-06 3.5222243518302694e-07 3.2901475384420199e-07 3.0825276181367981e-06 
1.1018837360068917e-06 3.5077970925747364e-07 3.2823904250912016e-07 3.0383232993833232e-06 
1.0833691613901820e-06 3.4917217341035246e-07 3.2728973410919150e-07 2.9922160004016240e-06 
1.0641480242202015e-06 3.4741964778092124e-07 3.2616763631949528e-07 2.9443863647062487e-06 
1.0442865544358519e-06 3.4554276887346190e-07 3.2487340199704780e-07 2.8950279791234434e-06 
1.0238535437904634e-06 3.4356295237181607e-07 3.2340755724129860e-07 2.8443471956414994e-06 
1.0029203352915622e-06 3.4150239744219476e-07 3.2177050308944427e-07 2.7925629852937388e-06 
9.8156084128583698e-07 3.3938405957597649e-07 3.1996250601988622e-07 2.7399067893085811e-06 
9.5985157839975340e-07 3.3723157882495664e-07 3.1798367354960535e-07 2.6866222775850982e-06 
9.3787172364589224e-07 3.3506920770244678e-07 3.1583389997638012e-07 2.6329650254683047e-06 
9.1570317516250365e-07 3.3292168297076742e-07 3.1351282805453870e-07 2.5792019975601329e-06 
8.9343060466027652e-07 3.3081402888636443e-07 3.1101981320689886e-07 2.5256107664373404e-06 
8.7114149211843126e-07 3.2877129409617867e-07 3.0835388424484952e-07 2.4724783976319217e-06 
8.4892612100280032e-07 3.2681820048226911e-07 3.0551372772390401e-07 2.4200998880238841e-06 
8.2687751823009136e-07 3.2497872068719709e-07 3.0249769045269686e-07 2.3687760949178656e-06 
8.0509131424858084e-07 3.2327558497834687e-07 2.9930380971503455e-07 2.3188110586018620e-06 
7.8366549703104958e-07 3.2172972663706271e-07 2.9592987454628066e-07 2.2705086492918664e-06 
7.6270003227253076e-07 3.2035968631829186e-07 2.9237351932388192e-07 2.2241684997546797e-06 
7.4229631914531344e-07 3.1918099946790164e-07 2.8863235199381319e-07 2.1800812204633153e-06 
7.2255645165092721e-07 3.1820559660998649e-07 2.8470411648038283e-07 2.1385229526026599e-06 
7.0358225597083500e-07 3.1744125040707127e-07 2.8058688832002926e-07 2.0997493719081803e-06 
6.8547407793944787e-07 3.1689099897726606e-07 2.7627927726521767e-07 2.0639893204116909e-06 
6.6832929319047228e-07 3.1655299175355107e-07 2.7178076785578581e-07 2.0314382839361059e-06 
6.5224068128722427e-07 3.1642028481515613e-07 2.6709184858187222e-07 2.0022526577308539e-06 
6.3729435584096478e-07 3.1648040433505423e-07 2.6221451404781070e-07 1.9765437093547447e-06 
6.2356767140991650e-07 3.1671587494557984e-07 2.5715231214923928e-07 1.9543732908078032e-06 
6.1112711649549137e-07 3.1710424509683968e-07 2.5191076420663067e-07 1.9357511726321679e-06 
6.0002606367733992e-07 3.1761849620360767e-07 2.4649774155125810e-07 1.9206336158056702e-06 
5.9030279884647928e-07 3.1822771461928541e-07 2.4092367968020104e-07 1.9089241149133019e-06 
5.8197882080375923e-07 3.1889766865518622e-07 2.3520188638614400e-07 1.9004756952450016e-06 
5.7505768811266358e-07 3.1959159306890208e-07 2.2934880808850625e-07 1.8950954039865814e-06 
5.6952454454637479e-07 3.2027105935086939e-07 2.2338427502963755e-07 1.8925506239083666e-06 
5.6534633782493647e-07 3.2089685305122521e-07 2.1733171200970903e-07 1.8925764768623747e-06 
5.6247273878604680e-07 3.2142984449765404e-07 2.1121830665967601e-07 1.8948838206696645e-06 
5.6083772651385830e-07 3.2183181386361868e-07 2.0507512753646449e-07 1.8991674580067096e-06 
5.6036173192395979e-07 3.2206622208025545e-07 1.9893717763910326e-07 1.9051141646233816e-06 
5.6095418951843790e-07 3.2209892208331926e-07 1.9284336381573280e-07 1.9124102196819284e-06 
5.6251631390107588e-07 3.2189880037257383e-07 1.8683635932772115e-07 1.9207481728701704e-06 
5.6494391590916031e-07 3.2143834087026548e-07 1.8096232979364057e-07 1.9298326647228486e-06 
5.6813009536528001e-07 3.2069410219898784e-07 1.7527048508799327e-07 1.9393852103109589e-06 
5.7196768165103075e-07 3.1964710404271768e-07 1.6981241433628963e-07 1.9491479251312031e-06 
5.7635133544536375e-07 3.1828312055032377e-07 1.6464115957361425e-07 1.9588862301792515e-06 
5.8117926588369148e-07 3.1659288113621251e-07 1.5980999015282996e-07 1.9683906100734345e-06 
5.8635455312238134e-07 3.1457218117323604e-07 1.5537085866951206e-07 1.9774775206505851e-06 
5.9178609444334684e-07 3.1222190572417394e-07 1.5137255435113776e-07 1.9859895544342583e-06 
5.9738921110767888e-07 3.0954797007018294e-07 1.4785862122548639e-07 1.9937949752889813e-06 
6.0308596421753173e-07 3.0656118028379374e-07 1.4486517209376153e-07 2.0007867303652943e-06 
6.0880523193383352e-07 3.0327701719628795e-07 1.4241879360513767e-07 2.0068810405571906e-06 
6.1448259971718733e-07 2.9971534660245832e-07 1.4053478302287994e-07 2.0120156619117263e-06 
6.2006011123144375e-07 2.9590005960871986e-07 1.3921596309364801e-07 2.0161479010964369e-06 
6.2548592261591646e-07 2.9185864662385467e-07 1.3845227264000656e-07 2.0192524623474072e-06 
6.3071389597740017e-07 2.8762170948023691e-07 1.3822122959553104e-07 2.0213191939399665e-06 
6.3570316170677555e-07 2.8322241663065213e-07 1.3848923142544441e-07 2.0223507952779935e-06 
6.4041767394477556e-07 2.7869590702908187e-07 1.3921353036887049e-07 2.0223605435739263e-06 
6.4482577666490092e-07 2.7407864967793965e-07 1.4034463273443981e-07 2.0213700867084392e-06 
6.4889979463793369e-07 2.6940776786707282e-07 1.4182884065814931e-07 2.0194073500206188e-06 
6.5261565841426195e-07 2.6472033851218278e-07 1.4361068187514902e-07 2.0165045947550575e-06 
6.5595256892197296e-07 2.6005268036715769e-07 1.4563503783044301e-07 2.0126966593179881e-06 
6.5889270517910444e-07 2.5543964693297260e-07 1.4784886091690158e-07 2.0080194119538454e-06 
6.6142097490461127e-07 2.5091394204907616e-07 1.5020244511238034e-07 2.0025084299964829e-06 
6.6352480700672298e-07 2.4650547987208317e-07 1.5265026992578581e-07 1.9961979194029478e-06 
6.6519398242256058e-07 2.4224081027779748e-07 1.5515147166310530e-07 1.9891198763422481e-06 
6.6642049894216238e-07 2.3814263326879771e-07 1.5767001124325356e-07 1.9813034862540766e-06 
6.6719846503154465e-07 2.3422942259008028e-07 1.6017460983178331e-07 1.9727747508930909e-06 
6.6752401592986085e-07 2.3051517699630059e-07 1.6263851717409256e-07 1.9635563207230316e-06 
6.6739524676311090e-07 2.2700931285528208e-07 1.6503916801044378e-07 1.9536675126367497e-06 
6.6681215580911812e-07 2.2371670252216158e-07 1.6735777113020593e-07 1.9431244823621173e-06 
6.6577659179453241e-07 2.2063785913363619e-07 1.6957886632050210e-07 1.9319405181836688e-06 
6.6429220038963559e-07 2.1776925585010119e-07 1.7168987564854681e-07 1.9201264263991545e-06 
6.6236436420784898e-07 2.1510376222653452e-07 1.7368066937306375e-07 1.9076909713670273e-06 
6.6000013408674093e-07 2.1263123065967390e-07 1.7554318125963248e-07 1.8946413478234698e-06 
6.5720815721462976e-07 2.1033902332760520e-07 1.7727096489001971e-07 1.8809837059077808e-06 
6.5399852108870133e-07 2.0821244571304918e-07 1.7885901553092642e-07 1.8667232908164574e-06 
6.5038270397716473e-07 2.0623580298404369e-07 1.8030329745775737e-07 1.8518651394889378e-06 
6.4637345443118871e-07 2.0439260043836382e-07 1.8160078134606083e-07 1.8364144089846835e-06 
6.4198455542375834e-07 2.0266623498303335e-07 1.8274920042204579e-07 1.8203763345634989e-06 
6.3723074326443177e-07 2.0104058711130796e-07 1.8374685312838889e-07 1.8037566506540044e-06 
6.3212753064348804e-07 1.9950027925804879e-07 1.8459261643506116e-07 1.7865616482848516e-06 
6.2669102308513170e-07 1.9803101012018767e-07 1.8528592226701286e-07 1.7687982052100985e-06 
6.2093775111064664e-07 1.9661975696344149e-07 1.8582681323479271e-07 1.7504738089371866e-06 
6.1488450369905739e-07 1.9525494736576066e-07 1.8621600544215535e-07 1.7315965524009179e-06 
6.0854817265863823e-07 1.9392657315068822e-07 1.8645496580875351e-07 1.7121751247699020e-06 
6.0194561729917447e-07 1.9262620779429636e-07 1.8654600765106222e-07 1.6922188367358887e-06 
5.9509354815656199e-07 1.9134697913938639e-07 1.8649238970183197e-07 1.6717376760144736e-06 
5.8800844201013723e-07 1.9008353979653921e-07 1.8629840982047459e-07 1.6507424511587694e-06 
5.8070648804223871e-07 1.8883200146639999e-07 1.8596949001863620e-07 1.6292450295165939e-06 
5.7320357091206221e-07 1.8758990837761008e-07 1.8551222959233783e-07 1.6072586887306471e-06 
5.6551529234504450e-07 1.8635620486570889e-07 1.8493443597863063e-07 1.5847985968673389e-06 
5.5765702736638796e-07 1.8513120266963572e-07 1.8424512116981116e-07 1.5618823987872584e-06 
5.4964401912555136e-07 1.8391657434008482e-07 1.8345443998575400e-07 1.5385309361597847e-06 
5.4149150732306019e-07 1.8271535770839978e-07 1.8257358729439905e-07 1.5147690770997557e-06 
5.3321488561853854e-07 1.8153197808585861e-07 1.8161464416744738e-07 1.4906266455246807e-06 
5.2482988393643751e-07 1.8037227949712449e-07 1.8059037104057296e-07 1.4661394332538590e-06 
5.1635276621279057e-07 1.7924355098694045e-07 1.7951395368943642e-07 1.4413502529342031e-06 
5.0780053641143955e-07 1.7815454046467171e-07 1.7839870432873205e-07 1.4163100040992182e-06 
4.9919114190198132e-07 1.7711544178430147e-07 1.7725772653635561e-07 1.3910787020599591e-06 
4.9054366367537198e-07 1.7613784214877458e-07 1.7610355383651726e-07 1.3657264206763463e-06 
4.8187848161959366e-07 1.7523461423519926e-07 1.7494777473298985e-07 1.3403340897713868e-06 
4.7321740331309535e-07 1.7441974111345110e-07 1.7380065907132114e-07 1.3149940839327274e-06 
4.6458374418221148e-07 1.7370806257689391e-07 1.7267080274123974e-07 1.2898105318120917e-06 
4.5600234757205153e-07 1.7311493682843094e-07 1.7156480770168321e-07 1.2648992723916573e-06 
4.4749953363656602e-07 1.7265581813139798e-07 1.7048701472166104e-07 1.2403873791978297e-06 
4.3910296806762830e-07 1.7234575449826073e-07 1.6943930393928616e-07 1.2164121793173343e-06 
4.3084144191725039e-07 1.7219882084069153e-07 1.6842097616567185e-07 1.1931196903394526e-06 
4.2274455847067006e-07 1.7222750761050536e-07 1.6742872327966832e-07 1.1706624225637095e-06 
4.1484232432946118e-07 1.7244209332122157e-07 1.6645669214568185e-07 1.1491965030890351e-06 
4.0716464770215169e-07 1.7285003435870406e-07 1.6549664068929411e-07 1.1288781232978626e-06 
3.9974074998838906e-07 1.7345540842956449e-07 1.6453818039931550e-07 1.1098593463168975e-06 
3.9259850451020493e-07 1.7425844755160602e-07 1.6356909470220516e-07 1.0922833798609163e-06 
3.8576372036448434e-07 1.7525519154496839e-07 1.6257571943654442e-07 1.0762794793831276e-06 
3.7925939693600524e-07 1.7643728704080885e-07 1.6154336905541964e-07 1.0619577204788124e-06 
3.7310498000172253e-07 1.7779194522777750e-07 1.6045679104023941e-07 1.0494039407335377e-06 
3.6731565523407348e-07 1.7930206183193565e-07 1.5930063119409010e-07 1.0386751938754530e-06 
3.6190171719997157e-07 1.8094649024743351e-07 1.5805989344942481e-07 1.0297960647180057e-06 
3.5686805343030420e-07 1.8270045089981504e-07 1.5672037960547698e-07 1.0227561669563332e-06 
3.5221377871843201e-07 1.8453605065528444e-07 1.5526909696131560e-07 1.0175090636158287e-06 
3.4793204973116634e-07 1.8642288446315968e-07 1.5369462385047848e-07 1.0139727405692694e-06 
3.4401008036018302e-07 1.8832868885916034e-07 1.5198742621076060e-07 1.0120316304363240e-06 
3.4042936631370576e-07 1.9022001868063513e-07 1.5014012029361905e-07 1.0115400456766166e-06 
3.3716611495755326e-07 1.9206292253883519e-07 1.4814767880456383e-07 1.0123267700916663e-06 
3.3419186371170920e-07 1.9382359505362128e-07 1.4600757954332939e-07 1.0142004802100945e-06 
3.3147425820916566e-07 1.9546899093518695e-07 1.4371989699099944e-07 1.0169556318264137e-06 
3.2897795452963405e-07 1.9696738867192114e-07 1.4128733791562130e-07 1.0203784665740753e-06 
3.2666560237099581e-07 1.9828889649155670e-07 1.3871522352416545e-07 1.0242528267954447e-06 
3.2449886720224891e-07 1.9940589646650816e-07 1.3601142025186324e-07 1.0283655466663082e-06 
3.2243944838161569e-07 2.0029342465432171e-07 1.3318622218156900e-07 1.0325112478472006e-06 
3.2045005731378434e-07 2.0092948785793130e-07 1.3025218776763535e-07 1.0364964498949656e-06 
3.1849532408216747e-07 2.0129531763137247e-07 1.2722393384219858e-07 1.0401429576460211e-06 
3.1654260915074083e-07 2.0137556442141268e-07 1.2411788949275506e-07 1.0432905364019008e-06 
3.1456270388832553e-07 2.0115843364503265e-07 1.2095201269572594e-07 1.0457989174599188e-06 
3.1253041006934739e-07 2.0063576707565251e-07 1.1774547266639967e-07 1.0475491921080719e-06 
3.1042499439071502e-07 1.9980307181084029e-07 1.1451830109926088e-07 1.0484446635160740e-06 
3.0823051848396596e-07 1.9865950041084157e-07 1.1129101611341827e-07 1.0484112225942237e-06 
3.0593604835209392e-07 1.9720778443006175e-07 1.0808422365913468e-07 1.0473973145332652e-06 
3.0353574904199109e-07 1.9545412465027418e-07 1.0491820249970957e-07 1.0453735522474782e-06 
3.0102887177651282e-07 1.9340804082602324e-07 1.0181248072980801e-07 1.0423320269691521e-06 
2.9841964138074323e-07 1.9108218393483817e-07 9.8785413817287834e-08 1.0382853598739426e-06 
2.9571705123149675e-07 1.8849211394859464e-07 9.5853777101000067e-08 1.0332655272329024e-06 
2.9293457384277680e-07 1.8565604665215990e-07 9.3032387538889465e-08 1.0273224923969755e-06 
2.9008979322540178e-07 1.8259457238910987e-07 9.0333772141443412e-08 1.0205226650204213e-06 
2.8720396622190100e-07 1.7933035104554796e-07 8.7767901131804594e-08 1.0129472104200005e-06 
2.8430151914901949e-07 1.7588778647115994e-07 8.5342003903015031e-08 1.0046902264708019e-06 
2.8140948624755080e-07 1.7229268481923514e-07 8.3060483164640146e-08 9.9585680303475013e-07 
2.7855689795148031e-07 1.6857190132993100e-07 8.0924938094048231e-08 9.8656098158369382e-07 
2.7577412700275045e-07 1.6475297981736699e-07 7.8934300709854268e-08 9.7692363024996840e-07 
2.7309220308847848e-07 1.6086379039239496e-07 7.7085081302307999e-08 9.6707025322807549e-07 
2.7054210828230736e-07 1.5693217058861032e-07 7.5371709917707694e-08 9.5712875606823299e-07 
2.6815406829910122e-07 1.5298557561565905e-07 7.3786953050240660e-08 9.4722719266218778e-07 
2.6595685664825497e-07 1.4905074369174809e-07 7.2322378103693282e-08 9.3749152390324171e-07 
2.6397713105926868e-07 1.4515338236082340e-07 7.0968835194283645e-08 9.2804342346510179e-07 
2.6223882285518549e-07 1.4131788193222960e-07 6.9716925238858203e-08 9.1899817152344068e-07 
2.6076259978098552e-07 1.3756706152355386e-07 6.8557426447992265e-08 9.1046267989255275e-07 
2.5956542197841432e-07 1.3392195292831691e-07 6.7481656430574089e-08 9.0253369681245630e-07 
2.5866020740621744e-07 1.3040162637913179e-07 6.6481754130533382e-08 8.9529623822044735e-07 
2.5805561844695050e-07 1.2702306079540951e-07 6.5550873211575269e-08 8.8882228958393046e-07 
2.5775597555794543e-07 1.2380105951623510e-07 6.4683285778814302e-08 8.8316981631948458e-07 
2.5776129648627266e-07 1.2074821057182213e-07 6.3874401664975953e-08 8.7838210904492179e-07 
2.5806745313234313e-07 1.1787488792837939e-07 6.3120713919738713e-08 8.7448747803401012e-07 
2.5866643144117118e-07 1.1518928783662102e-07 6.2419684994563843e-08 8.7149929458458606e-07 
2.5954667500321775e-07 1.1269749252939243e-07 6.1769590769609528e-08 8.6941636251182331e-07 
2.6069348974113857e-07 1.1040355214775006e-07 6.1169340835296577e-08 8.6822358618076161e-07 
2.6208948622267340e-07 1.0830957473105839e-07 6.0618293642128939e-08 8.6789289154050266e-07 
2.6371503655019192e-07 1.0641581517137692e-07 6.0116084070912176e-08 8.6838434462085184e-07 
2.6554872598188062e-07 1.0472075514914682e-07 5.9662478757165354e-08 8.6964741133389090e-07 
2.6756778264344737e-07 1.0322116842367880e-07 5.9257271561325329e-08 8.7162230050632892e-07 
2.6974847347099628e-07 1.0191217003855863e-07 5.8900227198580642e-08 8.7424133845998744e-07 
2.7206645906479134e-07 1.0078725079042422e-07 5.8591076895342468e-08 8.7743033200672288e-07 
2.7449710392238913e-07 9.9838302577196210e-08 5.8329564785417058e-08 8.8110988499667538e-07 
2.7701574266367598e-07 9.9055643269034299e-08 5.8115539095996829e-08 8.8519664705181388e-07 
2.7959790495134019e-07 9.8428050911067165e-08 5.7949078032090038e-08 8.8960448058920022e-07 
2.8221950420454098e-07 9.7942818584139524e-08 5.7830636076269798e-08 8.9424554375841285e-07 
2.8485699572280077e-07 9.7585839508945129e-08 5.7761194866380059e-08 8.9903129137477618e-07 
2.8748751068092641e-07 9.7341730784057317e-08 5.7742400367849836e-08 9.0387340299756247e-07 
2.9008897167454549e-07 9.7193999764942339e-08 5.7776668752361063e-08 9.0868464830523889e-07 
2.9264019496089685e-07 9.7125255409516028e-08 5.7867244009721036e-08 9.1337969980862536e-07 
2.9512098394621418e-07 9.7117461896983182e-08 5.8018193102786782e-08 9.1787590523855326e-07 
2.9751221638201695e-07 9.7152229515450801e-08 5.8234328136498766e-08 9.2209402428461139e-07 
2.9979592792801853e-07 9.7211136259178675e-08 5.8521049797800644e-08 9.2595893776476606e-07 
3.0195539212164092e-07 9.7276069867789466e-08 5.8884112888226829e-08 9.2940032809677624e-07 
3.0397519690882436e-07 9.7329583005476513e-08 5.9329321080688499e-08 9.3235333039880235e-07 
3.0584131687643484e-07 9.7355250262823108e-08 5.9862165603909504e-08 9.3475915049319645e-07 
3.0754117881849646e-07 9.7338019765096483e-08 6.0487428960219890e-08 9.3656563958834542e-07 
3.0906371925535871e-07 9.7264550436401539e-08 6.1208779919137879e-08 9.3772781986775365e-07 
3.1039943056906063e-07 9.7123528827996727e-08 6.2028389070748307e-08 9.3820834590158246e-07 
3.1154039403236412e-07 9.6905958510217510e-08 6.2946593595053927e-08 9.3797789334431034e-07 
3.1248029660143926e-07 9.6605416773095677e-08 6.3961636740850833e-08 9.3701545987745218e-07 
3.1321442970320925e-07 9.6218273515798019e-08 6.5069500683546283e-08 9.3530856833023096e-07 
3.1373966788807949e-07 9.5743866090064302e-08 6.6263843247625321e-08 9.3285335869017409e-07 
3.1405442616925772e-07 9.5184625051967514e-08 6.7536039772504212e-08 9.2965455946719318e-07 
3.1415859544086677e-07 9.4546142710947870e-08 6.8875322766773786e-08 9.2572533097492070e-07 
3.1405345557259350e-07 9.3837177582490478e-08 7.0269005586514078e-08 9.2108697099225380e-07 
3.1374156741043915e-07 9.3069584392170748e-08 7.1702771951565091e-08 9.1576848254605768e-07 
3.1322664464067207e-07 9.2258159088190277e-08 7.3161011462125098e-08 9.0980599938469527e-07 
3.1251340800941579e-07 9.1420387866211581e-08 7.4627181930774309e-08 9.0324207315542825e-07 
3.1160742492428611e-07 9.0576088064084493e-08 7.6084180989416234e-08 8.9612482846912935e-07 
3.1051493766510129e-07 8.9746931947198700e-08 7.7514713230585325e-08 8.8850699467925510e-07 
3.0924268466797604e-07 8.8955848789660994e-08 7.8901641322488798e-08 8.8044482930814726e-07 
3.0779771984767894e-07 8.8226306472497342e-08 8.0228313765808714e-08 8.7199695459365918e-07 
3.0618723405801476e-07 8.7581487339594171e-08 8.1478863817947468e-08 8.6322312626143543e-07 
3.0441838493639507e-07 8.7043384404977368e-08 8.2638476505438107e-08 8.5418296924191744e-07 
3.0249813928420988e-07 8.6631861610118960e-08 8.3693622307094561e-08 8.4493470759876956e-07 
3.0043313351959551e-07 8.6363734359475614e-08 8.4632256918725447e-08 8.3553392860206977e-07 
2.9822955632306617e-07 8.6251939404533473e-08 8.5443987198662935e-08 8.2603241780468095e-07 
2.9589305728751994e-07 8.6304862545808834e-08 8.6120203910505032e-08 8.1647710444931825e-07 
2.9342868487510774e-07 8.6525887166777257e-08 8.6654181770745214e-08 8.0690915707399323e-07 
2.9084085520280802e-07 8.6913206473608545e-08 8.7041147561353744e-08 7.9736326156349355e-07 
2.8813335319601313e-07 8.7459916968440539e-08 8.7278316950290926e-08 7.8786711451225698e-07 
2.8530936545719242e-07 8.8154379085324919e-08 8.7364900619074434e-08 7.7844115242088519e-07 
2.8237154363308332e-07 8.8980806943800472e-08 8.7302080251816697e-08 7.6909852876278327e-07 
2.7932209619079356e-07 8.9920025803340273e-08 8.7092954869479734e-08 7.5984534514999860e-07 
2.7616290441979054e-07 9.0950330081486379e-08 8.6742458363264350e-08 7.5068112237792936e-07 
2.7289565924390038e-07 9.2048374302555191e-08 8.6257248464884268e-08 7.4159949782288298e-07 
2.6952201305196890e-07 9.3190038518063093e-08 8.5645568516028227e-08 7.3258911423235330e-07 
2.6604374170597055e-07 9.4351225401244276e-08 8.4917082676266379e-08 7.2363466681741487e-07 
2.6246291042676707e-07 9.5508558909264375e-08 8.4082686540037408e-08 7.1471806095112005e-07 
2.5878203843490629e-07 9.6639971658850732e-08 8.3154294661741630e-08 7.0581963711753912e-07 
2.5500425629927927e-07 9.7725175724259051e-08 8.2144608088404901e-08 6.9691941307706513e-07 
2.5113345097103414e-07 9.8746022775618901e-08 8.1066865119832749e-08 6.8799829778775206e-07 
2.4717439412719323e-07 9.9686761581683959e-08 7.9934579657429720e-08 6.7903923684161586e-07 
2.4313284921581017e-07 1.0053420503605326e-07 7.8761272820542409e-08 6.7002824972163080e-07 
2.3901565486279379e-07 1.0127781849728618e-07 7.7560204306774700e-08 6.6095533406970083e-07 
2.3483078154786802e-07 1.0190974101316856e-07 7.6344111220950825e-08 6.5181520988595407e-07 
2.3058736061104775e-07 1.0242474984392645e-07 7.5124963062727916e-08 6.4260789311098603e-07 
2.2629568461481756e-07 1.0282017772191625e-07 7.3913742206091824e-08 6.3333908735285990e-07 
2.2196717985706381e-07 1.0309579034214602e-07 7.2720259142047669e-08 6.2402039672758993e-07 
2.1761435145848806e-07 1.0325363122394908e-07 7.1553011354054259e-08 6.1466936092334558e-07 
2.1325070356248289e-07 1.0329783980666941e-07 7.0419093441339513e-08 6.0530932513958012e-07 
2.0889063684330793e-07 1.0323444828478037e-07 6.9324163580276625e-08 5.9596915817516422e-07 
2.0454932673082763e-07 1.0307116110694731e-07 6.8272468772941924e-08 5.8668283693363267e-07 
2.0024258556642012e-07 1.0281712322622524e-07 6.7266927751617812e-08 5.7748891544292126e-07 
1.9598671325869737e-07 1.0248267970746555e-07 6.6309266691267361e-08 5.6842990274356393e-07 
1.9179834043134827e-07 1.0207913244566685e-07 6.5400198855350606e-08 5.5955157183837139e-07 
1.8769426784081816e-07 1.0161849694472205e-07 6.4539636762810354e-08 5.5090221993204974e-07 
1.8369130702567611e-07 1.0111326401406087e-07 6.3726922546231729e-08 5.4253190693058937e-07 
1.7980612484238018e-07 1.0057616995605491e-07 6.2961060988054586e-08 5.3449168779867017e-07 
1.7605509592556227e-07 1.0001997872943038e-07 6.2240939929463373e-08 5.2683286190990509e-07 
1.7245416456963710e-07 9.9457279523071136e-08 6.1565522999994243e-08 5.1960625083800991e-07 
1.6901871762172014e-07 9.8900302104370224e-08 6.0934002402510720e-08 5.1286151773176145e-07 
1.6576346861935849e-07 9.8360752116618031e-08 6.0345901282893468e-08 5.0664653559714148e-07 
1.6270235143901583e-07 9.7849666934738523e-08 5.9801119711261615e-08 5.0100680352685572e-07 
1.5984842166965174e-07 9.7377292626104639e-08 5.9299920727942943e-08 4.9598491160179668e-07 
1.5721376211820599e-07 9.6952980816545123e-08 5.8842857951121137e-08 4.9162004535279744e-07 
1.5480938816366016e-07 9.6585103758057514e-08 5.8430649451198502e-08 4.8794751989502205e-07 
1.5264514902931646e-07 9.6280985216282622e-08 5.8064006735635070e-08 4.8499833319633176e-07 
1.5072962085406208e-07 9.6046844034780817e-08 5.7743430763980474e-08 4.8279872680267975e-07 
1.4906998904529033e-07 9.5887747281968917e-08 5.7468989917245179e-08 4.8136974669370146e-07 
1.4767191831794284e-07 9.5807570023105731e-08 5.7240096550042105e-08 4.8072679844968865e-07 
1.4653941250989925e-07 9.5808959031979231e-08 5.7055299211793948e-08 4.8087920246297409e-07 
1.4567466712347985e-07 9.5893299295677903e-08 5.6912107045636208e-08 4.8182975461247441e-07 
1.4507792184737676e-07 9.6060682137666293e-08 5.6806860613646342e-08 4.8357431142439157e-07 
1.4474732123066922e-07 9.6309876108403853e-08 5.6734659863094080e-08 4.8610141899863803e-07 
1.4467879398850655e-07 9.6638302159788218e-08 5.6689355625088844e-08 4.8939201136853393e-07 
1.4486596155656919e-07 9.7042015746139244e-08 5.6663606188167036e-08 4.9341920382299214e-07 
1.4530008572045774e-07 9.7515699437828767e-08 5.6648995906167899e-08 4.9814820414933021e-07 
1.4597006395634191e-07 9.8052669540959023e-08 5.6636208297641937e-08 5.0353636259697845e-07 
1.4686247727565233e-07 9.8644900408694656e-08 5.6615243795109162e-08 5.0953337035287602e-07 
1.4796169357010337e-07 9.9283069457874157e-08 5.6575669761082311e-08 5.1608161481549222e-07 
1.4925002476607528e-07 9.9956625155366518e-08 5.6506890425443198e-08 5.2311668638839551e-07 
1.5070793380919582e-07 1.0065387921070487e-07 5.6398424723814657e-08 5.3056802819656047e-07 
1.5231428483121540e-07 1.0136212317013788e-07 5.6240181338173676e-08 5.3835971313669024e-07 
1.5404662792545094e-07 1.0206776823891007e-07 5.6022722118530259e-08 5.4641132778967990e-07 
1.5588150942155108e-07 1.0275650652266121e-07 5.5737507316230987e-08 5.5463894117070781e-07 
1.5779479839571709e-07 1.0341349061843561e-07 5.5377117586095423e-08 5.6295613583073462e-07 
1.5976202024903631e-07 1.0402352819540040e-07 5.4935450062306592e-08 5.7127507653541646e-07 
1.6175868985322343e-07 1.0457128772343706e-07 5.4407886863306293e-08 5.7950759692300168e-07 
1.6376063720627572e-07 1.0504151115475276e-07 5.3791435640981441e-08 5.8756628314925057e-07 
1.6574432022623038e-07 1.0541922957922864e-07 5.3084842800093939e-08 5.9536553774081986e-07 
1.6768712010708423e-07 1.0568997803390772e-07 5.2288680062042156e-08 6.0282260773885776e-07 
1.6956761596421530e-07 1.0584000581322155e-07 5.1405405540376556e-08 6.0985856490544510e-07 
1.7136583614237418e-07 1.0585647903663154e-07 5.0439400195213838e-08 6.1639922639469881e-07 
1.7306348421575594e-07 1.0572767267670148e-07 4.9396980005033396e-08 6.2237600659683716e-07 
1.7464413829535008e-07 1.0544314962272402e-07 4.8286383487364897e-08 6.2772669261758262e-07 
1.7609342258231806e-07 1.0499392479798700e-07 4.7117732860838882e-08 6.3239613675905167e-07 
1.7739915023991989e-07 1.0437261277697227e-07 4.5902965408134094e-08 6.3633686037664330e-07 
1.7855143705903136e-07 1.0357355766098546e-07 4.4655729616666848e-08 6.3950956527462846e-07 
1.7954278530638290e-07 1.0259294458930331e-07 4.3391237578216017e-08 6.4188354856707509e-07 
1.8036813745800928e-07 1.0142889236670376e-07 4.2126062758441814e-08 6.4343701917846241e-07 
1.8102489942796414e-07 1.0008152716378166e-07 4.0877868964537581e-08 6.4415731337031546e-07 
1.8151293315549028e-07 9.8553037675571956e-08 3.9665055300957562e-08 6.4404100859700247e-07 
1.8183451844597207e-07 9.6847712101126796e-08 3.8506302406306357e-08 6.4309393507516544e-07 
1.8199428402322475e-07 9.4971957870986670e-08 3.7420010764053765e-08 6.4133108456123662e-07 
1.8199910809337165e-07 9.2934305073222847e-08 3.6423633250295259e-08 6.3877641725991410e-07 
1.8185798872733364e-07 9.0745394682445786e-08 3.5532923054407007e-08 6.3546256741557982e-07 
1.8158188497858153e-07 8.8417952855768665e-08 3.4761143027619533e-08 6.3143044964355406e-07 
1.8118352962374490e-07 8.5966752357370789e-08 3.4118309609832889e-08 6.2672876736338902e-07 
1.8067721530887859e-07 8.3408561711054988e-08 3.3610564604769152e-08 6.2141342679148462e-07 
1.8007855594389062e-07 8.0762082277171109e-08 3.3239772303539007e-08 6.1554685842105268e-07 
1.7940422621981043e-07 7.8047872097199040e-08 3.3003419542264781e-08 6.0919725063830921e-07 
1.7867168243272191e-07 7.5288253544579819e-08 3.2894853610245940e-08 6.0243769875915815e-07 
1.7789886894048738e-07 7.2507199600520309e-08 3.2903836964762806e-08 5.9534527551535396e-07 
1.7710391513163681e-07 6.9730189772647414e-08 3.3017345207446612e-08 5.8800002932943295e-07 
1.7630482893507760e-07 6.6984022248299503e-08 3.3220501668663948e-08 5.8048391958141887e-07 
1.7551919321387660e-07 6.4296563591428539e-08 3.3497535189083046e-08 5.7287969903071405e-07 
1.7476387265355964e-07 6.1696411241447569e-08 3.3832664835069541e-08 5.6526975830642211e-07 
1.7405473836439027e-07 5.9212439874252661e-08 3.4210846295884396e-08 5.5773494854812985e-07 
1.7340641817106171e-07 5.6873200808952119e-08 3.4618348459728440e-08 5.5035340417836821e-07 
1.7283207960155300e-07 5.4706150731780299e-08 3.5043156442642499e-08 5.4319938925361548e-07 
1.7234325223238779e-07 5.2736701748071711e-08 3.5475216073546012e-08 5.3634219670218112e-07 
1.7194969436371269e-07 5.0987119124951515e-08 3.5906544177940147e-08 5.2984513008025024e-07 
1.7165930777170942e-07 4.9475337524011787e-08 3.6331231595466670e-08 5.2376460171412785e-07 
1.7147810149455701e-07 4.8213821354462374e-08 3.6745363867222013e-08 5.1814937654205548e-07 
1.7141020445470195e-07 4.7208637589125414e-08 3.7146881189962518e-08 5.1303999330350791e-07 
1.7145792343548257e-07 4.6458919681329530e-08 3.7535394705637325e-08 5.0846838412351727e-07 
1.7162184162705752e-07 4.5956864005711373e-08 3.7911972929130398e-08 5.0445770875823213e-07 
1.7190095104061148e-07 4.5688312486563696e-08 3.8278909174264286e-08 5.0102240868048797e-07 
1.7229281105976156e-07 4.5633860976288480e-08 3.8639479027465212e-08 4.9816847520641848e-07 
1.7279372453472709e-07 4.5770333493786713e-08 3.8997695728137230e-08 4.9589391400169082e-07 
1.7339892310141366e-07 4.6072407050666630e-08 3.9358070792940897e-08 4.9418937890627356e-07 
1.7410275389076564e-07 4.6514175811658649e-08 3.9725386758860362e-08 4.9303893949338112e-07 
1.7489886083612608e-07 4.7070493877211539e-08 4.0104488554964932e-08 4.9242094274451760e-07 
1.7578035475681220e-07 4.7718007925503035e-08 4.0500099474955481e-08 4.9230892587658096e-07 
1.7673996853401970e-07 4.8435856536797249e-08 4.0916666814331117e-08 4.9267254276918044e-07 
1.7777019441251198e-07 4.9206065066406002e-08 4.1358240727054710e-08 4.9347846681840285e-07 
1.7886340280554793e-07 5.0013686629426603e-08 4.1828388281576139e-08 4.9469124486975567e-07 
1.8001194227165780e-07 5.0846753000553889e-08 4.2330142485575760e-08 4.9627407962500540e-07 
1.8120822237129028e-07 5.1696091094672311e-08 4.2865983969665536e-08 4.9818953247032403e-07 
1.8244478081166470e-07 5.2555055327568794e-08 4.3437851072330721e-08 5.0040013900729389e-07 
1.8371433757382195e-07 5.3419212608793415e-08 4.4047172238092490e-08 5.0286894196207831e-07 
1.8500983858289005e-07 5.4286008743500914e-08 4.4694913683977569e-08 5.0555994741796454e-07 
1.8632449137388630e-07 5.5154436181809831e-08 4.5381634702527497e-08 5.0843851429634075e-07 
1.8765179489808252e-07 5.6024716505717986e-08 4.6107543215245136e-08 5.1147168755538827e-07 
1.8898556547451525e-07 5.6898008382221732e-08 4.6872544766201704e-08 5.1462848568553003e-07 
1.9031996048038826e-07 5.7776145088020855e-08 4.7676279802456914e-08 5.1788015356585269e-07 
1.9164949996946844e-07 5.8661406557817282e-08 4.8518145280241639e-08 5.2120038379130294e-07 
1.9296908741143621e-07 5.9556326936487586e-08 4.9397298785486724e-08 5.2456551564192421e-07 
1.9427402847284561e-07 6.0463536270740664e-08 5.0312644945083497e-08 5.2795470883291375e-07 
1.9556004769475169e-07 6.1385636267968767e-08 5.1262805796271501e-08 5.3135009319466048e-07 
1.9682330188488115e-07 6.2325105592957468e-08 5.2246077867667899e-08 5.3473688952306288e-07 
1.9806038900366723e-07 6.3284231149647842e-08 5.3260380347503549e-08 5.3810349562530064e-07 
1.9926835079604970e-07 6.4265060720069875e-08 5.4303198728758068e-08 5.4144152947122941e-07 
2.0044466835770745e-07 6.5269371099329750e-08 5.5371529381226468e-08 5.4474582327625296e-07 
2.0158724840302147e-07 6.6298647099212936e-08 5.6461829513597258e-08 5.4801435621042063e-07 
2.0269440030657958e-07 6.7354065743342952e-08 5.7569977560332658e-08 5.5124812335616357e-07 
2.0376480180177795e-07 6.8436481116028892e-08 5.8691247208765896e-08 5.5445092885813185e-07 
2.0479745403101280e-07 6.9546407125795444e-08 5.9820298261860604e-08 5.5762910321746848e-07 
2.0579162564924396e-07 7.0683994167154915e-08 6.0951185884806934e-08 5.6079114172019881e-07 
2.0674678629309662e-07 7.1848999324470933e-08 6.2077389087257313e-08 5.6394726398868538e-07 
2.0766253131149757e-07 7.3040750015286554e-08 6.3191858003279489e-08 5.6710890347450896e-07 
2.0853849878910735e-07 7.4258100759860864e-08 6.4287078936693824e-08 5.7028813243567829e-07 
2.0937428154285465e-07 7.5499386593525122e-08 6.5355155166426805e-08 5.7349703867571518e-07 
2.1016933622821869e-07 7.6762374997254680e-08 6.6387901211540546e-08 5.7674706725342757e-07 
2.1092289347082543e-07 7.8044219574870562e-08 6.7376947659635512e-08 5.8004835248322278e-07 
2.1163387096612023e-07 7.9341419163289721e-08 6.8313853656375752e-08 5.8340905578119829e-07 
2.1230079406403181e-07 8.0649786343174223e-08 6.9190224060934774e-08 5.8683474031145874e-07 
2.1292172619155464e-07 8.1964427495647277e-08 6.9997828441301360e-08 5.9032780010781303e-07 
2.1349421310291540e-07 8.3279738095253624e-08 7.0728718983435845e-08 5.9388697323150036e-07 
2.1401524258620904e-07 8.4589414436425504e-08 7.1375345039253925e-08 5.9750695253659549e-07 
2.1448122314755585e-07 8.5886483761237573e-08 7.1930661965273451e-08 6.0117811819824890e-07 
2.1488798219995571e-07 8.7163352190919841e-08 7.2388232301704421e-08 6.0488639831056328e-07 
2.1523078595922330e-07 8.8411871289412265e-08 7.2742317757045797e-08 6.0861326959760117e-07 
2.1550438047101112e-07 8.9623420456590803e-08 7.2987960557791715e-08 6.1233589697499499e-07 
2.1570305384352723e-07 9.0789005365659397e-08 7.3121053092967058e-08 6.1602740722612329e-07 
2.1582071911491055e-07 9.1899368223828515e-08 7.3138395004528787e-08 6.1965729181050777e-07 
2.1585101512665315e-07 9.2945108509836209e-08 7.3037737219313236e-08 6.2319191931900980e-07 
2.1578742421372110e-07 9.3916811123812919e-08 7.2817812391629287e-08 6.2659514498984982e-07 
2.1562340360386880e-07 9.4805178470752528e-08 7.2478351761307295e-08 6.2982899587432131e-07 
2.1535252761266109e-07 9.5601164308710220e-08 7.2020088336961427e-08 6.3285440989437755e-07 
2.1496863768604373e-07 9.6296106312188053e-08 7.1444746580348734e-08 6.3563200940913975e-07 
2.1446599705102966e-07 9.6881854432907654e-08 7.0755019212905401e-08 6.3812288744819233e-07 
2.1383944655009029e-07 9.7350893400305486e-08 6.9954531223016760e-08 6.4028938771000003e-07 
2.1308455882208864e-07 9.7696456726534904e-08 6.9047792205643635e-08 6.4209586054022965e-07 
2.1219778798535417e-07 9.7912630758318772e-08 6.8040137577992784e-08 6.4350938121953665e-07 
2.1117661184265967e-07 9.7994446764966639e-08 6.6937659866073408e-08 6.4450041558857731e-07 
2.1001966469918231e-07 9.7937960864430528e-08 6.5747130911373168e-08 6.4504342514303395e-07 
2.0872685847016393e-07 9.7740319375178970e-08 6.4475916638474471e-08 6.4511740208585885e-07 
2.0729949026463653e-07 9.7399810392515277e-08 6.3131885415310953e-08 6.4470632822950255e-07 
2.0574033548500361e-07 9.6915900171748504e-08 6.1723311749072905e-08 6.4379955690942144e-07 
2.0405372441642423e-07 9.6289254490294663e-08 6.0258777044721098e-08 6.4239211108979169e-07 
2.0224560224789299e-07 9.5521745553283709e-08 5.8747068923355246e-08 6.4048490183240386e-07 
2.0032357098462590e-07 9.4616443598702896e-08 5.7197081566766674e-08 6.3808486390324927e-07 
1.9829691290123121e-07 9.3577594776036898e-08 5.5617718487327831e-08 6.3520501277602304e-07 
1.9617659430322833e-07 9.2410585327824670e-08 5.4017800549069319e-08 6.3186442157961400e-07 
1.9397524931776194e-07 9.1121892982315073e-08 5.2405980853712186e-08 6.2808812385787219e-07 
1.9170714198159670e-07 8.9719026714991905e-08 5.0790669196824065e-08 6.2390694080373903e-07 
1.8938810600979942e-07 8.8210455754971216e-08 4.9179967872583035e-08 6.1935723865914955e-07 
1.8703546023282861e-07 8.6605529034635707e-08 4.7581621277512502e-08 6.1448061576334640e-07 
1.8466789827046386e-07 8.4914386771143281e-08 4.6002980869410180e-08 6.0932352277866058e-07 
1.8230535033203079e-07 8.3147864822381345e-08 4.4450986992677160e-08 6.0393681788787379e-07 
1.7996881471251075e-07 8.1317393881642590e-08 4.2932168823000019e-08 5.9837525612179221e-07 
1.7768015742435258e-07 7.9434894464673734e-08 4.1452662495595489e-08 5.9269691694560026e-07 
1.7546187767028117e-07 7.7512669187401690e-08 4.0018246939221109e-08 5.8696256879149237e-07 
1.7333683848593675e-07 7.5563293698985965e-08 3.8634396106810975e-08 5.8123497334133317e-07 
1.7132796270387229e-07 7.3599507214887119e-08 3.7306344595918701e-08 5.7557813173666934e-07 
1.6945789614921695e-07 7.1634103814983253e-08 3.6039162756515368e-08 5.7005647683129162e-07 
1.6774864247270288e-07 6.9679825240504616e-08 3.4837835506147748e-08 5.6473401722082743e-07 
1.6622117675224863e-07 6.7749255726396972e-08 3.3707338056372922e-08 5.5967344210336494e-07 
1.6489504813176787e-07 6.5854719232183777e-08 3.2652699577709248e-08 5.5493519977979501e-07 
1.6378798474033661e-07 6.4008178965830056e-08 3.1679045712516207e-08 5.5057656546248388e-07 
1.6291551664621313e-07 6.2221139027844104e-08 3.0791609530175451e-08 5.4665071850908803e-07 
1.6229063458301929e-07 6.0504547871990610e-08 2.9995701834938845e-08 5.4320585426721348e-07 
1.6192350190661298e-07 5.8868702965023294e-08 2.9296633382279161e-08 5.4028435625109873e-07 
1.6182123617983871e-07 5.7323156285459070e-08 2.8699585964741839e-08 5.3792205795472888e-07 
1.6198777328852928e-07 5.5876620913858529e-08 2.8209435130863835e-08 5.3614762222498010e-07 
1.6242382232892763e-07 5.4536878834678536e-08 2.7830535150540870e-08 5.3498206487289182e-07 
1.6312691334658034e-07 5.3310691889242509e-08 2.7566484938459552e-08 5.3443844223195058e-07 
1.6409153405209508e-07 5.2203717761317297e-08 2.7419900609158621e-08 5.3452171866783194e-07 
1.6530934558554728e-07 5.1220434969319032e-08 2.7392223525668154e-08 5.3522881863254198e-07 
1.6676946288372865e-07 5.0364080977173974e-08 2.7483591216118169e-08 5.3654886115390596e-07 
1.6845878217466485e-07 4.9636608799068996e-08 2.7692790685735799e-08 5.3846356414706607e-07 
1.7036233699996160e-07 4.9038666805401099e-08 2.8017301895092295e-08 5.4094779902233895e-07 
1.7246366477176523e-07 4.8569606795773727e-08 2.8453425558900701e-08 5.4397026922317152e-07 
1.7474516805518483e-07 4.8227522576732948e-08 2.8996477314117503e-08 5.4749428347762077e-07 
1.7718845759076377e-07 4.8009320968724569e-08 2.9641022809849687e-08 5.5147859232725508e-07 
1.7977466763639366e-07 4.7910823120975851e-08 3.0381126412535194e-08 5.5587825746711226e-07 
1.8248473770246717e-07 4.7926893054415883e-08 3.1210588444795458e-08 5.6064552756923564e-07 
1.8529965753758124e-07 4.8051587296858614e-08 3.2123152501357675e-08 5.6573069561777512e-07 
1.8820067507467717e-07 4.8278319479445063e-08 3.3112671183600424e-08 5.7108291991148242e-07 
1.9116946886495155e-07 4.8600031561037479e-08 3.4173225516216275e-08 5.7665099515146275e-07 
1.9418828745193014e-07 4.9009365564533384e-08 3.5299198658450664e-08 5.8238406240095778e-07 
1.9724005945199498e-07 4.9498828949881365e-08 3.6485308200579325e-08 5.8823225445678469e-07 
2.0030847756348158e-07 5.0060948868085611e-08 3.7726603232036351e-08 5.9414727144962998e-07 
2.0337806059024015e-07 5.0688412094796588e-08 3.9018433509251688e-08 6.0008288859682424e-07 
2.0643419635487523e-07 5.1374187492376431e-08 4.0356397714547298e-08 6.0599539471148726e-07 
2.0946316864670968e-07 5.2111630151087515e-08 4.1736277658939835e-08 6.1184396493492059e-07 
2.1245217053137268e-07 5.2894567124945012e-08 4.3153964401740599e-08 6.1759096854265121e-07 
2.1538930599703959e-07 5.3717363110575615e-08 4.4605381664036350e-08 6.2320221383603327e-07 
2.1826358162034058e-07 5.4574968310887542e-08 4.6086410689717526e-08 6.2864713250513041e-07 
2.2106488921242315e-07 5.5462946546611333e-08 4.7592820631700248e-08 6.3389890315116438e-07 
2.2378398066111080e-07 5.6377486167788563e-08 4.9120207181296631e-08 6.3893451632959120e-07 
2.2641243561156098e-07 5.7315392046033984e-08 5.0663941705639637e-08 6.4373478111723321e-07 
2.2894262256234540e-07 5.8274060638471455e-08 5.2219132704290156e-08 6.4828427389126302e-07 
2.3136765403770525e-07 5.9251438353906353e-08 5.3780600333486045e-08 6.5257122963883123e-07 
2.3368133663849761e-07 6.0245963332290265e-08 5.5342864696976208e-08 6.5658737935217920e-07 
2.3587811608053554e-07 6.1256493346658932e-08 5.6900147659897816e-08 6.6032773104826400e-07 
2.3795301869522145e-07 6.2282220512730634e-08 5.8446387852029297e-08 6.6379030176377212e-07 
2.3990158972621605e-07 6.3322575229731082e-08 5.9975267743171708e-08 6.6697580094720478e-07 
2.4171982960290168e-07 6.4377122162075215e-08 6.1480252013669225e-08 6.6988727125553314e-07 
2.4340412927907789e-07 6.5445451710759265e-08 6.2954635365154841e-08 6.7252969247703873e-07 
2.4495120595577298e-07 6.6527069593333553e-08 6.4391598537366300e-08 6.7490955687153626e-07 
2.4635804029204831e-07 6.7621289735215264e-08 6.5784270698395131e-08 6.7703442221840816e-07 
2.4762181671161526e-07 6.8727132031858279e-08 6.7125796636940893e-08 6.7891245552753248e-07 
2.4873986771342682e-07 6.9843231987519969e-08 6.8409406920218451e-08 6.8055197396177801e-07 
2.4970962426881130e-07 7.0967761697725984e-08 6.9628489439186246e-08 6.8196099888042380e-07 
2.5052857271845320e-07 7.2098368790018749e-08 7.0776660825548205e-08 6.8314682978100176e-07 
2.5119422012769273e-07 7.3232132713528385e-08 7.1847836236323473e-08 6.8411565397186588e-07 
2.5170406848276854e-07 7.4365541218815750e-08 7.2836296098993885e-08 6.8487220015248187e-07 
2.5205559888209414e-07 7.5494488312602113e-08 7.3736748733138031e-08 6.8541944683236134e-07 
2.5224626629484021e-07 7.6614291104146854e-08 7.4544387785408213e-08 6.8575839551545536e-07 
2.5227350511087850e-07 7.7719727699441691e-08 7.5254943398990370e-08 6.8588791358808477e-07 
2.5213474566679734e-07 7.8805091951476460e-08 7.5864726600159276e-08 6.8580465360844039e-07 
2.5182744164338900e-07 7.9864264613791160e-08 7.6370666087192508e-08 6.8550305095588059e-07 
2.5134910776098703e-07 8.0890796968245685e-08 7.6770337060023200e-08 6.8497540018765859e-07 
2.5069736717933701e-07 8.1878005542754061e-08 7.7061981722774315e-08 6.8421200734320387e-07 
2.4987000794538700e-07 8.2819073529364141e-08 7.7244521365409508e-08 6.8320141585270545e-07 
2.4886504692693527e-07 8.3707157233749353e-08 7.7317559796416753e-08 6.8193069594311279e-07 
2.4768080065437694e-07 8.4535493508234761e-08 7.7281378501227204e-08 6.8038579359093836e-07 
2.4631596103147607e-07 8.5297507094974825e-08 7.7136923434068886e-08 6.7855192501867924e-07 
2.4476967526585005e-07 8.5986913627835435e-08 7.6885784169942128e-08 6.7641400999766218e-07 
2.4304162808213696e-07 8.6597818368403356e-08 7.6530165423759136e-08 6.7395713005910241e-07 
2.4113212498657317e-07 8.7124806872337599e-08 7.6072852069280454e-08 6.7116700174392074e-07 
2.3904217521375343e-07 8.7563027713151972e-08 7.5517167894925935e-08 6.6803045318442770e-07 
2.3677357333724401e-07 8.7908265365151130e-08 7.4866929103393261e-08 6.6453589501315445e-07 
2.3432897790653715e-07 8.8157002396760457e-08 7.4126393469200925e-08 6.6067377383898521e-07 
2.3171198665286571e-07 8.8306470950028813e-08 7.3300206059990864e-08 6.5643700205832081e-07 
2.2892720716898795e-07 8.8354692231579741e-08 7.2393342501920386e-08 6.5182135559762591e-07 
2.2598032237259359e-07 8.8300504902710307e-08 7.1411051035777338e-08 6.4682583376341417e-07 
2.2287815030239905e-07 8.8143581735346995e-08 7.0358794229050092e-08 6.4145297689285755e-07 
2.1962869763776287e-07 8.7884434936170877e-08 6.9242191815612879e-08 6.3570913626949339e-07 
2.1624120713608357e-07 8.7524411039537306e-08 6.8066965343279665e-08 6.2960469683735757e-07 
2.1272619821359611e-07 8.7065674924267597e-08 6.6838886237830841e-08 6.2315424768457263e-07 
2.0909550079970921e-07 8.6511184816317989e-08 6.5563727784601993e-08 6.1637670120313863e-07 
2.0536228192721978e-07 8.5864657789324481e-08 6.4247222443361295e-08 6.0929535858867692e-07 
2.0154106491348285e-07 8.5130528189815681e-08 6.2895025016239031e-08 6.0193792270995997e-07 
1.9764774024508237e-07 8.4313897813007826e-08 6.1512682539793174e-08 5.9433645697779077e-07 
1.9369956682078444e-07 8.3420481247325190e-08 6.0105611439365321e-08 5.8652728774709757e-07 
1.8971516265030601e-07 8.2456545304705199e-08 5.8679082228978660e-08 5.7855085310770074e-07 
1.8571448150199404e-07 8.1428844529398395e-08 5.7238212097908036e-08 5.7045149025351599e-07 
1.8171877340675317e-07 8.0344554246414755e-08 5.5787965246486470e-08 5.6227716361985263e-07 
1.7775052404273518e-07 7.9211200622762622e-08 5.4333160742876805e-08 5.5407912733593137e-07 
1.7383336779526891e-07 7.8036590210122769e-08 5.2878487436436980e-08 5.4591151806602844e-07 
1.6999196824178857e-07 7.6828738873003568e-08 5.1428525356973189e-08 5.3783087415425819e-07 
1.6625185817485721e-07 7.5595800952601668e-08 4.9987772528945438e-08 5.2989557537242084e-07 
1.6263923152889240e-07 7.4345999355048225e-08 4.8560676267223962e-08 5.2216520017946280e-07 
1.5918067864166147e-07 7.3087556896719440e-08 4.7151667668629916e-08 5.1469979724280880e-07 
1.5590285814830624e-07 7.1828629041906814e-08 4.5765197564887364e-08 5.0755907268685372e-07 
1.5283210058354897e-07 7.0577238228641046e-08 4.4405772600231489e-08 5.0080149721605604e-07 
1.4999394336177377e-07 6.9341209652300446e-08 4.3077989281473969e-08 4.9448334463621134e-07 
1.4741260241359625e-07 6.8128108418153108e-08 4.1786563927326620e-08 4.8865767772338845e-07 
1.4511039397368481e-07 6.6945177504897508e-08 4.0536356237185161e-08 4.8337330811793023e-07 
1.4310712841048302e-07 6.5799276711530679e-08 3.9332383779210732e-08 4.7867376129233952e-07 
1.4141950751762611e-07 6.4696822030099385e-08 3.8179824613136490e-08 4.7459628725496608e-07 
1.4006056331888408e-07 6.3643725491138005e-08 3.7084005181698614e-08 4.7117096040199659e-07 
1.3903918074357120e-07 6.2645335988611289e-08 3.6050370183653817e-08 4.6841991427533061e-07 
1.3835974499092852e-07 6.1706381318730123e-08 3.5084432192967807e-08 4.6635675398149040e-07 
1.3802194765764825e-07 6.0830912620342799e-08 3.4191698414996641e-08 4.6498618301095987e-07 
1.3802077260684689e-07 6.0022252701514481e-08 3.3377574033697829e-08 4.6430386888764426e-07 
1.3834666644116477e-07 5.9282949993949425e-08 3.2647242850478954e-08 4.6429655840116148e-07 
1.3898588080955477e-07 5.8614740388988362e-08 3.2005528543791781e-08 4.6494243812612266e-07 
1.3992095795278602e-07 5.8018519415505428e-08 3.1456742752674621e-08 4.6621171920329366e-07 
1.4113131998295840e-07 5.7494326976718585e-08 3.1004529122862696e-08 4.6806741334909163e-07 
1.4259391687057856e-07 5.7041347013795880e-08 3.0651715132897419e-08 4.7046625671492495e-07 
1.4428388926582220e-07 5.6657923599485632e-08 3.0400184756193296e-08 4.7335973395508718e-07 
1.4617520765178982e-07 5.6341594511983988e-08 3.0250784744239359e-08 4.7669515345136662e-07 
1.4824125853145022e-07 5.6089142657923351e-08 3.0203274598031556e-08 4.8041672923641304e-07 
1.5045535807216163e-07 5.5896664409561294e-08 3.0256326072717866e-08 4.8446663009898125e-07 
1.5279118364746247e-07 5.5759653593974770e-08 3.0407572145712271e-08 4.8878596689945275e-07 
1.5522312126058209e-07 5.5673098688615230e-08 3.0653699810074839e-08 4.9331569498879616e-07 
1.5772653324618422e-07 5.5631590389211308e-08 3.0990575912129345e-08 4.9799741969077770e-07 
1.6027795419531552e-07 5.5629436492127150e-08 3.1413392890651270e-08 5.0277409839541397e-07 
1.6285522516237477e-07 5.5660780466427223e-08 3.1916820238592938e-08 5.0759063873631266e-07 
1.6543757694275836e-07 5.5719720852940289e-08 3.2495149463647001e-08 5.1239439811951303e-07 
1.6800567226783222e-07 5.5800427854435152e-08 3.3142422879888021e-08 5.1713558964591919e-07 
1.7054161647270683e-07 5.5897255160848214e-08 3.3852540522941999e-08 5.2176760436059149e-07 
1.7302894414529060e-07 5.6004843629253944e-08 3.4619342642284348e-08 5.2624725745402103e-07 
1.7545258831684174e-07 5.6118216015296279e-08 3.5436668501724013e-08 5.3053496736475933e-07 
1.7779883732979004e-07 5.6232860284483466e-08 3.6298394139594535e-08 5.3459487562166128e-07 
1.8005528324538317e-07 5.6344800691178768e-08 3.7198452879088835e-08 5.3839491435812858e-07 
1.8221076466143967e-07 5.6450655475667326e-08 3.8130843330787190e-08 5.4190682715192779e-07 
1.8425530612777243e-07 5.6547680654715554e-08 3.9089629004978600e-08 5.4510614794519744e-07 
1.8618005587879904e-07 5.6633799120519257e-08 4.0068933539755025e-08 5.4797214362431595e-07 
1.8797722237576711e-07 5.6707614433969711e-08 4.1062935068971383e-08 5.5048772116886310e-07 
1.8964001095245031e-07 5.6768409660079379e-08 4.2065861910875792e-08 5.5263930420179519e-07 
1.9116256077794748e-07 5.6816130378656582e-08 4.3071991797872562e-08 5.5441668135538674e-07 
1.9253988234056283e-07 5.6851352279591451e-08 4.4075655609220178e-08 5.5581282723439666e-07 
1.9376779614330537e-07 5.6875233762880485e-08 4.5071246351342165e-08 5.5682370065304166e-07 
1.9484287256351472e-07 5.6889453399538946e-08 4.6053233408132807e-08 5.5744802132294611e-07 
1.9576237297867537e-07 5.6896133966111143e-08 4.7016181834903380e-08 5.5768702715943408e-07 
1.9652419305259673e-07 5.6897754015954506e-08 4.7954776268585164e-08 5.5754421774791977e-07 
1.9712680777996028e-07 5.6897048071390318e-08 4.8863848640434615e-08 5.5702508456661587e-07 
1.9756921912099322e-07 5.6896899412099450e-08 4.9738408787133989e-08 5.5613683329581985e-07 
1.9785090649390453e-07 5.6900226183460123e-08 5.0573677065509296e-08 5.5488810270719767e-07 
1.9797178033472041e-07 5.6909865779263957e-08 5.1365118062982513e-08 5.5328868331233058e-07 
1.9793213933055347e-07 5.6928460577760584e-08 5.2108474281256124e-08 5.5134924105332350e-07 
1.9773263171331238e-07 5.6958348652910470e-08 5.2799799062745814e-08 5.4908105168949238e-07 
1.9737422071636489e-07 5.7001464106758429e-08 5.3435487584238793e-08 5.4649574875025510e-07 
1.9685815477332033e-07 5.7059250507616418e-08 5.4012305614181170e-08 5.4360509124500885e-07 
1.9618594266161649e-07 5.7132591624975781e-08 5.4527414701714945e-08 5.4042075599388173e-07 
1.9535933335051000e-07 5.7221760588560351e-08 5.4978393855120041e-08 5.3695415556875429e-07 
1.9438030133314722e-07 5.7326392339647949e-08 5.5363256569325049e-08 5.3321628922620443e-07 
1.9325103682409634e-07 5.7445477120190586e-08 5.5680463363468758e-08 5.2921762705282631e-07 
1.9197394081560238e-07 5.7577377683428750e-08 5.5928929079396108e-08 5.2496802863750581e-07 
1.9055162513986111e-07 5.7719867368970567e-08 5.6108025069169908e-08 5.2047670032922858e-07 
1.8898691661226173e-07 5.7870187576810020e-08 5.6217576070272842e-08 5.1575218759422971e-07 
1.8728286523045666e-07 5.8025121565661341e-08 5.6257851770208854e-08 5.1080240369565331e-07 
1.8544275598618742e-07 5.8181081978550356e-08 5.6229553269737974e-08 5.0563469251874599e-07 
1.8347012360583601e-07 5.8334206165656124e-08 5.6133794622375847e-08 5.0025592294855301e-07 
1.8136876930149685e-07 5.8480458013146010e-08 5.5972079929475169e-08 4.9467260948468576e-07 
1.7914277965715375e-07 5.8615730764902681e-08 5.5746276078375320e-08 4.8889105891459331e-07 
1.7679654621278205e-07 5.8735948140854327e-08 5.5458582103045813e-08 4.8291753400255363e-07 
1.7433478557391550e-07 5.8837160714377460e-08 5.5111495285591206e-08 4.7675843203258829e-07 
1.7176255936539444e-07 5.8915634651937158e-08 5.4707775042923104e-08 4.7042047265825643e-07 
1.6908529326429187e-07 5.8967931863319098e-08 5.4250405022122568e-08 4.6391088873092434e-07 
1.6630879490187050e-07 5.8990979226243544e-08 5.3742554302928466e-08 4.5723761713220503e-07 
1.6343926998782582e-07 5.8982126182049892e-08 5.3187538396515649e-08 4.5040948307684929e-07 
1.6048333630353854e-07 5.8939190978269125e-08 5.2588780945261629e-08 4.4343637455623545e-07 
1.5744803543999435e-07 5.8860494437610358e-08 5.1949776729657018e-08 4.3632940343485258e-07 
1.5434084204202234e-07 5.8744882387367698e-08 5.1274056741081094e-08 4.2910104933562478e-07 
1.5116967040440237e-07 5.8591736748485589e-08 5.0565156146163780e-08 4.2176528376729754e-07 
1.4794287855030126e-07 5.8400976131168604e-08 4.9826585457027172e-08 4.1433767311424496e-07 
1.4466926959864097e-07 5.8173046584365564e-08 4.9061805691225935e-08 4.0683545727693376e-07 
1.4135809094552863e-07 5.7908904022107747e-08 4.8274207605233836e-08 3.9927760503318909e-07 
1.3801903063820038e-07 5.7609988152030682e-08 4.7467095428723633e-08 3.9168484170561646e-07 
1.3466221183325438e-07 5.7278190428291264e-08 4.6643674976475688e-08 3.8407965217357790e-07 
1.3129818455921213e-07 5.6915815782094533e-08 4.5807046151116199e-08 3.7648625471764509e-07 
1.2793791507817013e-07 5.6525539510305661e-08 4.4960199634685520e-08 3.6893054692814544e-07 
1.2459277211601392e-07 5.6110361004726103e-08 4.4106016940123565e-08 3.6144002034333661e-07 
1.2127450952969279e-07 5.5673553956040204e-08 4.3247273780999477e-08 3.5404364356265915e-07 
1.1799524403553895e-07 5.5218615304437749e-08 4.2386645536317264e-08 3.4677170874529955e-07 
1.1476742689687568e-07 5.4749212375846800e-08 4.1526714302800653e-08 3.3965564150132791e-07 
1.1160380687957750e-07 5.4269130201124542e-08 4.0669976338588952e-08 3.3272776603109208e-07 
1.0851738263424562e-07 5.3782218785188142e-08 3.9818849169077592e-08 3.2602102613844830e-07 
1.0552134058583546e-07 5.3292340957195360e-08 3.8975677361286039e-08 3.1956865430839748e-07 
1.0262897492573374e-07 5.2803321839558754e-08 3.8142735880768428e-08 3.1340378690663342e-07 
9.9853586173763365e-08 5.2318899550972292e-08 3.7322230505352491e-08 3.0755902532027024e-07 
9.7208353480595141e-08 5.1842677879642124e-08 3.6516294501379992e-08 3.0206594090371077e-07 
9.4706178066997128e-08 5.1378080996933352e-08 3.5726981268191890e-08 2.9695453065607788e-07 
9.2359494866556096e-08 5.0928310563401295e-08 3.4956252571237676e-08 2.9225263048140307e-07 
9.0180052866461548e-08 5.0496304937251183e-08 3.4205962808845443e-08 2.8798530255466214e-07 
8.8178666223086963e-08 5.0084701451366654e-08 3.3477839503930687e-08 2.8417421467125262e-07 
8.6364942914113001e-08 4.9695801029179137e-08 3.2773460857590875e-08 2.8083703785031739e-07 
8.4747001767196017e-08 4.9331536286561442e-08 3.2094231720296285e-08 2.7798689205657361e-07 
8.3331192597406834e-08 4.8993442820978786e-08 3.1441358994943612e-08 2.7563186969051406e-07 
8.2121838333597223e-08 4.8682634515818139e-08 3.0815828593515921e-08 2.7377466888943668e-07 
8.1121019307179230e-08 4.8399783081469843e-08 3.0218385383654375e-08 2.7241236108462752e-07 
8.0328419966759427e-08 4.8145102710578710e-08 2.9649518205366890e-08 2.7153631265999417e-07 
7.9741254443019362e-08 4.7918340045642531e-08 2.9109451605443554e-08 2.7113226848997276e-07 
7.9354281817682988e-08 4.7718770473632076e-08 2.8598145930480141e-08 2.7118059550679099e-07 
7.9159913831318240e-08 4.7545200806531072e-08 2.8115306671097261e-08 2.7165667331445816e-07 
7.9148408909733052e-08 4.7395979263341901e-08 2.7660403901653632e-08 2.7253140790483917e-07 
7.9308139210337193e-08 4.7269012592915561e-08 2.7232701609861453e-08 2.7377184136519291e-07 
7.9625910660745050e-08 4.7161790685351201e-08 2.6831296341678938e-08 2.7534182299931387e-07 
8.0087313881840381e-08 4.7071418551872001e-08 2.6455163845418162e-08 2.7720271104967627e-07 
8.0677083388029590e-08 4.6994655229728065e-08 2.6103211766197638e-08 2.7931407463583898e-07 
8.1379445463697152e-08 4.6927959189287398e-08 2.5774336084439015e-08 2.8163437203993357e-07 
8.2178439108334072e-08 4.6867539516473504e-08 2.5467478584847619e-08 2.8412158636279079e-07 
8.3058199688290657e-08 4.6809412008998691e-08 2.5181682414313975e-08 2.8673380627176789e-07 
8.4003199823185034e-08 4.6749459138418943e-08 2.4916142987248318e-08 2.8942974521892609e-07 
8.4998446139443098e-08 4.6683492982031053e-08 2.4670251297405688e-08 2.9216919664208671e-07 
8.6029633887940975e-08 4.6607319846234216e-08 2.4443627324574556e-08 2.9491342708872059e-07 
8.7083263226368087e-08 4.6516805629194767e-08 2.4236141281406856e-08 2.9762551031983182e-07 
8.8146722441074817e-08 4.6407940812379706e-08 2.4047921167838347e-08 3.0027060832773760e-07 
8.9208343194364906e-08 4.6276904135898006e-08 2.3879345460611331e-08 3.0281620360920939e-07 
9.0257433374839020e-08 4.6120123985855058e-08 2.3731020545859665e-08 3.0523228966815841e-07 
9.1284291793495590e-08 4.5934336697938460e-08 2.3603743151613718e-08 3.0749152310934335e-07 
9.2280208960733796e-08 4.5716641098500383e-08 2.3498448835069904e-08 3.0956934291480684e-07 
9.3237456857211652e-08 4.5464548362925724e-08 2.3416148380308764e-08 3.1144405908537679e-07 
9.4149270352339585e-08 4.5176027119324753e-08 2.3357854753059019e-08 3.1309691418809144e-07 
9.5009821969897632e-08 4.4849542773559074e-08 2.3324504194837410e-08 3.1451211888872823e-07 
9.5814191363795057e-08 4.4484090826593915e-08 2.3316875368903236e-08 3.1567686320498614e-07 
9.6558330383221385e-08 4.4079224037731042e-08 2.3335511163684929e-08 3.1658130386994906e-07 
9.7239024380152869e-08 4.3635072506372307e-08 2.3380647649995858e-08 3.1721852867133209e-07 
9.7853849937090118e-08 4.3152357032779605e-08 2.3452154484602643e-08 3.1758449687730550e-07 
9.8401129778765334e-08 4.2632394941085415e-08 2.3549490362960016e-08 3.1767795782107210e-07 
9.8879884367376743e-08 4.2077097929322385e-08 2.3671676181069854e-08 3.1750034530105903e-07 
9.9289781004077588e-08 4.1488962472446116e-08 2.3817287275343607e-08 3.1705565015241554e-07 
9.9631080286812224e-08 4.0871051009529566e-08 2.3984464839467964e-08 3.1635027014275573e-07 
9.9904580369181168e-08 4.0226964856957833e-08 2.4170945235393574e-08 3.1539283845460713e-07 
1.0011155919302183e-07 3.9560807330381767e-08 2.4374105113080428e-08 3.1419403133617048e-07 
1.0025371541581641e-07 3.8877137383265705e-08 2.4591018897279730e-08 3.1276635712743212e-07 
1.0033310815803580e-07 3.8180912521153645e-08 2.4818525586833273e-08 3.1112392723842072e-07 
1.0035209657574934e-07 3.7477421507391996e-08 2.5053300827030498e-08 3.0928221246748808e-07 
1.0031327962814321e-07 3.6772205463152000e-08 2.5291931122803605e-08 3.0725778688168970e-07 
1.0021943685714148e-07 3.6070968482617578e-08 2.5530986800623636e-08 3.0506806194278232e-07 
1.0007347104225462e-07 3.5379477055261024e-08 2.5767091638501444e-08 3.0273101546351087e-07 
9.9878353300000474e-08 3.4703450210684564e-08 2.5996986829511981e-08 3.0026491826773104e-07 
9.9637071571118053e-08 3.4048441360949862e-08 2.6217588102595371e-08 2.9768806380400074e-07 
9.9352583158919156e-08 3.3419714931544229e-08 2.6426035039739013e-08 2.9501850451872041e-07 
9.9027771967695419e-08 3.2822121222920903e-08 2.6619732286023756e-08 2.9227380033927140e-07 
9.8665411014053057e-08 3.2259974238438276e-08 2.6796382346548247e-08 2.8947078380638854e-07 
9.8268130664534496e-08 3.1736938446130759e-08 2.6954010270180721e-08 2.8662534593051828e-07 
9.7838392984850076e-08 3.1255930107696033e-08 2.7090980638019820e-08 2.8375224821684360e-07 
9.7378472266499493e-08 3.0819040307292389e-08 2.7206007023476231e-08 2.8086496364408146e-07 
9.6890441925770881e-08 3.0427484545784218e-08 2.7298154875091523e-08 2.7797555070085879e-07 
9.6376167300374902e-08 3.0081583987888598e-08 2.7366838140577185e-08 2.7509456135660716e-07 
9.5837304521912814e-08 2.9780780760647064e-08 2.7411810328395114e-08 2.7223098658078304e-07 
9.5275304611246929e-08 2.9523686651867106e-08 2.7433150721373111e-08 2.6939223752999960e-07 
9.4691422546839792e-08 2.9308163770279906e-08 2.7431246305547609e-08 2.6658416338420526e-07 
9.4086730291278392e-08 2.9131430792469936e-08 2.7406770115278145e-08 2.6381110210269486e-07 
9.3462133559000293e-08 2.8990190001043083e-08 2.7360656544229894e-08 2.6107596347879106e-07 
9.2818391086176927e-08 2.8880764222125123e-08 2.7294074362637847e-08 2.5838033894003608e-07 
9.2156135728610894e-08 2.8799239437048677e-08 2.7208398012879360e-08 2.5572463362220847e-07 
9.1475896906720459e-08 2.8741601757808778e-08 2.7105177695994139e-08 2.5310821747529042e-07 
9.0778123319637164e-08 2.8703865448909545e-08 2.6986108938348776e-08 2.5052958809670601e-07 
9.0063205439796175e-08 2.8682184999697829e-08 2.6853002143791711e-08 2.4798654123880478e-07 
8.9331497307118249e-08 2.8672949868450114e-08 2.6707752431850358e-08 2.4547634430024800e-07 
8.8583336934978851e-08 2.8672859040632990e-08 2.6552310604268869e-08 2.4299590681706875e-07 
8.7819065308350180e-08 2.8678976292166211e-08 2.6388655065659286e-08 2.4054194597888905e-07 
8.7039043415812510e-08 2.8688765906501798e-08 2.6218765459535120e-08 2.3811114232209348e-07 
8.6243667408682410e-08 2.8700112095492719e-08 2.6044597881167273e-08 2.3570028430954168e-07 
8.5433381779968770e-08 2.8711322486479333e-08 2.5868061975151220e-08 2.3330639899191801e-07 
8.4608690587361445e-08 2.8721119324545631e-08 2.5690999862391995e-08 2.3092686877521378e-07 
8.3770167109609133e-08 2.8728620348371664e-08 2.5515166801748297e-08 2.2855953443488501e-07 
8.2918461460689461e-08 2.8733311381286081e-08 2.5342213568753767e-08 2.2620278167071108e-07 
8.2054307309294005e-08 2.8735013616484489e-08 2.5173670236096119e-08 2.2385561625492611e-07 
8.1178527060787286e-08 2.8733846436600679e-08 2.5010931217951668e-08 2.2151772460975654e-07 
8.0292036164036440e-08 2.8730188539935733e-08 2.4855241315873863e-08 2.1918952268529400e-07 
7.9395846659020593e-08 2.8724638061354535e-08 2.4707682647179487e-08 2.1687219437146760e-07 
7.8491069814992467e-08 2.8717973005893964e-08 2.4569162265490336e-08 2.1456771751722555e-07 
7.7578918392550474e-08 2.8711113552485175e-08 2.4440400390682364e-08 2.1227888176373026e-07 
7.6660707875109982e-08 2.8705085620933161e-08 2.4321919384196551e-08 2.1000929363521520e-07 
7.5737857397550146e-08 2.8700987502259716e-08 2.4214033549213144e-08 2.0776337324677363e-07 
7.4811889265064180e-08 2.8699958592036711e-08 2.4116840073209440e-08 2.0554633688110086e-07 
7.3884427549209032e-08 2.8703151316870302e-08 2.4030211527018025e-08 2.0336416723109130e-07 
7.2957195311482061e-08 2.8711704865731554e-08 2.3953790215374389e-08 2.0122356944753722e-07 
7.2032009746111657e-08 2.8726721953267287e-08 2.3886985075940695e-08 1.9913190880918386e-07 
7.1110775475571477e-08 2.8749246432685037e-08 2.3828971516363678e-08 1.9709713100142469e-07 
7.0195474982014609e-08 2.8780243435946843e-08 2.3778694575776412e-08 1.9512766008275505e-07 
6.9288156564491054e-08 2.8820579430359708e-08 2.3734876029773705e-08 1.9323227629343266e-07 
6.8390918727131847e-08 2.8871004071432378e-08 2.3696025355765201e-08 1.9141996856498711e-07 
6.7505891722596949e-08 2.8932131669312752e-08 2.3660455019110613e-08 1.8969976651938500e-07 
6.6635215271821965e-08 2.9004423742085683e-08 2.3626299804226826e-08 1.8808054838050401e-07 
6.5781013369529855e-08 2.9088171393998997e-08 2.3591540110464772e-08 1.8657083253256493e-07 
6.4945365712426115e-08 2.9183478886638786e-08 2.3554028770115552e-08 1.8517855236140313e-07 
6.4130276807932478e-08 2.9290248219641952e-08 2.3511520981799596e-08 1.8391082350823454e-07 
6.3337643061058578e-08 2.9408164920077903e-08 2.3461706790040803e-08 1.8277370960092440e-07 
6.2569218858962923e-08 2.9536686561759541e-08 2.3402245384627780e-08 1.8177199552715683e-07 
6.1826582580597219e-08 2.9675033820347816e-08 2.3330800479236671e-08 1.8090897704622224e-07 
6.1111103901621786e-08 2.9822185121351787e-08 2.3245076344335852e-08 1.8018627762890002e-07 
6.0423913671186407e-08 2.9976875578597626e-08 2.3142853362410574e-08 1.7960370159474791e-07 
5.9765877601313028e-08 3.0137600325244419e-08 2.3022022869621016e-08 1.7915913103508728e-07 
5.9137575321124051e-08 3.0302622861853286e-08 2.2880620480379327e-08 1.7884847452991306e-07 
5.8539286026142578e-08 3.0469988603440549e-08 2.2716857426849911e-08 1.7866567128273557e-07 
5.7970981539797627e-08 3.0637543364183459e-08 2.2529149423426358e-08 1.7860275153927454e-07 
5.7432328012246177e-08 3.0802956898829323e-08 2.2316142745091551e-08 1.7864995359572464e-07 
5.6922696473967075e-08 3.0963750667643034e-08 2.2076737240787759e-08 1.7879589228872313e-07 
5.6441182492308884e-08 3.1117329715536703e-08 2.1810105962015693e-08 1.7902777340311767e-07 
5.5986634440764876e-08 3.1261017636721813e-08 2.1515711298076343e-08 1.7933164515113518e-07 
5.5557690111016857e-08 3.1392094119314991e-08 2.1193317619457609e-08 1.7969267870756369e-07 
5.5152820173928660e-08 3.1507834201421603e-08 2.0843000292012759e-08 1.8009546607060591e-07 
5.4770377576944678e-08 3.1605548091068873e-08 2.0465151046083790e-08 1.8052432798191961e-07 
5.4408650726394010e-08 3.1682621482515741e-08 2.0060480062985648e-08 1.8096361934542790e-07 
5.4065919367119888e-08 3.1736554622613082e-08 1.9630014432828058e-08 1.8139802745798858e-07 
5.3740510606859925e-08 3.1765000401418000e-08 1.9175093643070627e-08 1.8181285296576302e-07 
5.3430853542914297e-08 3.1765799873947889e-08 1.8697361951546206e-08 1.8219426900407782e-07 
5.3135530700829610e-08 3.1737015569165168e-08 1.8198758008308234e-08 1.8252955419852383e-07 
5.2853324380723139e-08 3.1676961193645281e-08 1.7681501900320444e-08 1.8280729523655107e-07 
5.2583256606556393e-08 3.1584228220700655e-08 1.7148079957485538e-08 1.8301755734886101e-07 
5.2324621247450361e-08 3.1457708149311377e-08 1.6601227445653541e-08 1.8315202123377320e-07 
5.2077007210126563e-08 3.1296610960819397e-08 1.6043909405945439e-08 1.8320408526167322e-07 
5.1840312118372305e-08 3.1100479122479665e-08 1.5479299769229760e-08 1.8316893368377040e-07 
5.1614745700097299e-08 3.0869197141450032e-08 1.4910758771478236e-08 1.8304357050721491e-07 
5.1400822788407158e-08 3.0602996782276489e-08 1.4341808624847937e-08 1.8282681995752395e-07 
5.1199346085498445e-08 3.0302457640373590e-08 1.3776107044890503e-08 1.8251929551787839e-07 
5.1011378717038179e-08 2.9968503508314609e-08 1.3217418288426739e-08 1.8212333697780451e-07 
5.0838207630931455e-08 2.9602394271626343e-08 1.2669580613983353e-08 1.8164291908124431e-07 
5.0681298488668711e-08 2.9205713785732159e-08 1.2136469217568480e-08 1.8108353209220195e-07 
5.0542243524607121e-08 2.8780353678287778e-08 1.1621952915604755e-08 1.8045203738508620e-07 
5.0422703757824823e-08 2.8328493388473777e-08 1.1129842931603930e-08 1.7975649967939041e-07 
5.0324347511602450e-08 2.7852576748012108e-08 1.0663831863377357e-08 1.7900599932656961e-07 
5.0248787202306259e-08 2.7355285126195449e-08 1.0227421488507124e-08 1.7821042756513135e-07 
5.0197516547585587e-08 2.6839507727715640e-08 9.8238388089344248e-09 1.7738026831520821e-07 
5.0171850503004447e-08 2.6308309055328151e-08 9.4559419341550205e-09 1.7652637085533622e-07 
5.0172870057647799e-08 2.5764894024825135e-08 9.1261196685834506e-09 1.7565971765435011e-07 
5.0201373971297025e-08 2.5212571043952911e-08 8.8361922541221849e-09 1.7479119239790720e-07 
5.0257839233640755e-08 2.4654713287621167e-08 8.5873238317757512e-09 1.7393135353177669e-07 
5.0342391557582715e-08 2.4094718756656737e-08 8.3799592387308758e-09 1.7309021835473686e-07 
5.0454787019980348e-08 2.3535969325089055e-08 8.2137974393461179e-09 1.7227706361561126e-07 
5.0594404978656626e-08 2.2981789520704639e-08 8.0878105670074118e-09 1.7150024665840727e-07 
5.0760252552376926e-08 2.2435405214060971e-08 8.0003112244271948e-09 1.7076705342255209e-07 
5.0950979492774434e-08 2.1899903174758468e-08 7.9490626904263843e-09 1.7008357474163764e-07 
5.1164902886754813e-08 2.1378191882096226e-08 7.9314197499286414e-09 1.6945461640410233e-07 
5.1400039742603525e-08 2.0872964562653212e-08 7.9444832340141962e-09 1.6888364234326594e-07 
5.1654146115269862e-08 2.0386665159324451e-08 7.9852507053688378e-09 1.6837275298969494e-07 
5.1924760554645578e-08 1.9921458008353387e-08 8.0507488369903058e-09 1.6792269677212577e-07 
5.2209250185348658e-08 1.9479202427041831e-08 8.1381378512914737e-09 1.6753291295087680e-07 
5.2504857498553736e-08 1.9061432781341952e-08 8.2447841570407763e-09 1.6720160205760700e-07 
5.2808746239946062e-08 1.8669344838410245e-08 8.3683021436899573e-09 1.6692581992609310e-07 
5.3118044951584699e-08 1.8303789169699893e-08 8.5065693655173133e-09 1.6670158993906204e-07 
5.3429887072290460e-08 1.7965271803432396e-08 8.6577210061832471e-09 1.6652402845567372e-07 
5.3741446656443395e-08 1.7653962279723444e-08 8.8201301270044400e-09 1.6638747772571261e-07 
5.4049969341107273e-08 1.7369708816520679e-08 8.9923794967483850e-09 1.6628564179197687e-07 
5.4352798082804927e-08 1.7112059876973048e-08 9.1732298717491493e-09 1.6621172046624338e-07 
5.4647393838637794e-08 1.6880291595187354e-08 9.3615885849881204e-09 1.6615853812297941e-07 
5.4931351100690797e-08 1.6673439274529937e-08 9.5564810619597115e-09 1.6611866331684768e-07 
5.5202409105123103e-08 1.6490332708286853e-08 9.7570267044188133e-09 1.6608451933399319e-07 
5.5458458826688354e-08 1.6329632459767707e-08 9.9624201217504231e-09 1.6604848309285248e-07 
5.5697546226435698e-08 1.6189867557176366e-08 1.0171917655271828e-08 1.6600297139505723e-07 
5.5917872962207945e-08 1.6069472576551337e-08 1.0384828757222520e-08 1.6594051783046994e-07 
5.6117794726442171e-08 1.5966823065036374e-08 1.0600511572943531e-08 1.6585383874507738e-07 
5.6295818007984773e-08 1.5880269671907489e-08 1.0818371769905555e-08 1.6573589072812672e-07 
5.6450595909390527e-08 1.5808169951549027e-08 1.1037863365414075e-08 1.6557992134198570e-07 
5.6580923655072472e-08 1.5748917888205595e-08 1.1258490824883692e-08 1.6537951505024812e-07 
5.6685734141524339e-08 1.5700971510226770e-08 1.1479811103737004e-08 1.6512863553275074e-07 
5.6764094034557629e-08 1.5662878711614501e-08 1.1701435020561733e-08 1.6482166644658496e-07 
5.6815200843846410e-08 1.5633300981797244e-08 1.1923027037892843e-08 1.6445345252832226e-07 
5.6838380741556200e-08 1.5611036284446331e-08 1.2144303202228607e-08 1.6401934016449382e-07 
5.6833087948752222e-08 1.5595040152402821e-08 1.2365026504194160e-08 1.6351522067777445e-07 
5.6798905119281592e-08 1.5584445409033992e-08 1.2584999917407470e-08 1.6293757487410789e-07 
5.6735544836538970e-08 1.5578580255260478e-08 1.2804056972995753e-08 1.6228351905974335e-07 
5.6642852245457746e-08 1.5576984339827265e-08 1.3022050084630688e-08 1.6155085259345710e-07 
5.6520808236177037e-08 1.5579422141423611e-08 1.3238837054530303e-08 1.6073810524387114e-07 
5.6369533327512100e-08 1.5585893017212322e-08 1.3454266419484874e-08 1.5984458431681302e-07 
5.6189291483447434e-08 1.5596636670103650e-08 1.3668161994219821e-08 1.5887041909202097e-07 
5.5980493773432988e-08 1.5612133871909961e-08 1.3880307570679933e-08 1.5781660114009565e-07 
5.5743701321637528e-08 1.5633100428357777e-08 1.4090432289304488e-08 1.5668501893699371e-07 
5.5479627381052298e-08 1.5660474302560054e-08 1.4298197578195860e-08 1.5547848515613149e-07 
5.5189137736408425e-08 1.5695394153514937e-08 1.4503186193927152e-08 1.5420075305074608e-07 
5.4873249539793200e-08 1.5739170042367470e-08 1.4704893809475919e-08 1.5285652173618194e-07 
5.4533128086496593e-08 1.5793244420443279e-08 1.4902723972474234e-08 1.5145142748852475e-07 
5.4170081040411820e-08 1.5859145162484050e-08 1.5095986210325617e-08 1.4999201882661826e-07 
5.3785550316745289e-08 1.5938430600984605e-08 1.5283897953428038e-08 1.4848571437670170e-07 
5.3381101263337358e-08 1.6032628354618717e-08 1.5465589824084663e-08 1.4694074183005349e-07 
5.2958409128367821e-08 1.6143170483694626e-08 1.5640114381497038e-08 1.4536605666049022e-07 
5.2519242906867784e-08 1.6271327055033877e-08 1.5806458089891100e-08 1.4377123990650370e-07 
5.2065446925377288e-08 1.6418141638543040e-08 1.5963555832264051e-08 1.4216637654336318e-07 
5.1598919770399866e-08 1.6584372734130709e-08 1.6110307792840522e-08 1.4056191111945193e-07 
5.1121591861339762e-08 1.6770443399549302e-08 1.6245598046011527e-08 1.3896848682227875e-07 
5.0635401330974936e-08 1.6976402028159423e-08 1.6368314200382729e-08 1.3739676773492771e-07 
5.0142268879644443e-08 1.7201897937189769e-08 1.6477367700389277e-08 1.3585724613014046e-07 
4.9644072762973815e-08 1.7446170293101928e-08 1.6571714110835422e-08 1.3436004358202817e-07 
4.9142623638297309e-08 1.7708052896698068e-08 1.6650372986740454e-08 1.3291470655779877e-07 
4.8639640812493434e-08 1.7985993124885255e-08 1.6712446610636369e-08 1.3153000623112351e-07 
4.8136729971576006e-08 1.8278082659449821e-08 1.6757137532646888e-08 1.3021374752615997e-07 
4.7635363578447921e-08 1.8582099593754028e-08 1.6783764212094970e-08 1.2897259661514663e-07 
4.7136863932603306e-08 1.8895557052459901e-08 1.6791774800891615e-08 1.2781193201497289e-07 
4.6642390258696012e-08 1.9215757867572044e-08 1.6780758453109703e-08 1.2673572897058400e-07 
4.6152929579972873e-08 1.9539851352697459e-08 1.6750454355591883e-08 1.2574648096966644e-07 
4.5669292137985324e-08 1.9864890251477651e-08 1.6700758201527618e-08 1.2484516426415050e-07 
4.5192111174100341e-08 2.0187886789166163e-08 1.6631725993533554e-08 1.2403124544993352e-07 
4.4721847770785797e-08 2.0505865093466034e-08 1.6543575339545094e-08 1.2330273709381295e-07 
4.4258799624776563e-08 2.0815910282321855e-08 1.6436684169952650e-08 1.2265629298709676e-07 
4.3803114441364035e-08 2.1115212450728008e-08 1.6311586938315869e-08 1.2208734491958503e-07 
4.3354806745953770e-08 2.1401106150632529e-08 1.6168968575049421e-08 1.2159027003399802e-07 
4.2913778147536932e-08 2.1671104007292116e-08 1.6009656256589453e-08 1.2115858491443094e-07 
4.2479839860081019e-08 2.1922925863915220e-08 1.5834609082897163e-08 1.2078515560827867e-07 
4.2052736938392645e-08 2.2154522011807297e-08 1.5644906242708598e-08 1.2046241548802577e-07 
4.1632173644871360e-08 2.2364092475511724e-08 1.5441733383267812e-08 1.2018258391655718e-07 
4.1217838796195989e-08 2.2550100448144167e-08 1.5226368075993879e-08 1.1993787643319258e-07 
4.0809430548955194e-08 2.2711282281643621e-08 1.5000164070737073e-08 1.1972070077015900e-07 
4.0406679801068644e-08 2.2846652631858737e-08 1.4764535018728080e-08 1.1952383381820877e-07 
4.0009371851566188e-08 2.2955505832681719e-08 1.4520937939414005e-08 1.1934057561114105e-07 
3.9617365261758662e-08 2.3037413687726636e-08 1.4270856503914893e-08 1.1916487683927436e-07 
3.9230608110207235e-08 2.3092219653436546e-08 1.4015784636157547e-08 1.1899144114903753e-07 
3.8849150862252515e-08 2.3120029997123017e-08 1.3757210704559403e-08 1.1881579935697314e-07 
3.8473156012503953e-08 2.3121201952293517e-08 1.3496602419164953e-08 1.1863435865075151e-07 
3.8102904124309294e-08 2.3096329407806130e-08 1.3235392791128348e-08 1.1844442656378065e-07 
3.7738796639593870e-08 2.3046226167326034e-08 1.2974967185470071e-08 1.1824421340945611e-07 
3.7381355049338352e-08 2.2971907077255578e-08 1.2716651783999770e-08 1.1803281326410607e-07 
3.7031217228146851e-08 2.2874567606474358e-08 1.2461703264448051e-08 1.1781016866866677e-07 
3.6689130628705957e-08 2.2755561995903019e-08 1.2211299982452405e-08 1.1757701871178268e-07 
3.6355943104543556e-08 2.2616380011976332e-08 1.1966534255023769e-08 1.1733483598046821e-07 
3.6032591162702748e-08 2.2458623394164167e-08 1.1728405939804051e-08 1.1708575192675635e-07 
3.5720086427111578e-08 2.2283981294272021e-08 1.1497816981254434e-08 1.1683247538759607e-07 
3.5419500339899540e-08 2.2094206190702925e-08 1.1275566640325874e-08 1.1657820437823756e-07 
3.5131947739744227e-08 2.1891089296233408e-08 1.1062347383533847e-08 1.1632653486525683e-07 
3.4858569115765826e-08 2.1676437244968439e-08 1.0858741052605734e-08 1.1608136625641959e-07 
3.4600512614663828e-08 2.1452048839834029e-08 1.0665215231363915e-08 1.1584680742035333e-07 
3.4358915186873236e-08 2.1219693383830477e-08 1.0482119661151761e-08 1.1562708169643992e-07 
3.4134884013581846e-08 2.0981090119325303e-08 1.0309682740247143e-08 1.1542643524342812e-07 
3.3929477695507576e-08 2.0737889111920996e-08 1.0148008117304860e-08 1.1524904649657747e-07 
3.3743687998138421e-08 2.0491654142355899e-08 9.9970716782884658e-09 1.1509893973021730e-07 
3.3578422274438046e-08 2.0243847057734970e-08 9.8567191800878039e-09 1.1497990323621038e-07 
3.3434486438342531e-08 1.9995814458694830e-08 9.7266649107425689e-09 1.1489541113737672e-07 
3.3312569327531759e-08 1.9748776197962553e-08 9.6064919307353116e-09 1.1484855206143999e-07 
3.3213228150374389e-08 1.9503815789134269e-08 9.4956543103479154e-09 1.1484196267617282e-07 
3.3136875662884263e-08 1.9261873281791401e-08 9.3934817454858196e-09 1.1487776873391562e-07 
3.3083769181803535e-08 1.9023739587437193e-08 9.2991870388310785e-09 1.1495753352046698e-07 
3.3054001544974265e-08 1.8790053164812099e-08 9.2118766883057875e-09 1.1508221390740769e-07 
3.3047494594646137e-08 1.8561298364706601e-08 9.1305645744732553e-09 1.1525212570323886e-07 
3.3063995251328353e-08 1.8337805540000063e-08 9.0541888433443801e-09 1.1546691859666960e-07 
3.3103074177068114e-08 1.8119752993630706e-08 8.9816317118964180e-09 1.1572556077099569e-07 
3.3164127588885471e-08 1.7907170497217390e-08 8.9117419132769084e-09 1.1602633489979663e-07 
3.3246382002613442e-08 1.7699944384968165e-08 8.8433593588611770e-09 1.1636684492740525e-07 
3.3348902099354528e-08 1.7497824341683647e-08 8.7753414806909398e-09 1.1674403483992092e-07 
3.3470601550199248e-08 1.7300431609925828e-08 8.7065908076883941e-09 1.1715421858115648e-07 
3.3610256887218609e-08 1.7107268965212769e-08 8.6360832514188642e-09 1.1759312212431485e-07 
3.3766523979041593e-08 1.6917732090826913e-08 8.5628965308042560e-09 1.1805593636704976e-07 
3.3937957036715370e-08 1.6731122710137986e-08 8.4862384376466512e-09 1.1853738080305545e-07 
3.4123029781245347e-08 1.6546663248132728e-08 8.4054744208362517e-09 1.1903177718953421e-07 
3.4320158259835578e-08 1.6363513134462990e-08 8.3201541742216646e-09 1.1953313166008207e-07 
3.4527725080773437e-08 1.6180786696236088e-08 8.2300368492220061e-09 1.2003522478528570e-07 
3.4744104427992431e-08 1.5997572575388089e-08 8.1351145200502822e-09 1.2053170748856400e-07 
3.4967687465192998e-08 1.5812954641169073e-08 8.0356334331589499e-09 1.2101620179197551e-07 
3.5196907592319123e-08 1.5626034126720696e-08 7.9321124061991535e-09 1.2148240439992524e-07 
3.5430265048486120e-08 1.5435953103987676e-08 7.8253576348206894e-09 1.2192419177374261e-07 
3.5666350378684597e-08 1.5241918854320731e-08 7.7164727668340341e-09 1.2233572465914108e-07 
3.5903866292408577e-08 1.5043229099973262e-08 7.6068628193319926e-09 1.2271155064261124e-07 
3.6141647440308078e-08 1.4839297826208106e-08 7.4982300454973251e-09 1.2304670279240296e-07 
3.6378677681044755e-08 1.4629681409764252e-08 7.3925594881787104e-09 1.2333679294065505e-07 
3.6614104469695730e-08 1.4414104828520471e-08 7.2920917189064590e-09 1.2357809784888631e-07 
3.6847250001737264e-08 1.4192487571015347e-08 7.1992799232399375e-09 1.2376763683505421e-07 
3.7077618761823359e-08 1.3964968995904992e-08 7.1167292022447654e-09 1.2390323918451010e-07 
3.7304901374585320e-08 1.3731932581708261e-08 7.0471168467195069e-09 1.2398360044010213e-07 
3.7528974343357421e-08 1.3494028643171680e-08 6.9930941916964520e-09 1.2400832538163961e-07 
3.7749895801072503e-08 1.3252194699988662e-08 6.9571734273459042e-09 1.2397795749737759e-07 
3.7967897022810064e-08 1.3007672861474951e-08 6.9416062481910764e-09 1.2389399287532518e-07 
3.8183369974781616e-08 1.2762022803785628e-08 6.9482638217223470e-09 1.2375887828587004e-07 
3.8396850801956621e-08 1.2517129004150465e-08 6.9785304496072762e-09 1.2357599196993678e-07 
3.8608999713595197e-08 1.2275200329974630e-08 7.0332227957915308e-09 1.2334960687441668e-07 
3.8820577506914995e-08 1.2038759873643047e-08 7.1125445449643785e-09 1.2308483573170079e-07 
3.9032419275484952e-08 1.1810622072569160e-08 7.2160816331145796e-09 1.2278755759287887e-07 
3.9245405877076192e-08 1.1593854315764371e-08 7.3428374696302618e-09 1.2246432693662375e-07 
3.9460433662034360e-08 1.1391720421050983e-08 7.4913019580566599e-09 1.2212226412034736e-07 
3.9678383589813591e-08 1.1207603634407783e-08 7.6595442498310483e-09 1.2176893099864353e-07 
3.9900090085242698e-08 1.1044908011426219e-08 7.8453179170706244e-09 1.2141219033555822e-07 
4.0126310953827468e-08 1.0906940064127831e-08 8.0461676097069763e-09 1.2106005407402037e-07 
4.0357698928385339e-08 1.0796774109181590e-08 8.2595288989648558e-09 1.2072052207365957e-07 
4.0594775624526430e-08 1.0717109823649694e-08 8.4828157389252797e-09 1.2040141466655740e-07 
4.0837908958402972e-08 1.0670132806696823e-08 8.7134929573267216e-09 1.2011020451526370e-07 
4.1087294461404572e-08 1.0657391330934060e-08 8.9491331761093719e-09 1.1985385183903545e-07 
4.1342941035183339e-08 1.0679703278742481e-08 9.1874593706510270e-09 1.1963864777401145e-07 
4.1604661558107569e-08 1.0737103684618790e-08 9.4263747571332390e-09 1.1947007183854426e-07 
4.1872068583607409e-08 1.0828840210229290e-08 9.6639822014370119e-09 1.1935266791098148e-07 
4.2144575018916428e-08 1.0953415408758785e-08 9.8985950132695220e-09 1.1928994350714812e-07 
4.2421399740852674e-08 1.1108670750569657e-08 1.0128741152088534e-08 1.1928429612620461e-07 
4.2701577745445945e-08 1.1291900601010079e-08 1.0353162181358716e-08 1.1933696899051903e-07 
4.2983974284197971e-08 1.1499983629375162e-08 1.0570808199581780e-08 1.1944803732589278e-07 
4.3267302767184107e-08 1.1729518542499397e-08 1.0780829652720012e-08 1.1961642700906682e-07 
4.3550145214679382e-08 1.1976952661158277e-08 1.0982566829704756e-08 1.1983996136844383e-07 
4.3830974952084014e-08 1.2238697678101802e-08 1.1175537377848983e-08 1.2011543548943470e-07 
4.4108180845856503e-08 1.2511225891813428e-08 1.1359422485842043e-08 1.2043871452915806e-07 
4.4380092065439873e-08 1.2791147758212296e-08 1.1534051938223775e-08 1.2080485006928516e-07 
4.4645002845134264e-08 1.3075270440071666e-08 1.1699388412603135e-08 1.2120820986165499e-07 
4.4901197052035576e-08 1.3360639055363149e-08 1.1855511145544498e-08 1.2164261803200412e-07 
4.5146971190048413e-08 1.3644564421593235e-08 1.2002599481370562e-08 1.2210149660221998e-07 
4.5380656358884515e-08 1.3924638215896834e-08 1.2140916225439229e-08 1.2257800834766513e-07 
4.5600638037576436e-08 1.4198739728902195e-08 1.2270791273495715e-08 1.2306519278554485e-07 
4.5805374004379073e-08 1.4465034795175559e-08 1.2392605667953811e-08 1.2355609503265481e-07 
4.5993409956236824e-08 1.4721969938167448e-08 1.2506776240470328e-08 1.2404388345422586e-07 
4.6163392734249525e-08 1.4968261612844427e-08 1.2613741248200527e-08 1.2452195466861845e-07 
4.6314081319885351e-08 1.5202883526004353e-08 1.2713946913436588e-08 1.2498402481919691e-07 
4.6444355596714197e-08 1.5425050803751801e-08 1.2807835225898449e-08 1.2542420698152267e-07 
4.6553222895528996e-08 1.5634202903735524e-08 1.2895833096196948e-08 1.2583707456644195e-07 
4.6639822444562287e-08 1.5829985689233530e-08 1.2978342953360562e-08 1.2621771068891464e-07 
4.6703428244672523e-08 1.6012232470204730e-08 1.3055734748766543e-08 1.2656174613963462e-07 
4.6743450137448521e-08 1.6180944550408322e-08 1.3128339463985712e-08 1.2686538531808169e-07 
4.6759433436251486e-08 1.6336272075207617e-08 1.3196444038058953e-08 1.2712542125472426e-07 
4.6751057609505389e-08 1.6478494587641355e-08 1.3260287657259967e-08 1.2733924369318334e-07 
4.6718133748061040e-08 1.6608001962753804e-08 1.3320059253117433e-08 1.2750483792020611e-07 
4.6660601202163490e-08 1.6725276172330366e-08 1.3375896086806961e-08 1.2762077709516994e-07 
4.6578524024135599e-08 1.6830873526274398e-08 1.3427883251486218e-08 1.2768621105698564e-07 
4.6472086596730769e-08 1.6925407582419618e-08 1.3476053914784601e-08 1.2770084902984277e-07 
4.6341589088115968e-08 1.7009533628092366e-08 1.3520390204041608e-08 1.2766493922148643e-07 
4.6187442813516704e-08 1.7083933695883982e-08 1.3560824397253808e-08 1.2757924608104062e-07 
4.6010165507733495e-08 1.7149303384898681e-08 1.3597240519552812e-08 1.2744502449556221e-07 
4.5810376565402948e-08 1.7206339477026656e-08 1.3629476072372577e-08 1.2726399217698734e-07 
4.5588792221237878e-08 1.7255728825398520e-08 1.3657323848051466e-08 1.2703829947074274e-07 
4.5346220904854439e-08 1.7298139194999013e-08 1.3680533745191410e-08 1.2677049748593837e-07 
4.5083558632809487e-08 1.7334210355832257e-08 1.3698814821176020e-08 1.2646350474681954e-07 
4.4801784135518267e-08 1.7364546993946866e-08 1.3711837174617791e-08 1.2612056929163733e-07 
4.4501954334203310e-08 1.7389712585192722e-08 1.3719234085083318e-08 1.2574523075125457e-07 
4.4185199486134445e-08 1.7410223665499089e-08 1.3720604270992361e-08 1.2534127825036511e-07 
4.3852718084625545e-08 1.7426545808210057e-08 1.3715514482483351e-08 1.2491270465644327e-07 
4.3505771947850609e-08 1.7439089342016042e-08 1.3703502350482502e-08 1.2446365961902288e-07 
4.3145680506353641e-08 1.7448206145075457e-08 1.3684079839817612e-08 1.2399839692126867e-07 
4.2773815334515539e-08 1.7454186955142418e-08 1.3656737081964862e-08 1.2352122112011996e-07 
4.2391594005232853e-08 1.7457258668192252e-08 1.3620946942926387e-08 1.2303643000020275e-07 
4.2000473761565649e-08 1.7457582331223435e-08 1.3576170210397624e-08 1.2254825547530689e-07 
4.1601945033695748e-08 1.7455251420968046e-08 1.3521861522017325e-08 1.2206080359042548e-07 
4.1197524328599837e-08 1.7450290198446982e-08 1.3457475957120890e-08 1.2157799307966343e-07 
4.0788747346439358e-08 1.7442653201930274e-08 1.3382476284150275e-08 1.2110349629059649e-07 
4.0377161826824753e-08 1.7432224274377055e-08 1.3296340976997336e-08 1.2064068201533840e-07 
3.9964320304034148e-08 1.7418817305133653e-08 1.3198572704838200e-08 1.2019256154806586e-07 
3.9551773338227164e-08 1.7402176857593072e-08 1.3088707331768004e-08 1.1976174214002291e-07 
3.9141062721908267e-08 1.7381980265341167e-08 1.2966323300550878e-08 1.1935038605903554e-07 
3.8733715372498872e-08 1.7357840654614644e-08 1.2831051300291671e-08 1.1896017975380755e-07 
3.8331237751917097e-08 1.7329310824755053e-08 1.2682584127110217e-08 1.1859231280506771e-07 
3.7935111005760321e-08 1.7295888953854435e-08 1.2520686523225980e-08 1.1824746849348705e-07 
3.7546787063915320e-08 1.7257024881761885e-08 1.2345205003181869e-08 1.1792582681201603e-07 
3.7167685626309735e-08 1.7212128477491173e-08 1.2156077486602504e-08 1.1762708008509343e-07 
3.6799192098047471e-08 1.7160578503114418e-08 1.1953342754327472e-08 1.1735046114439999e-07 
3.6442656675251807e-08 1.7101733511100968e-08 1.1737149580908060e-08 1.1709478444242422e-07 
3.6099394050540085e-08 1.7034943065082155e-08 1.1507765600528318e-08 1.1685849740314023e-07 
3.5770684277024774e-08 1.6959560759400460e-08 1.1265585844567208e-08 1.1663974324355573e-07 
3.5457773904589342e-08 1.6874957274359279e-08 1.1011141095998819e-08 1.1643643092979216e-07 
3.5161877670776268e-08 1.6780534674814536e-08 1.0745105991183423e-08 1.1624631259720250e-07 
3.4884180039731484e-08 1.6675740628714553e-08 1.0468307253881877e-08 1.1606706412396818e-07 
3.4625836629694731e-08 1.6560083203714346e-08 1.0181731819050326e-08 1.1589636889569085e-07 
3.4387974754034561e-08 1.6433145220182729e-08 9.8865354056964722e-09 1.1573200026587130e-07 
3.4171692995275622e-08 1.6294598729980332e-08 9.5840514828614528e-09 1.1557190164287271e-07 
3.3978059271252333e-08 1.6144218547134969e-08 9.2758008713631503e-09 1.1541426175476398e-07 
3.3808107079598901e-08 1.5981895468497427e-08 8.9635020132745020e-09 1.1525758250529640e-07 
3.3662829883098747e-08 1.5807648290767881e-08 8.6490818320520558e-09 1.1510073891220828e-07 
3.3543172969392164e-08 1.5621634892196600e-08 8.3346868926932251e-09 1.1494302732667209e-07 
3.3450023335111138e-08 1.5424161915225970e-08 8.0226939597979553e-09 1.1478420294894386e-07 
3.3384197204688406e-08 1.5215693172168549e-08 7.7157186274597782e-09 1.1462450387134624e-07 
3.3346425661154419e-08 1.4996856283504246e-08 7.4166194159072173e-09 1.1446466183243566e-07 
3.3337338601086639e-08 1.4768447688096936e-08 7.1284937894488799e-09 1.1430589854056336e-07 
3.3357447708469301e-08 1.4531435606055580e-08 6.8546607154391717e-09 1.1414990815382992e-07 
3.3407128809199278e-08 1.4286960924828375e-08 6.5986229554186970e-09 1.1399882542573781e-07 
3.3486604530152032e-08 1.4036335687379009e-08 6.3640010352757710e-09 1.1385518046407098e-07 
3.3595927905977499e-08 1.3781038933148926e-08 6.1544312721014870e-09 1.1372184099384220e-07 
3.3734967655860182e-08 1.3522709516057921e-08 5.9734230113230131e-09 1.1360194296123084e-07 
3.3903395913519633e-08 1.3263135601467440e-08 5.8241769269390109e-09 1.1349881142626980e-07 
3.4100678984890450e-08 1.3004240275637055e-08 5.7093766825375458e-09 1.1341587374224594e-07 
3.4326071578442153e-08 1.2748062993191866e-08 5.6309790158613578e-09 1.1335656671292186e-07 
3.4578614909058315e-08 1.2496736036909894e-08 5.5900370665033883e-09 1.1332424080187474e-07 
3.4857138764586370e-08 1.2252456056498098e-08 5.5865935670232804e-09 1.1332206356248575e-07 
3.5160267577068731e-08 1.2017449862811325e-08 5.6196702906426839e-09 1.1335292556204681e-07 
3.5486430275199405e-08 1.1793934849124306e-08 5.6873591287635359e-09 1.1341935126319264e-07 
3.5833873512468675e-08 1.1584074080942656e-08 5.7869971879802310e-09 1.1352341745586823e-07 
3.6200678007837785e-08 1.1389927119467672e-08 5.9153908820286484e-09 1.1366668235180663e-07 
3.6584777281627303e-08 1.1213397865732588e-08 6.0690498252868689e-09 1.1385012674535911e-07 
3.6983978231195183e-08 1.1056181515633882e-08 6.2443977314092205e-09 1.1407410936971344e-07 
3.7395983077014801e-08 1.0919713756795646e-08 6.4379407705863521e-09 1.1433833752013632e-07 
3.7818411993172723e-08 1.0805124867274821e-08 6.6463867578119289e-09 1.1464185388091904e-07 
3.8248825857475270e-08 1.0713202604630271e-08 6.8667184967700433e-09 1.1498303897927776e-07 
3.8684748569238425e-08 1.0644366969559919e-08 7.0962295903232093e-09 1.1535962837296525e-07 
3.9123688958564760e-08 1.0598659094979912e-08 7.3325324442077414e-09 1.1576874561558872e-07 
3.9563161142773177e-08 1.0575745387748414e-08 7.5735479452744474e-09 1.1620694594469581e-07 
4.0000703902547490e-08 1.0574937896180160e-08 7.8174836142816522e-09 1.1667027199352143e-07 
4.0433898221822455e-08 1.0595227669530430e-08 8.0628061099209298e-09 1.1715431722779799e-07 
4.0860383352773641e-08 1.0635330329461439e-08 8.3082114440918818e-09 1.1765429628892036e-07 
4.1277870899717654e-08 1.0693738574242032e-08 8.5525954017258071e-09 1.1816511865812180e-07 
4.1684157271326813e-08 1.0768779298388829e-08 8.7950254835719649e-09 1.1868146441494044e-07 
4.2077134378075475e-08 1.0858670181626928e-08 9.0347151965724660e-09 1.1919786063836879e-07 
4.2454798400406490e-08 1.0961573443336516e-08 9.2710008951624652e-09 1.1970875449096784e-07 
4.2815257176913898e-08 1.1075644841492316e-08 9.5033213418119739e-09 1.2020858433621338e-07 
4.3156736084793705e-08 1.1199074199892783e-08 9.7311999488511847e-09 1.2069184679303730e-07 
4.3477582167198321e-08 1.1330120140743423e-08 9.9542292913758973e-09 1.2115315676292240e-07 
4.3776267514551370e-08 1.1467135162226254e-08 1.0172057987262512e-08 1.2158730443442931e-07 
4.4051391107325663e-08 1.1608585036501656e-08 1.0384379556151979e-08 1.2198930441806162e-07 
4.4301679845275449e-08 1.1753060500174082e-08 1.0590922928990075e-08 1.2235443975914869e-07 
4.4525988698643165e-08 1.1899284393805909e-08 1.0791444751390935e-08 1.2267829992628083e-07 
4.4723300147159718e-08 1.2046113122577705e-08 1.0985722716776833e-08 1.2295681363728545e-07 
4.4892722856102130e-08 1.2192535856962259e-08 1.1173550278827369e-08 1.2318627509415663e-07 
4.5033490236240428e-08 1.2337669949590715e-08 1.1354732126612343e-08 1.2336336771974229e-07 
4.5144958129542405e-08 1.2480754937297915e-08 1.1529080552325620e-08 1.2348518083450045e-07 
4.5226602608112916e-08 1.2621145495725042e-08 1.1696412374267715e-08 1.2354922420544714e-07 
4.5278017265055845e-08 1.2758302930684093e-08 1.1856546330330818e-08 1.2355343802984602e-07 
4.5298910520317409e-08 1.2891787097780420e-08 1.2009300946798223e-08 1.2349619985402967e-07 
4.5289102838000938e-08 1.3021247771152932e-08 1.2154492538898592e-08 1.2337632885798218e-07 
4.5248523638031545e-08 1.3146416144172984e-08 1.2291933639910549e-08 1.2319308637392611e-07 
4.5177208473895599e-08 1.3267096933173830e-08 1.2421431372892409e-08 1.2294617499540643e-07 
4.5075295878683177e-08 1.3383160332409176e-08 1.2542786251561570e-08 1.2263573366671520e-07 
4.4943024570540742e-08 1.3494534891902918e-08 1.2655790860086865e-08 1.2226233211554101e-07 
4.4780730176858285e-08 1.3601199855535948e-08 1.2760228915282072e-08 1.2182696062636727e-07 
4.4588842237485187e-08 1.3703178709324027e-08 1.2855874512682132e-08 1.2133101843497598e-07 
4.4367881201264388e-08 1.3800532097616986e-08 1.2942491405285350e-08 1.2077629989676651e-07 
4.4118454955528230e-08 1.3893351325176399e-08 1.3019832878344603e-08 1.2016497557264605e-07 
4.3841255778869917e-08 1.3981751843676770e-08 1.3087641708430871e-08 1.1949957293228979e-07 
4.3537056869331135e-08 1.4065866560975035e-08 1.3145650654297575e-08 1.1878295194753843e-07 
4.3206708976354282e-08 1.4145839292384146e-08 1.3193583367274038e-08 1.1801827876652642e-07 
4.2851136659068430e-08 1.4221818004014246e-08 1.3231155657662093e-08 1.1720899494284301e-07 
4.2471334801310900e-08 1.4293948239615331e-08 1.3258077479031493e-08 1.1635878487486862e-07 
4.2068364721103189e-08 1.4362366151395060e-08 1.3274055247775467e-08 1.1547153877202139e-07 
4.1643350431029825e-08 1.4427192239937412e-08 1.3278794764291268e-08 1.1455131361153410e-07 
4.1197474855175482e-08 1.4488524604196837e-08 1.3272004666508456e-08 1.1360229159465837e-07 
4.0731975865474157e-08 1.4546433000956114e-08 1.3253400312431864e-08 1.1262873541484634e-07 
4.0248142732562072e-08 1.4600953187124723e-08 1.3222708154227666e-08 1.1163494338379114e-07 
3.9747312456313284e-08 1.4652081620404310e-08 1.3179670428662823e-08 1.1062520323826834e-07 
3.9230866296535183e-08 1.4699771590508697e-08 1.3124050341044125e-08 1.0960374457473004e-07 
3.8700226854759266e-08 1.4743929516860802e-08 1.3055637180594121e-08 1.0857469456884956e-07 
3.8156855241952241e-08 1.4784412842817075e-08 1.2974251902189089e-08 1.0754203353794754e-07 
3.7602248694367872e-08 1.4821028880715603e-08 1.2879752551580893e-08 1.0650955353862911e-07 
3.7037938959496990e-08 1.4853535210701294e-08 1.2772039769492598e-08 1.0548082232262576e-07 
3.6465490879489635e-08 1.4881640928462221e-08 1.2651062106235738e-08 1.0445915059433007e-07 
3.5886501727296481e-08 1.4905009789584992e-08 1.2516821134227044e-08 1.0344756543312308e-07 
3.5302601405149885e-08 1.4923264607254413e-08 1.2369376282911587e-08 1.0244879209495056e-07 
3.4715452654429357e-08 1.4935992346316269e-08 1.2208849283021195e-08 1.0146524052278667e-07 
3.4126752392553547e-08 1.4942751429560951e-08 1.2035428122619475e-08 1.0049900210049121e-07 
3.3538233258162901e-08 1.4943079084635809e-08 1.1849370559087686e-08 9.9551853955453455e-08 
3.2951665371556738e-08 1.4936500299193325e-08 1.1651007202067053e-08 9.8625269997848402e-08 
3.2368858611006314e-08 1.4922537190748166e-08 1.1440743758759032e-08 9.7720442224591096e-08 
3.1791664474747233e-08 1.4900718723911256e-08 1.1219063092899504e-08 9.6838307155442151e-08 
3.1221977722499975e-08 1.4870591085837952e-08 1.0986526467335313e-08 9.5979579898333747e-08 
3.0661737224441118e-08 1.4831727818779956e-08 1.0743774399257208e-08 9.5144792726967796e-08 
3.0112925642770025e-08 1.4783739986114771e-08 1.0491527069798483e-08 9.4334337751154040e-08 
2.9577567641412364e-08 1.4726285955230711e-08 1.0230584210420544e-08 9.3548512441558185e-08 
2.9057725711113941e-08 1.4659080616056328e-08 9.9618249007741192e-09 9.2787564974514321e-08 
2.8555493533954120e-08 1.4581903984461482e-08 9.6862068715732993e-09 9.2051739442246915e-08 
2.8072986199941030e-08 1.4494608824585936e-08 9.4047658889164237e-09 9.1341318463511966e-08 
2.7612326588039062e-08 1.4397127407426537e-08 9.1186150705946244e-09 9.0656660987713460e-08 
2.7175627854954305e-08 1.4289477199626619e-08 8.8289441731588920e-09 8.9998235257978537e-08 
2.6764971633979288e-08 1.4171765186229727e-08 8.5370191896374404e-09 8.9366644318250317e-08 
2.6382381820964129e-08 1.4044191195894505e-08 8.2441820539803172e-09 8.8762643903180181e-08 
2.6029794256717153e-08 1.3907049673945095e-08 7.9518505814229191e-09 8.8187151026529561e-08 
2.5709022876642611e-08 1.3760730366632954e-08 7.6615184596932719e-09 8.7641243747187673e-08 
2.5421723092326600e-08 1.3605717483536236e-08 7.3747551662917237e-09 8.7126151238800002e-08 
2.5169353553793101e-08 1.3442587592489366e-08 7.0932052580953696e-09 8.6643233926454517e-08 
2.4953138198669781e-08 1.3272006165513778e-08 6.8185864640632651e-09 8.6193955339259744e-08 
2.4774029964042664e-08 1.3094722825612412e-08 6.5526855240222827e-09 8.5779845184674820e-08 
2.4632678341422847e-08 1.2911565284396504e-08 6.2973504521656673e-09 8.5402455555448852e-08 
2.4529402633974637e-08 1.2723432062430570e-08 6.0544773946376891e-09 8.5063311075444313e-08 
2.4464172582822204e-08 1.2531283985332916e-08 5.8259900347389599e-09 8.4763855209368698e-08 
2.4436597748371992e-08 1.2336134603748128e-08 5.6138091973608871e-09 8.4505394113695765e-08 
2.4445926438921117e-08 1.2139039473400768e-08 5.4198107309570433e-09 8.4289040077693919e-08 
2.4491054442057947e-08 1.1941084565935726e-08 5.2457704213017428e-09 8.4115656946378642e-08 
2.4570543081139942e-08 1.1743373658771447e-08 5.0932966697985828e-09 8.3985808969041677e-08 
2.4682645662825694e-08 1.1547015082951515e-08 4.9637539419895821e-09 8.3899715441598776e-08 
2.4825340842463802e-08 1.1353107880492443e-08 4.8581835152292009e-09 8.3857212427662299e-08 
2.4996371193151825e-08 1.1162727419293332e-08 4.7772306624395774e-09 8.3857723508498227e-08 
2.5193284920859807e-08 1.0976910913184696e-08 4.7210893248955077e-09 8.3900239542303431e-08 
2.5413479070033009e-08 1.0796643042195880e-08 4.6894743913950697e-09 8.3983309253603201e-08 
2.5654242319609023e-08 1.0622841747200720e-08 4.6816281664384444e-09 8.4105039987086477e-08 
2.5912796083015168e-08 1.0456345026339568e-08 4.6963619717702165e-09 8.4263108511736477e-08 
2.6186332624432858e-08 1.0297898424394502e-08 4.7321274021735501e-09 8.4454781623487874e-08 
2.6472049573681918e-08 1.0148144432926506e-08 4.7871071054449779e-09 8.4676944794160892e-08 
2.6767180318875067e-08 1.0007613194259640e-08 4.8593126040429017e-09 8.4926138776415479e-08 
2.7069019877750705e-08 9.8767158563727129e-09 4.9466780111238193e-09 8.5198601260322212e-08 
2.7374946652955760e-08 9.7557400608565508e-09 5.0471409481636234e-09 8.5490313444460346e-08 
2.7682439920903303e-08 9.6448483348472789e-09 5.1587063422848028e-09 8.5797049155219161e-08 
2.7989093569434399e-08 9.5440791554288713e-09 5.2794918453648985e-09 8.6114425360710072e-08 
2.8292626366653243e-08 9.4533507963643589e-09 5.4077564062757536e-09 8.6437952780675401e-08 
2.8590889199106472e-08 9.3724679122484072e-09 5.5419148156508282e-09 8.6763085232450879e-08 
2.8881869671986083e-08 9.3011303898205270e-09 5.6805415387188537e-09 8.7085266930467387e-08 
2.9163694562689179e-08 9.2389444861236760e-09 5.8223670076250430e-09 8.7399977079888228e-08 
2.9434630449872211e-08 9.1854352092738335e-09 5.9662690978611070e-09 8.7702771215070087e-08 
2.9693082693724553e-08 9.1400601834521795e-09 6.1112617913001569e-09 8.7989318119872867e-08 
2.9937593587248120e-08 9.1022240402531427e-09 6.2564826724808094e-09 8.8255434287525616e-08 
3.0166839218992487e-08 9.0712925423576274e-09 6.4011801286792113e-09 8.8497113153402935e-08 
3.0379625879751105e-08 9.0466074732739852e-09 6.5447010589715131e-09 8.8710551256744599e-08 
3.0574886097727436e-08 9.0274996816266237e-09 6.6864793743330737e-09 8.8892171482598555e-08 
3.0751674103918758e-08 9.0133021303445564e-09 6.8260254305389119e-09 8.9038641777926350e-08 
3.0909161332296681e-08 9.0033614722939087e-09 6.9629165257584505e-09 8.9146891866449244e-08 
3.1046631973375619e-08 8.9970484641555096e-09 7.0967882536332561e-09 8.9214127872655355e-08 
3.1163478178955185e-08 8.9937669956516798e-09 7.2273269105860771e-09 8.9237842857097489e-08 
3.1259195883779369e-08 8.9929623086210065e-09 7.3542624407077352e-09 8.9215827499571142e-08 
3.1333380478484004e-08 8.9941271149313166e-09 7.4773621729494132e-09 8.9146177915515154e-08 
3.1385722719621210e-08 8.9968074690811940e-09 7.5964250965987960e-09 8.9027301855031109e-08 
3.1416004918881130e-08 9.0006066364671219e-09 7.7112765149017505e-09 8.8857924261157770e-08 
3.1424097314533375e-08 9.0051887878883049e-09 7.8217630960028890e-09 8.8637091229946669e-08 
3.1409954700309013e-08 9.0102804561954059e-09 7.9277483759367328e-09 8.8364172830360730e-08 
3.1373613065225414e-08 9.0156723968351417e-09 8.0291083736411471e-09 8.8038864336455722e-08 
3.1315186672892369e-08 9.0212191354262569e-09 8.1257276749177566e-09 8.7661187389234810e-08 
3.1234864876882049e-08 9.0268384784662306e-09 8.2174957479997004e-09 8.7231488109380004e-08 
3.1132909459009191e-08 9.0325092814295715e-09 8.3043035690262090e-09 8.6750435883001323e-08 
3.1009651497410816e-08 9.0382689675632663e-09 8.3860406547207532e-09 8.6219017591200709e-08 
3.0865488909131304e-08 9.0442090768699359e-09 8.4625925019180633e-09 8.5638534404518590e-08 
3.0700882909466442e-08 9.0504702538102803e-09 8.5338383969752738e-09 8.5010590835209070e-08 
3.0516355496308775e-08 9.0572365660034416e-09 8.5996498076330524e-09 8.4337087324375338e-08 
3.0312486026881302e-08 9.0647272682266654e-09 8.6598892270668159e-09 8.3620206676364209e-08 
3.0089907830243047e-08 9.0731897750613041e-09 8.7144095798713814e-09 8.2862398881438438e-08 
2.9849304898465922e-08 9.0828894466794320e-09 8.7630542613720430e-09 8.2066364741204650e-08 
2.9591407810809240e-08 9.0941001858904568e-09 8.8056577119533303e-09 8.1235033922767950e-08 
2.9316990126439950e-08 9.1070940518322029e-09 8.8420464174735740e-09 8.0371543462935253e-08 
2.9026863905536906e-08 9.1221299782107613e-09 8.8720407997508993e-09 7.9479210448951140e-08 
2.8721875594300058e-08 9.1394434865233029e-09 8.8954572633678547e-09 7.8561504269957460e-08 
2.8402901462016501e-08 9.1592354709635419e-09 8.9121109101061416e-09 7.7622015301849435e-08 
2.8070842901091496e-08 9.1816628369263260e-09 8.9218186223558552e-09 7.6664421049898336e-08 
2.7726621809550828e-08 9.2068289074939133e-09 8.9244024060073978e-09 7.5692451352940863e-08 
2.7371175862058415e-08 9.2347761532419825e-09 8.9196930755411589e-09 7.4709851069769443e-08 
2.7005453832511972e-08 9.2654795202068225e-09 8.9075340334642102e-09 7.3720342276897397e-08 
2.6630411104960253e-08 9.2988426239643411e-09 8.8877851457143988e-09 7.2727586146489552e-08 
2.6247005265730658e-08 9.3346947530653759e-09 8.8603266536267423e-09 7.1735144543013890e-08 
2.5856192104482174e-08 9.3727912267740185e-09 8.8250628108654241e-09 7.0746443707191629e-08 
2.5458921846241088e-08 9.4128145705420686e-09 8.7819256331084367e-09 6.9764738564563254e-08 
2.5056135818590245e-08 9.4543789321497442e-09 8.7308780526102401e-09 6.8793080513573677e-08 
2.4648763786159212e-08 9.4970353205711417e-09 8.6719169471234040e-09 6.7834289297075538e-08 
2.4237721452050521e-08 9.5402792928700483e-09 8.6050758119158404e-09 6.6890927148391384e-08 
2.3823909052773464e-08 9.5835596620179841e-09 8.5304266646953653e-09 6.5965281042549425e-08 
2.3408210024984072e-08 9.6262881260297796e-09 8.4480819811930680e-09 6.5059347364895827e-08 
2.2991490802476898e-08 9.6678501946031125e-09 8.3581955909760772e-09 6.4174825609259487e-08 
2.2574600936869656e-08 9.7076161136991466e-09 8.2609633954855413e-09 6.3313116543713020e-08 
2.2158373943330808e-08 9.7449518844855941e-09 8.1566234709085581e-09 6.2475328062369068e-08 
2.1743628771445431e-08 9.7792305883660092e-09 8.0454555153013672e-09 6.1662287051516817e-08 
2.1331171689554000e-08 9.8098428570134710e-09 7.9277799542938384e-09 6.0874557244779898e-08 
2.0921798754540042e-08 9.8362066778730833e-09 7.8039564303626497e-09 6.0112463208431635e-08 
2.0516298380802454e-08 9.8577769759471856e-09 7.6743818553865388e-09 5.9376118221217120e-08 
2.0115454411141647e-08 9.8740533763870194e-09 7.5394882414986362e-09 5.8665457003478843e-08 
1.9720049018585365e-08 9.8845876699560819e-09 7.3997397502543364e-09 5.7980270244166816e-08 
1.9330865691973153e-08 9.8889898127910050e-09 7.2556299124601070e-09 5.7320241316761491e-08 
1.8948691930734484e-08 9.8869325920497400e-09 7.1076781970556703e-09 5.6684983467056276e-08 
1.8574321376960576e-08 9.8781555570672127e-09 6.9564266528042183e-09 5.6074075437674170e-08 
1.8208555533397199e-08 9.8624673180820070e-09 6.8024362183655697e-09 5.5487096213567780e-08 
1.7852204583097903e-08 9.8397471472108185e-09 6.6462830812329342e-09 5.4923655969552758e-08 
1.7506087257859308e-08 9.8099449994783109e-09 6.4885549169530003e-09 5.4383423527695296e-08 
1.7171029472038602e-08 9.7730809553514477e-09 6.3298472079476427e-09 5.3866148855261159e-08 
1.6847861701969306e-08 9.7292432747432299e-09 6.1707595209707091e-09 5.3371680740140281e-08 
1.6537414964389270e-08 9.6785859336203049e-09 6.0118920045339596e-09 5.2899978766400152e-08 
1.6240515094289627e-08 9.6213249481296511e-09 5.8538418699331890e-09 5.2451118964941478e-08 
1.5957975683098841e-08 9.5577344183560791e-09 5.6972000450781469e-09 5.2025294494176709e-08 
1.5690589257989318e-08 9.4881412992763748e-09 5.5425478847660928e-09 5.1622810064148218e-08 
1.5439117101372855e-08 9.4129204531233860e-09 5.3904539701212318e-09 5.1244071229840979e-08 
1.5204277744660642e-08 9.3324883321636250e-09 5.2414710400987689e-09 5.0889568543421156e-08 
1.4986734595873290e-08 9.2472971026927595e-09 5.0961327108278967e-09 5.0559858449405723e-08 
1.4787082562813689e-08 9.1578278664233970e-09 4.9549504014081255e-09 5.0255538711041181e-08 
1.4605834979080370e-08 9.0645842141403137e-09 4.8184098558504835e-09 4.9977223536715128e-08 
1.4443410432246145e-08 8.9680852736458722e-09 4.6869677792266035e-09 4.9725514636541146e-08 
1.4300120671812824e-08 8.8688590643611496e-09 4.5610480096659833e-09 4.9500972603111260e-08 
1.4176159955735739e-08 8.7674358656827728e-09 4.4410376019309715e-09 4.9304087767206101e-08 
1.4071596376412184e-08 8.6643415399647800e-09 4.3272826938325534e-09 4.9135251893306053e-08 
1.3986365701207155e-08 8.5600915601012753e-09 4.2200841407441511e-09 4.8994731526671263e-08 
1.3920268019786679e-08 8.4551848642429505e-09 4.1196931948057579e-09 4.8882643640449496e-08 
1.3872967565490466e-08 8.3500984523607167e-09 4.0263073011506449e-09 4.8798934626665207e-08 
1.3843995492413265e-08 8.2452822274175443e-09 3.9400662837403428e-09 4.8743362377755285e-08 
1.3832755927736013e-08 8.1411544524360919e-09 3.8610491308537787e-09 4.8715483043990644e-08 
1.3838534468727219e-08 8.0380976622978690e-09 3.7892718164215996e-09 4.8714641404014008e-08 
1.3860509222747247e-08 7.9364552001828965e-09 3.7246863353907868e-09 4.8739965939430210e-08 
1.3897763567725493e-08 7.8365283496223014e-09 3.6671812588268730e-09 4.8790368221380472e-08 
1.3949300197339768e-08 7.7385740836707439e-09 3.6165839957422309e-09 4.8864546300204347e-08 
1.4014055822039708e-08 7.6428034759598281e-09 3.5726648929620325e-09 4.8960992131639139e-08 
1.4090916035337985e-08 7.5493807450488162e-09 3.5351430869213899e-09 4.9078002428126806e-08 
1.4178729873244460e-08 7.4584229639753005e-09 3.5036939855391255e-09 4.9213692739378005e-08 
1.4276323627826609e-08 7.3700004913634661e-09 3.4779581245042219e-09 4.9366014022573770e-08 
1.4382513696466790e-08 7.2841379049602475e-09 3.4575509974955339e-09 4.9532771734772449e-08 
1.4496118212086513e-08 7.2008157125445143e-09 3.4420734701670663e-09 4.9711646308262092e-08 
1.4615967387427044e-08 7.1199726637979721e-09 3.4311223306851623e-09 4.9900215195798875e-08 
1.4740912578767127e-08 7.0415085137030641e-09 3.4243005019158132e-09 5.0095975934309352e-08 
1.4869834023882008e-08 6.9652876016439947e-09 3.4212266087842651e-09 5.0296369445356680e-08 
1.5001647435082342e-08 6.8911427161882160e-09 3.4215434627714189e-09 5.0498804211532885e-08 
1.5135309479813068e-08 6.8188796328174158e-09 3.4249253042174600e-09 5.0700679985512119e-08 
1.5269822352371142e-08 6.7482820393756459e-09 3.4310835501338147e-09 5.0899411732471040e-08 
1.5404237487534171e-08 6.6791168271493513e-09 3.4397709573852500e-09 5.1092453047184944e-08 
1.5537658584610930e-08 6.6111398973545353e-09 3.4507841166214686e-09 5.1277319075843498e-08 
1.5669244108631259e-08 6.5441019781510614e-09 3.4639643195053889e-09 5.1451609123357962e-08 
1.5798209157956002e-08 6.4777548967985379e-09 3.4791967697254745e-09 5.1613027788627497e-08 
1.5923827076934754e-08 6.4118580103991219e-09 3.4964082635616363e-09 5.1759406033259805e-08 
1.6045430599165931e-08 6.3461844180250574e-09 3.5155634051262219e-09 5.1888720587246916e-08 
1.6162412660367332e-08 6.2805275296919782e-09 3.5366595519721131e-09 5.1999112307784281e-08 
1.6274226997337961e-08 6.2147073794035410e-09 3.5597205627855706e-09 5.2088903392301056e-08 
1.6380388295113885e-08 6.1485765476702251e-09 3.5847897467229022e-09 5.2156612684581045e-08 
1.6480472118171347e-08 6.0820261865613553e-09 3.6119219983039430e-09 5.2200969480374413e-08 
1.6574114448819052e-08 6.0149912433302741e-09 3.6411756612496852e-09 5.2220925226667791e-08 
1.6661010940862733e-08 5.9474554804501502e-09 3.6726042212027509e-09 5.2215663454851165e-08 
1.6740915683733307e-08 5.8794555388490781e-09 3.7062482759958464e-09 5.2184606851304323e-08 
1.6813639641737428e-08 5.8110845746907858e-09 3.7421279332578619e-09 5.2127422365989513e-08 
1.6879048610463693e-08 5.7424945490003819e-09 3.7802362378776555e-09 5.2044023142047204e-08 
1.6937060796578286e-08 5.6738979097864191e-09 3.8205333727930437e-09 5.1934568093227983e-08 
1.6987643812876474e-08 5.6055675003704232e-09 3.8629425071663523e-09 5.1799457945736548e-08 
1.7030811354558259e-08 5.5378356524375931e-09 3.9073468058881896e-09 5.1639328586171815e-08 
1.7066619426539955e-08 5.4710910698423522e-09 3.9535881505530104e-09 5.1455041336125685e-08 
1.7095161998805466e-08 5.4057744993594179e-09 4.0014672724411492e-09 5.1247669363394744e-08 
1.7116566521497060e-08 5.3423721604339821e-09 4.0507453884560858e-09 5.1018481875059552e-08 
1.7130988875707139e-08 5.2814074571691043e-09 4.1011471915048208e-09 5.0768924149242525e-08 
1.7138608396025132e-08 5.2234304803865391e-09 4.1523649168871762e-09 5.0500596311635194e-08 
1.7139622280985755e-08 5.1690055586933613e-09 4.2040634579695935e-09 5.0215227246096304e-08 
1.7134240276811909e-08 5.1186973966966572e-09 4.2558860560428408e-09 4.9914647965191546e-08 
1.7122679226066732e-08 5.0730551565662519e-09 4.3074606038376587e-09 4.9600762310253238e-08 
1.7105157670454540e-08 5.0325959377374731e-09 4.3584060724077616e-09 4.9275515884485626e-08 
1.7081890745588842e-08 4.9977879483845540e-09 4.4083390810164682e-09 4.8940864377013158e-08 
1.7053085374859895e-08 4.9690336328786555e-09 4.4568802724933467e-09 4.8598741393733932e-08 
1.7018935840906726e-08 4.9466543789059897e-09 4.5036603906763339e-09 4.8251026621848333e-08 
1.6979619932984833e-08 4.9308772896472947e-09 4.5483259029261614e-09 4.7899515123099761e-08 
1.6935295525466551e-08 4.9218248475523260e-09 4.5905441344379623e-09 4.7545887532219012e-08 
1.6886098166186780e-08 4.9195079534337639e-09 4.6300078369833229e-09 4.7191684617827640e-08 
1.6832138841352383e-08 4.9238235238416050e-09 4.6664389527482806e-09 4.6838282118609835e-08 
1.6773503184719568e-08 4.9345560762717533e-09 4.6995918759019206e-09 4.6486872848981577e-08 
1.6710250803054086e-08 4.9513830765919828e-09 4.7292559195262032e-09 4.6138449959753915e-08 
1.6642415805888485e-08 4.9738848823188127e-09 4.7552570347553238e-09 4.5793797143483746e-08 
1.6570007944281023e-08 5.0015567803023026e-09 4.7774590157602419e-09 4.5453483144118621e-08 
1.6493014360712427e-08 5.0338242482301495e-09 4.7957638787727732e-09 4.5117861156258917e-08 
1.6411402314243999e-08 5.0700586580735332e-09 4.8101116632833135e-09 4.4787074830993670e-08 
1.6325121958485335e-08 5.1095943957822281e-09 4.8204797354344539e-09 4.4461067093935585e-08 
1.6234110202634289e-08 5.1517453699140468e-09 4.8268813797995780e-09 4.4139596433333712e-08 
1.6138294355902280e-08 5.1958203720984738e-09 4.8293640896867055e-09 4.3822253967299507e-08 
1.6037596741167958e-08 5.2411380473916809e-09 4.8280071856952928e-09 4.3508488328511946e-08 
1.5931938708314636e-08 5.2870387685925217e-09 4.8229193094928814e-09 4.3197628840932280e-08 
1.5821245419832987e-08 5.3328965398380827e-09 4.8142354046891536e-09 4.2888913959984562e-08 
1.5705450281005005e-08 5.3781269092963539e-09 4.8021134886678046e-09 4.2581520300198267e-08 
1.5584499146865520e-08 5.4221946531102153e-09 4.7867312785213625e-09 4.2274590828211354e-08 
1.5458354666977717e-08 5.4646190488936664e-09 4.7682826350408737e-09 4.1967264419252880e-08 
1.5327000143126746e-08 5.5049771192890177e-09 4.7469739682341901e-09 4.1658704052173717e-08 
1.5190442926554866e-08 5.5429060402635195e-09 4.7230206851923316e-09 4.1348122223333260e-08 
1.5048717833996452e-08 5.5781039860487301e-09 4.6966435136620023e-09 4.1034806219874878e-08 
1.4901889744623747e-08 5.6103294973820051e-09 4.6680653287644400e-09 4.0718139586001178e-08 
1.4750056042844008e-08 5.6394004887046936e-09 4.6375076695748869e-09 4.0397621458521510e-08 
1.4593348423848494e-08 5.6651917179363235e-09 4.6051879453335715e-09 4.0072882348366393e-08 
1.4431934466068231e-08 5.6876323856554686e-09 4.5713165126729769e-09 3.9743697853312348e-08 
1.4266018595373238e-08 5.7067020997805171e-09 4.5360943539574119e-09 3.9409998625057627e-08 
1.4095842639289981e-08 5.7224276334034504e-09 4.4997108552660132e-09 3.9071876763232485e-08 
1.3921686299387650e-08 5.7348781954579957e-09 4.4623420161757604e-09 3.8729591335938477e-08 
1.3743866667398472e-08 5.7441613691613835e-09 4.4241490136886537e-09 3.8383567687051365e-08 
1.3562738228229757e-08 5.7504181828210298e-09 4.3852769400611328e-09 3.8034398493686161e-08 
1.3378691641717213e-08 5.7538186111877508e-09 4.3458540870855396e-09 3.7682837388147050e-08 
1.3192153106920649e-08 5.7545568073287113e-09 4.3059912603027218e-09 3.7329794602909315e-08 
1.3003582913459264e-08 5.7528464348336767e-09 4.2657815410457267e-09 3.6976327667321105e-08 
1.2813473906512506e-08 5.7489160439249767e-09 4.2253002068232147e-09 3.6623630742363033e-08 
1.2622349691319432e-08 5.7430047383420039e-09 4.1846048459638538e-09 3.6273021803644724e-08 
1.2430762853829408e-08 5.7353578075887713e-09 4.1437356488812116e-09 3.5925929085591317e-08 
1.2239292395046669e-08 5.7262226845738965e-09 4.1027158120444636e-09 3.5583873110375539e-08 
1.2048541388362813e-08 5.7158451800239712e-09 4.0615521646878414e-09 3.5248449304004089e-08 
1.1859134095038536e-08 5.7044656237112883e-09 4.0202356974992010e-09 3.4921307891766730e-08 
1.1671712613191141e-08 5.6923157617838648e-09 3.9787423779292664e-09 3.4604131261617569e-08 
1.1486933396454275e-08 5.6796152930899565e-09 3.9370338656856365e-09 3.4298611546544118e-08 
1.1305463006044134e-08 5.6665692128133490e-09 3.8950584995603311e-09 3.4006424695949517e-08 
1.1127973662497024e-08 5.6533649194734462e-09 3.8527521557513821e-09 3.3729205219953042e-08 
1.0955137869172261e-08 5.6401699130235170e-09 3.8100394725934880e-09 3.3468518295090144e-08 
1.0787622863500213e-08 5.6271294038250945e-09 3.7668348162530992e-09 3.3225833149258778e-08 
1.0626083976963694e-08 5.6143645925959471e-09 3.7230438519746910e-09 3.3002494104420387e-08 
1.0471158039775990e-08 5.6019707229498408e-09 3.6785648521262248e-09 3.2799695202338226e-08 
1.0323455620650022e-08 5.5900156770317934e-09 3.6332904157185307e-09 3.2618453203084689e-08 
1.0183553248563622e-08 5.5785389955384253e-09 3.5871092878239239e-09 3.2459584435638336e-08 
1.0051985280226163e-08 5.5675507350902735e-09 3.5399083534669070e-09 3.2323684144166262e-08 
9.9292355745159878e-09 5.5570312166380553e-09 3.4915748499720463e-09 3.2211108885902327e-08 
9.8157293630980185e-09 5.5469306178687913e-09 3.4419987907055831e-09 3.2121963487843967e-08 
9.7118256676197769e-09 5.5371694492154784e-09 3.3910754244467878e-09 3.2056093212938967e-08 
9.6178102086621621e-09 5.5276389806445434e-09 3.3387080604652155e-09 3.2013080412617353e-08 
9.5338896667898043e-09 5.5182024470742971e-09 3.2848108165860493e-09 3.1992247744541870e-08 
9.4601869435096473e-09 5.5086964789370980e-09 3.2293116366410546e-09 3.1992665535440624e-08 
9.3967383475976688e-09 5.4989331113845400e-09 3.1721552016037722e-09 3.2013166036013105e-08 
9.3434923778945588e-09 5.4887021576677556e-09 3.1133061363853763e-09 3.2052361199037364e-08 
9.3003105742568823e-09 5.4777739584479669e-09 3.0527519320191457e-09 3.2108666077511660e-08 
9.2669702798728544e-09 5.4659026610227048e-09 2.9905060772971337e-09 3.2180324975954285e-08 
9.2431693067848727e-09 5.4528296541922320e-09 2.9266110196964145e-09 3.2265440844939558e-08 
9.2285324621980240e-09 5.4382875378774707e-09 2.8611410572070338e-09 3.2362006834875408e-08 
9.2226194769056223e-09 5.4220040818953442e-09 2.7942051890357418e-09 3.2467938634242134e-08 
9.2249342064446208e-09 5.4037065848928132e-09 2.7259497015011918e-09 3.2581107407565689e-08 
9.2349346380183975e-09 5.3831261669079024e-09 2.6565606974061030e-09 3.2699371945439855e-08 
9.2520434043679319e-09 5.3600022767931671e-09 2.5862663486874969e-09 3.2820609863255578e-08 
9.2756585215723577e-09 5.3340870901977861e-09 2.5153388942810132e-09 3.2942747429152480e-08 
9.3051636024106910e-09 5.3051497510311219e-09 2.4440963088436157e-09 3.3063786094158434e-08 
9.3399378667053249e-09 5.2729806658420034e-09 2.3729034290083653e-09 3.3181827593026964e-08 
9.3793651545911028e-09 5.2373953256775386e-09 2.3021725494463987e-09 3.3295095504801450e-08 
9.4228420422352237e-09 5.1982381060346220e-09 2.2323630418956153e-09 3.3401953869598069e-08 
9.4697848599480296e-09 5.1553855448163446e-09 2.1639798766069859e-09 3.3500922732934100e-08 
9.5196354814177563e-09 5.1087494440121694e-09 2.0975704631908680e-09 3.3590690294631557e-08 
9.5718659535168832e-09 5.0582794051989743e-09 2.0337194366746854e-09 3.3670122000404619e-08 
9.6259818876305186e-09 5.0039651238802205e-09 1.9730407136341755e-09 3.3738266324667080e-08 
9.6815247585977154e-09 4.9458380173133962e-09 1.9161662864923363e-09 3.3794357535088285e-08 
9.7380730880599219e-09 4.8839726362660023e-09 1.8637312147968977e-09 3.3837815528280512e-08 
9.7952427264334819e-09 4.8184873562020385e-09 1.8163546627707142e-09 3.3868242791777693e-08 
9.8526862111988507e-09 4.7495447301800205e-09 1.7746171360132904e-09 3.3885418764898018e-08 
9.9100914807542899e-09 4.6773513096507276e-09 1.7390349588171021e-09 3.3889291876430063e-08 
9.9671799093250307e-09 4.6021569365383262e-09 1.7100337215749713e-09 3.3879969215974472e-08 
1.0023703902080459e-08 4.5242535239402648e-09 1.6879233337922203e-09 3.3857704333187851e-08 
1.0079444162001344e-08 4.4439733896291525e-09 1.6728776401162579e-09 3.3822883447854202e-08 
1.0134206645502017e-08 4.3616869442923834e-09 1.6649216528437510e-09 3.3776010035319832e-08 
1.0187819459321787e-08 4.2778000235792212e-09 1.6639285743291603e-09 3.3717688343092261e-08 
1.0240129734496811e-08 4.1927504659866647e-09 1.6696272898265283e-09 3.3648606409620573e-08 
1.0291000478936512e-08 4.1070043347799145e-09 1.6816196558436376e-09 3.3569517974595881e-08 
1.0340307720887898e-08 4.0210514414789833e-09 1.6994050279078818e-09 3.3481224930309527e-08 
1.0387937750904212e-08 3.9354003251325193e-09 1.7224091078623554e-09 3.3384559439190831e-08 
1.0433784683216631e-08 3.8505725929401047e-09 1.7500133661529436e-09 3.3280366739055141e-08 
1.0477748326423486e-08 3.7670967524693237e-09 1.7815827820853729e-09 3.3169488718223642e-08 
1.0519732445092522e-08 3.6855013300388780e-09 1.8164893632310926e-09 3.3052748761803762e-08 
1.0559643247457624e-08 3.6063074554887927e-09 1.8541308681524650e-09 3.2930937493053897e-08 
1.0597388411929008e-08 3.5300211769699018e-09 1.8939443467223753e-09 3.2804800664405395e-08 
1.0632876324565460e-08 3.4571249558678440e-09 1.9354151056211911e-09 3.2675028391549452e-08 
1.0666015731061885e-08 3.3880695512183838e-09 1.9780813688520929e-09 3.2542246516702201e-08 
1.0696715671626473e-08 3.3232654737542102e-09 2.0215361399365728e-09 3.2407009963644979e-08 
1.0724885636649546e-08 3.2630752025630654e-09 2.0654263862197617e-09 3.2269797815896031e-08 
1.0750436161260906e-08 3.2078057536135247e-09 2.1094506660233365e-09 3.2131011333182314e-08 
1.0773279247113105e-08 3.1577027063197004e-09 2.1533556010302265e-09 3.1990972347639186e-08 
1.0793329389799293e-08 3.1129454294288762e-09 2.1969317398820383e-09 3.1849925539200233e-08 
1.0810504181161877e-08 3.0736442936957504e-09 2.2400090416498790e-09 3.1708040121558421e-08 
1.0824725507879712e-08 3.0398399850170812e-09 2.2824522398273837e-09 3.1565415320157009e-08 
1.0835920331916868e-08 3.0115050496675430e-09 2.3241564138570095e-09 3.1422085200929939e-08 
1.0844021737921023e-08 2.9885475779735377e-09 2.3650426247922453e-09 3.1278026055635975e-08 
1.0848969740463256e-08 2.9708169727763294e-09 2.4050539665036202e-09 3.1133163440467079e-08 
1.0850712192928031e-08 2.9581116678194121e-09 2.4441518495440856e-09 3.0987380747842087e-08 
1.0849205491131348e-08 2.9501877478505011e-09 2.4823127328806890e-09 3.0840527741274183e-08 
1.0844415190999664e-08 2.9467685946542883e-09 2.5195252058674626e-09 3.0692429400604612e-08 
1.0836316556498588e-08 2.9475549517542430e-09 2.5557874113515926e-09 3.0542894656559871e-08 
1.0824895007422645e-08 2.9522343969073640e-09 2.5911049213724397e-09 3.0391725463760763e-08 
1.0810146456608645e-08 2.9604904290523782e-09 2.6254888525382461e-09 3.0238725119405724e-08 
1.0792077575436708e-08 2.9720105289852372e-09 2.6589543314381270e-09 3.0083706741751998e-08 
1.0770705973302201e-08 2.9864928214062226e-09 2.6915192321766264e-09 2.9926501343706068e-08 
1.0746060160204862e-08 3.0036517892305533e-09 2.7232031598910850e-09 2.9766964748521235e-08 
1.0718179850275376e-08 3.0232225777090978e-09 2.7540265618656259e-09 2.9604985563444217e-08 
1.0687115839309552e-08 3.0449635152730174e-09 2.7840100668494956e-09 2.9440491323362354e-08 
1.0652930014864856e-08 3.0686585038067637e-09 2.8131737314358271e-09 2.9273454753162902e-08 
1.0615695404669667e-08 3.0941169709499954e-09 2.8415366375186952e-09 2.9103900028848766e-08 
1.0575496004571144e-08 3.1211745965574994e-09 2.8691161961258989e-09 2.8931906885764591e-08 
1.0532426991299058e-08 3.1496917853323708e-09 2.8959276353906665e-09 2.8757616878159802e-08 
1.0486594410811153e-08 3.1795524720915331e-09 2.9219833711814883e-09 2.8581236302495793e-08 
1.0438115241327195e-08 3.2106622202983547e-09 2.9472923634777968e-09 2.8403039895621393e-08 
1.0387117323867277e-08 3.2429457807719804e-09 2.9718593784724657e-09 2.8223374161870978e-08 
1.0333739016281791e-08 3.2763447707364664e-09 2.9956841818699619e-09 2.8042658135473178e-08 
1.0278129174975959e-08 3.3108146605193385e-09 3.0187608655360516e-09 2.7861385071393321e-08 
1.0220446648213234e-08 3.3463223366066241e-09 3.0410768472987894e-09 2.7680121366708891e-08 
1.0160859923415916e-08 3.3828426332699511e-09 3.0626122551862739e-09 2.7499505165889847e-08 
1.0099546452714944e-08 3.4203559358436462e-09 3.0833390013415210e-09 2.7320242749139814e-08 
1.0036691931736980e-08 3.4588448447742723e-09 3.1032201642979480e-09 2.7143104137833169e-08 
9.9724892400841471e-09 3.4982914937009340e-09 3.1222094966276181e-09 2.6968915414366077e-08 
9.9071373380776562e-09 3.5386746109319867e-09 3.1402509250683959e-09 2.6798550968124095e-08 
9.8408397478432155e-09 3.5799668792775336e-09 3.1572783923704198e-09 2.6632921886476395e-08 
9.7738030776545186e-09 3.6221324677440715e-09 3.1732158424217652e-09 2.6472964564459494e-08 
9.7062348887620663e-09 3.6651244850147580e-09 3.1879774728438929e-09 2.6319624615957167e-08 
9.6383418185569349e-09 3.7088831309215572e-09 3.2014682090286263e-09 2.6173841531981821e-08 
9.5703272437393677e-09 3.7533335830924417e-09 3.2135844952237104e-09 2.6036530875107040e-08 
9.5023887788696608e-09 3.7983847039855081e-09 3.2242152639195637e-09 2.5908564775789682e-08 
9.4347157825146428e-09 3.8439276451307034e-09 3.2332431819286167e-09 2.5790752735194627e-08 
9.3674866998075135e-09 3.8898353371147272e-09 3.2405461455729951e-09 2.5683820931737260e-08 
9.3008666264686585e-09 3.9359616704092504e-09 3.2459989142074071e-09 2.5588394360972127e-08 
9.2350044697394397e-09 3.9821417785518935e-09 3.2494749056538083e-09 2.5504976278680458e-08 
9.1700308923976265e-09 4.0281925525001847e-09 3.2508481892407919e-09 2.5433933067003916e-08 
9.1060561095366499e-09 4.0739130162604933e-09 3.2499954232033442e-09 2.5375479972267335e-08 
9.0431678707315119e-09 4.1190859967505281e-09 3.2467979892451559e-09 2.5329668243322231e-08 
8.9814304204172968e-09 4.1634796286666279e-09 3.2411439379526006e-09 2.5296379671792169e-08 
8.9208831974388521e-09 4.2068489927723778e-09 3.2329300313750557e-09 2.5275320976126296e-08 
8.8615405301632131e-09 4.2489388327052921e-09 3.2220636622158036e-09 2.5266024489759847e-08 
8.8033918578940240e-09 4.2894856142100866e-09 3.2084645179726657e-09 2.5267853847799083e-08 
8.7464020080635867e-09 4.3282205751531297e-09 3.1920663123210213e-09 2.5280010238478197e-08 
8.6905131418642479e-09 4.3648724852218522e-09 3.1728181117935260e-09 2.5301548005738256e-08 
8.6356460113357857e-09 4.3991705484270400e-09 3.1506855645897730e-09 2.5331388224366526e-08 
8.5817027465164934e-09 4.4308476116501519e-09 3.1256519215123067e-09 2.5368339029459152e-08 
8.5285696936975388e-09 4.4596430999853443e-09 3.0977186407753061e-09 2.5411116917824439e-08 
8.4761207734159567e-09 4.4853061353778531e-09 3.0669060115382490e-09 2.5458369510107680e-08 
8.4242213305366074e-09 4.5075983507021828e-09 3.0332532663515556e-09 2.5508700232611626e-08 
8.3727321398677751e-09 4.5262966625029960e-09 2.9968185967847440e-09 2.5560692660337007e-08 
8.3215137051555195e-09 4.5411960862140594e-09 2.9576788668530139e-09 2.5612934956614464e-08 
8.2704306444316829e-09 4.5521118569979721e-09 2.9159290791609943e-09 2.5664043849035639e-08 
8.2193559718698902e-09 4.5588818066307013e-09 2.8716816925278826e-09 2.5712686566827105e-08 
8.1681754880775187e-09 4.5613681953368630e-09 2.8250656505922004e-09 2.5757601792842992e-08 
8.1167918556724289e-09 4.5594592449232456e-09 2.7762252770914056e-09 2.5797618831572575e-08 
8.0651283190429014e-09 4.5530707575998448e-09 2.7253190135287167e-09 2.5831673346786420e-08 
8.0131324673148080e-09 4.5421466980326939e-09 2.6725180524090965e-09 2.5858822981016430e-08 
7.9607790412256279e-09 4.5266602836004684e-09 2.6180048089195209e-09 2.5878257784763798e-08 
7.9080727301907792e-09 4.5066141235476744e-09 2.5619714122706350e-09 2.5889310535741001e-08 
7.8550502062278438e-09 4.4820403871694995e-09 2.5046181007776083e-09 2.5891463115938169e-08 
7.8017817020757941e-09 4.4530004846273450e-09 2.4461516073539570e-09 2.5884351311936487e-08 
7.7483719163071879e-09 4.4195846393681516e-09 2.3867837018942029e-09 2.5867766377547577e-08 
7.6949604242287151e-09 4.3819109057347841e-09 2.3267295734040122e-09 2.5841655412709144e-08 
7.6417213285858701e-09 4.3401241991230349e-09 2.2662065388120881e-09 2.5806118559881573e-08 
7.5888624105079451e-09 4.2943948894175893e-09 2.2054327133794408e-09 2.5761404991286230e-08 
7.5366235076530906e-09 4.2449172385843246e-09 2.1446259124786554e-09 2.5707906503289071e-08 
7.4852743339740352e-09 4.1919076531820694e-09 2.0840026688301010e-09 2.5646149510716968e-08 
7.4351116789659486e-09 4.1356027205456739e-09 2.0237775087832997e-09 2.5576785564296035e-08 
7.3864559804770682e-09 4.0762571607283866e-09 1.9641623475502665e-09 2.5500580219900476e-08 
7.3396472913737850e-09 4.0141415595817484e-09 1.9053661836693893e-09 2.5418400465290936e-08 
7.2950408890305494e-09 3.9495402383910640e-09 1.8475948319449457e-09 2.5331201814308069e-08 
7.2530021120339140e-09 3.8827487072950688e-09 1.7910510500182388e-09 2.5240013043117501e-08 
7.2139011113693684e-09 3.8140715748092268e-09 1.7359346868346230e-09 2.5145921362616334e-08 
7.1781071432403694e-09 3.7438199829979485e-09 1.6824429582487585e-09 2.5050056612810415e-08 
7.1459825680062555e-09 3.6723094130626993e-09 1.6307708497990574e-09 2.4953574382198798e-08 
7.1178768992577817e-09 3.5998574197206906e-09 1.5811115161809231e-09 2.4857639750747950e-08 
7.0941208290813734e-09 3.5267814831881072e-09 1.5336565267148827e-09 2.4763410535881760e-08 
7.0750203625231873e-09 3.4533968722853329e-09 1.4885960688743671e-09 2.4672020735869247e-08 
7.0608513730091952e-09 3.3800148123346800e-09 1.4461187434836343e-09 2.4584564525826084e-08 
7.0518545780294973e-09 3.3069405546566748e-09 1.4064110612153894e-09 2.4502081037202917e-08 
7.0482310941476712e-09 3.2344718009414065e-09 1.3696564170448724e-09 2.4425539653045384e-08 
7.0501387979611394e-09 3.1628971061370654e-09 1.3360334858197150e-09 2.4355826970038232e-08 
7.0576894518023741e-09 3.0924945014044846e-09 1.3057139926822792e-09 2.4293734719586504e-08 
7.0709468056650371e-09 3.0235302536072522e-09 1.2788598730993352e-09 2.4239949641259393e-08 
7.0899256396699175e-09 2.9562577382437253e-09 1.2556198303469255e-09 2.4195045128644171e-08 
7.1145917380919014e-09 2.8909164458805668e-09 1.2361256016189701e-09 2.4159474571268276e-08 
7.1448628822097031e-09 2.8277311246722058e-09 1.2204879211843268e-09 2.4133567226517436e-08 
7.1806106419487797e-09 2.7669110008221983e-09 1.2087928065631157e-09 2.4117525904789601e-08 
7.2216629914485896e-09 2.7086491257962898e-09 1.2010982564076826e-09 2.4111427052596243e-08 
7.2678076304548115e-09 2.6531218059650440e-09 1.1974318494232142e-09 2.4115223010748166e-08 
7.3187957551600688e-09 2.6004881396055142e-09 1.1977894810255532e-09 2.4128746154209944e-08 
7.3743463298185681e-09 2.5508896482731641e-09 1.2021353915474093e-09 2.4151715296254907e-08 
7.4341505393215861e-09 2.5044500772538215e-09 1.2104035548743187e-09 2.4183743385210660e-08 
7.4978764507314757e-09 2.4612751898341998e-09 1.2225002295480743e-09 2.4224347325051382e-08 
7.5651735605450524e-09 2.4214528657743722e-09 1.2383074351692588e-09 2.4272958451370111e-08 
7.6356774290412122e-09 2.3850532891272162e-09 1.2576870412483178e-09 2.4328934597090294e-08 
7.7090139095429702e-09 2.3521292451384465e-09 1.2804850169093566e-09 2.4391572388196527e-08 
7.7848033223385320e-09 2.3227168506751405e-09 1.3065356024841402e-09 2.4460120489990181e-08 
7.8626641421054415e-09 2.2968361302229881e-09 1.3356650236537303e-09 2.4533792545019412e-08 
7.9422164979547649e-09 2.2744922480132052e-09 1.3676945826522485e-09 2.4611780473278450e-08 
8.0230852138846559e-09 2.2556764457557151e-09 1.4024431156501004e-09 2.4693267351556860e-08 
8.1049024196175667e-09 2.2403675342663583e-09 1.4397286491015972e-09 2.4777439282440369e-08 
8.1873099633345166e-09 2.2285333165824014e-09 1.4793694737660116e-09 2.4863497640515567e-08 
8.2699612178932846e-09 2.2201320616513262e-09 1.5211845582184591e-09 2.4950669121851734e-08 
8.3525227478102458e-09 2.2151141919957797e-09 1.5649935633868304e-09 2.5038215869772385e-08 
8.4346754500374257e-09 2.2134234910317755e-09 1.6106165272434444e-09 2.5125443667416263e-08 
8.5161155277561170e-09 2.2149985823745867e-09 1.6578732640559797e-09 2.5211709485206715e-08 
8.5965549820876019e-09 2.2197740464202424e-09 1.7065827814716936e-09 2.5296427159714773e-08 
8.6757219957758534e-09 2.2276812086158627e-09 1.7565625777131933e-09 2.5379072136623455e-08 
8.7533609691608009e-09 2.2386487190073961e-09 1.8076280467228441e-09 2.5459184772450094e-08 
8.8292322193411904e-09 2.2526028164606302e-09 1.8595920467037457e-09 2.5536371291128182e-08 
8.9031118303006297e-09 2.2694671123676157e-09 1.9122645249663395e-09 2.5610305719408250e-08 
8.9747906311442587e-09 2.2891622719420674e-09 1.9654524631914078e-09 2.5680726428314090e-08 
9.0440739193138519e-09 2.3116054985535893e-09 2.0189599198025436e-09 2.5747436361643498e-08 
9.1107801262056119e-09 2.3367088593239645e-09 2.0725883268191886e-09 2.5810297026599812e-08 
9.1747400780301137e-09 2.3643793820967318e-09 2.1261369834286749e-09 2.5869225044666301e-08 
9.2357957704605070e-09 2.3945164880562976e-09 2.1794037265556352e-09 2.5924185560233471e-08 
9.2937992204162610e-09 2.4270117389406118e-09 2.2321857341812989e-09 2.5975185592033303e-08 
9.3486112561446574e-09 2.4617473390134621e-09 2.2842806041466962e-09 2.6022265749460851e-08 
9.4001004771743071e-09 2.4985946926366429e-09 2.3354873282263511e-09 2.6065493257792605e-08 
9.4481418092412587e-09 2.5374140796696851e-09 2.3856075872778249e-09 2.6104951290676808e-08 
9.4926157412467418e-09 2.5780535901504719e-09 2.4344469576647050e-09 2.6140732088182164e-08 
9.5334070688367868e-09 2.6203487495234331e-09 2.4818162129120284e-09 2.6172926737040744e-08 
9.5704040603347710e-09 2.6641227468743898e-09 2.5275326461965734e-09 2.6201616803921735e-08 
9.6034978038647631e-09 2.7091862788613497e-09 2.5714213328381722e-09 2.6226866706129957e-08 
9.6325814564087678e-09 2.7553382636021683e-09 2.6133163349682579e-09 2.6248715455355990e-08 
9.6575498411756645e-09 2.8023668711394765e-09 2.6530619775439118e-09 2.6267170415038780e-08 
9.6782993114600929e-09 2.8500501849374755e-09 2.6905138340942210e-09 2.6282202247619440e-08 
9.6947274884445161e-09 2.8981582798693055e-09 2.7255397477839629e-09 2.6293739183750457e-08 
9.7067336692595944e-09 2.9464542986150652e-09 2.7580207021005075e-09 2.6301665952221928e-08 
9.7142188917181524e-09 2.9946964785373851e-09 2.7878515410592721e-09 2.6305820452279664e-08 
9.7170867074986451e-09 3.0426402073892931e-09 2.8149415104873828e-09 2.6305994840685129e-08 
9.7152438028953766e-09 3.0900398972624976e-09 2.8392147815274601e-09 2.6301936250529998e-08 
9.7086009458926103e-09 3.1366512443617296e-09 2.8606105443427338e-09 2.6293350095349333e-08 
9.6970739779418487e-09 3.1822332052061071e-09 2.8790833156416257e-09 2.6279903942739944e-08 
9.6805850667596024e-09 3.2265503672700699e-09 2.8946027009678269e-09 2.6261232951938011e-08 
9.6590640881544473e-09 3.2693748000192246e-09 2.9071533245645408e-09 2.6236946740893030e-08 
9.6324499884105471e-09 3.3104879694186476e-09 2.9167343158170295e-09 2.6206636682232054e-08 
9.6006922970977001e-09 3.3496829553402421e-09 2.9233588962992098e-09 2.6169884287640287e-08 
9.5637526054304781e-09 3.3867656366560375e-09 2.9270537185015145e-09 2.6126270074437545e-08 
9.5216062378937553e-09 3.4215567935782079e-09 2.9278580055211271e-09 2.6075383025483939e-08 
9.4742437214001097e-09 3.4538930457441889e-09 2.9258227966253998e-09 2.6016829582986079e-08 
9.4216724117266233e-09 3.4836283513578759e-09 2.9210098180270461e-09 2.5950243872004831e-08 
9.3639179191046517e-09 3.5106347593939124e-09 2.9134905781853201e-09 2.5875296332516988e-08 
9.3010255299219384e-09 3.5348033749117614e-09 2.9033451583493547e-09 2.5791702659420041e-08 
9.2330616180247706e-09 3.5560447729566698e-09 2.8906610777896699e-09 2.5699232813022022e-08 
9.1601148107340391e-09 3.5742894467249971e-09 2.8755321630636305e-09 2.5597717939951189e-08 
9.0822971900859429e-09 3.5894879385251354e-09 2.8580573442010027e-09 2.5487058136425893e-08 
8.9997452950174522e-09 3.6016106513379937e-09 2.8383394963509806e-09 2.5367228081119116e-08 
8.9126209833141508e-09 3.6106478227308102e-09 2.8164843510448928e-09 2.5238282423539775e-08 
8.8211123695935168e-09 3.6166087903772677e-09 2.7925994128900364e-09 2.5100360682547744e-08 
8.7254341422057126e-09 3.6195216070578946e-09 2.7667929690871635e-09 2.4953689291108346e-08 
8.6258284072059745e-09 3.6194321206492219e-09 2.7391731630130461e-09 2.4798584981588547e-08 
8.5225648947338538e-09 3.6164030053599663e-09 2.7098472058167370e-09 2.4635455475550397e-08 
8.4159411288735335e-09 3.6105128165837502e-09 2.6789206263015065e-09 2.4464799401049437e-08 
8.3062827465673543e-09 3.6018546208123842e-09 2.6464966663627778e-09 2.4287206268599336e-08 
8.1939430786750180e-09 3.5905349596955224e-09 2.6126757588192032e-09 2.4103353006639574e-08 
8.0793033184635065e-09 3.5766722165349170e-09 2.5775552093824951e-09 2.3914002374068651e-08 
7.9627719443891123e-09 3.5603954472460180e-09 2.5412288249085882e-09 2.3719998220533484e-08 
7.8447841096889211e-09 3.5418427052453159e-09 2.5037868630349544e-09 2.3522260029546151e-08 
7.7258009670784584e-09 3.5211597765759393e-09 2.4653158931985284e-09 2.3321777403101087e-08 
7.6063085827680208e-09 3.4984984768902489e-09 2.4258989170134932e-09 2.3119602290620789e-08 
7.4868166031566227e-09 3.4740152981181171e-09 2.3856154516930064e-09 2.2916840717688754e-08 
7.3678566272876205e-09 3.4478700588577594e-09 2.3445418595966550e-09 2.2714643618000358e-08 
7.2499801318618150e-09 3.4202241350457819e-09 2.3027516015582604e-09 2.2514196535417677e-08 
7.1337558637919706e-09 3.3912395552299994e-09 2.2603157367109408e-09 2.2316707267437987e-08 
7.0197670060240647e-09 3.3610772960498963e-09 2.2173033179585791e-09 2.2123395087989219e-08 
6.9086072841418861e-09 3.3298962251608311e-09 2.1737820795634625e-09 2.1935475921785547e-08 
6.8008767912898308e-09 3.2978519465040501e-09 2.1298189895061875e-09 2.1754149209557416e-08 
6.6971769245715544e-09 3.2650955559062789e-09 2.0854810354436785e-09 2.1580582975090236e-08 
6.5981045799322923e-09 3.2317727304494253e-09 2.0408360244012177e-09 2.1415898948939897e-08 
6.5042455589662569e-09 3.1980228005107379e-09 1.9959535136442700e-09 2.1261156536783385e-08 
6.4161674852156171e-09 3.1639778327052827e-09 1.9509056973144747e-09 2.1117339011205219e-08 
6.3344117361507065e-09 3.1297618963060984e-09 1.9057686845828371e-09 2.0985337551273395e-08 
6.2594852834588296e-09 3.0954904403656361e-09 1.8606235413041013e-09 2.0865938269750668e-08 
6.1918519730889172e-09 3.0612696504057507e-09 1.8155577374765217e-09 2.0759809058599675e-08 
6.1319240357082080e-09 3.0271961015913070e-09 1.7706665326669752e-09 2.0667488802113165e-08 
6.0800538451977735e-09 2.9933563179813441e-09 1.7260545779145962e-09 2.0589378373187935e-08 
6.0365263966503786e-09 2.9598265856736791e-09 1.6818376509855980e-09 2.0525733569580416e-08 
6.0015529864044987e-09 2.9266728713478267e-09 1.6381443695660858e-09 2.0476661527360354e-08 
5.9752661951047272e-09 2.8939508529940569e-09 1.5951181531423024e-09 2.0442118869595986e-08 
5.9577167921999484e-09 2.8617061155863550e-09 1.5529190021115166e-09 2.0421913694642814e-08 
5.9488724099956512e-09 2.8299744757789408e-09 1.5117253636359703e-09 2.0415709447716978e-08 
5.9486184927275687e-09 2.7987825114292026e-09 1.4717356978864230e-09 2.0423032526823312e-08 
5.9567611836386868e-09 2.7681482203843405e-09 1.4331697282638870e-09 2.0443281595332693e-08 
5.9730321741538404e-09 2.7380818444891584e-09 1.3962691402123601e-09 2.0475739528954093e-08 
5.9970952420211056e-09 2.7085869125702782e-09 1.3612973652266814e-09 2.0519587046077300e-08 
6.0285540865300138e-09 2.6796613164410959e-09 1.3285383039799197e-09 2.0573917742921613e-08 
6.0669611433277071e-09 2.6512987394223056e-09 1.2982934519917001e-09 2.0637754074593166e-08 
6.1118269387200836e-09 2.6234899327838564e-09 1.2708772735480116e-09 2.0710063849306690e-08 
6.1626295718730390e-09 2.5962244046454646e-09 1.2466103914800381e-09 2.0789776791907703e-08 
6.2188239967960642e-09 2.5694919375402158e-09 1.2258106133568366e-09 2.0875800682517507e-08 
6.2798508121536417e-09 2.5432843417381664e-09 1.2087818320285938e-09 2.0967036932762952e-08 
6.3451443294691956e-09 2.5175970434189283e-09 1.1958013066497125e-09 2.1062395146667137e-08 
6.4141397298529502e-09 2.4924308454501908e-09 1.1871061717495726e-09 2.1160806486085783e-08 
6.4862792708548981e-09 2.4677933744608921e-09 1.1828802932493789e-09 2.1261235524261914e-08 
6.5610175029063121e-09 2.4437006913841289e-09 1.1832428989690838e-09 2.1362690774024965e-08 
6.6378254896484966e-09 2.4201784162910890e-09 1.1882402965430798e-09 2.1464233532918757e-08 
6.7161940715900883e-09 2.3972629682525696e-09 1.1978416916762225e-09 2.1564985046132174e-08 
6.7956363263458944e-09 2.3750021725112055e-09 1.2119395910776686e-09 2.1664132199303617e-08 
6.8756891443982965e-09 2.3534559251975007e-09 1.2303546565769102e-09 2.1760931255032161e-08 
6.9559143392837721e-09 2.3326961446543875e-09 1.2528442034639941e-09 2.1854710741276976e-08 
7.0358989222658427e-09 2.3128065933573444e-09 1.2791133008794578e-09 2.1944871957452937e-08 
7.1152551460054884e-09 2.2938820443151249e-09 1.3088269733762014e-09 2.2030889046256669e-08 
7.1936199431407191e-09 2.2760271233573992e-09 1.3416225611041302e-09 2.2112307071040443e-08 
7.2706542350086997e-09 2.2593546423886640e-09 1.3771211353699957e-09 2.2188739453262405e-08 
7.3460418640090020e-09 2.2439834084121818e-09 1.4149373937120113e-09 2.2259864032513404e-08 
7.4194884707547485e-09 2.2300356485119622e-09 1.4546878486978616e-09 2.2325418647746967e-08 
7.4907201770601599e-09 2.2176340241849057e-09 1.4959972109588014e-09 2.2385195679338927e-08 
7.5594822362222439e-09 2.2068982209378444e-09 1.5385031320297417e-09 2.2439036083989592e-08 
7.6255376871357961e-09 2.1979416547835194e-09 1.5818595248829872e-09 2.2486823129784196e-08 
7.6886660251836672e-09 2.1908673409105146e-09 1.6257388380602999e-09 2.2528475813692507e-08 
7.7486618197673917e-09 2.1857649308809576e-09 1.6698333539078449e-09 2.2563941856225383e-08 
7.8053336491659280e-09 2.1827065357376513e-09 1.7138559551206319e-09 2.2593191491338207e-08 
7.8585028132085703e-09 2.1817442683838865e-09 1.7575403169531610e-09 2.2616210345354950e-08 
7.9080024499892338e-09 2.1829071962334395e-09 1.8006408648683419e-09 2.2632993665613541e-08 
7.9536766378741344e-09 2.1861994743338963e-09 1.8429324837183562e-09 2.2643540473355925e-08 
7.9953795912821285e-09 2.1915991551151169e-09 1.8842100705968068e-09 2.2647848090427044e-08 
8.0329751527303555e-09 2.1990574550603176e-09 1.9242880709032346e-09 2.2645907991554933e-08 
8.0663362677337991e-09 2.2084991928457204e-09 1.9629998380718019e-09 2.2637701822064796e-08 
8.0953447044144625e-09 2.2198238353643819e-09 2.0001970305295891e-09 2.2623198208852358e-08 
8.1198908769933866e-09 2.2329071946783859e-09 2.0357489700744193e-09 2.2602351269235430e-08 
8.1398736965930894e-09 2.2476038258572221e-09 2.0695419596052288e-09 2.2575098386294316e-08 
8.1552007894789330e-09 2.2637500376864502e-09 2.1014785553491380e-09 2.2541360764252720e-08 
8.1657885840047131e-09 2.2811667905310333e-09 2.1314768904330962e-09 2.2501043555205005e-08 
8.1715624908430062e-09 2.2996635992865243e-09 2.1594698424576313e-09 2.2454036594049874e-08 
8.1724574764073189e-09 2.3190418138627208e-09 2.1854042914193938e-09 2.2400217730496171e-08 
8.1684182184687279e-09 2.3390979914071797e-09 2.2092403325438775e-09 2.2339454328611443e-08 
8.1593997646517374e-09 2.3596277004745429e-09 2.2309503759221729e-09 2.2271607350130022e-08 
8.1453679124123060e-09 2.3804281305673433e-09 2.2505183457009079e-09 2.2196534996988484e-08 
8.1262997617587379e-09 2.4013015926331051e-09 2.2679387700523118e-09 2.2114096815522822e-08 
8.1021842893446444e-09 2.4220574298053042e-09 2.2832159181145534e-09 2.2024158908348494e-08 
8.0730227234589625e-09 2.4425147681121265e-09 2.2963629451740999e-09 2.1926597613632541e-08 
8.0388292753057191e-09 2.4625040194012969e-09 2.3074009107540717e-09 2.1821305720602244e-08 
7.9996313868780969e-09 2.4818685618361714e-09 2.3163579922871395e-09 2.1708196133491596e-08 
7.9554703132681955e-09 2.5004659314558846e-09 2.3232685799677187e-09 2.1587207505133594e-08 
7.9064014603906702e-09 2.5181684056292930e-09 2.3281724691608016e-09 2.1458308536954026e-08 
7.8524946793608382e-09 2.5348639570713335e-09 2.3311140097650490e-09 2.1321501983364955e-08 
7.7938347544835568e-09 2.5504563487482412e-09 2.3321413652982908e-09 2.1176829676656819e-08 
7.7305214343832208e-09 2.5648649914113028e-09 2.3313057941246645e-09 2.1024375301525879e-08 
7.6626697208129704e-09 2.5780249394212464e-09 2.3286608965547791e-09 2.0864268310071736e-08 
7.5904099367779940e-09 2.5898868383298347e-09 2.3242620972349725e-09 2.0696686009783557e-08 
7.5138880515696912e-09 2.6004155914303388e-09 2.3181659409298678e-09 2.0521857753878418e-08 
7.4332652720262940e-09 2.6095905510482013e-09 2.3104296575570445e-09 2.0340064164158313e-08 
7.3487185092394376e-09 2.6174041270195529e-09 2.3011106106018080e-09 2.0151641362296279e-08 
7.2604400184824109e-09 2.6238612486634218e-09 2.2902659233111885e-09 1.9956979881588194e-08 
7.1686375048798335e-09 2.6289781052444123e-09 2.2779520864046007e-09 1.9756526471051546e-08 
7.0735338610468561e-09 2.6327814444901741e-09 2.2642246682094586e-09 1.9550782863712344e-08 
6.9753672112627622e-09 2.6353072724883042e-09 2.2491379462759428e-09 1.9340306241594560e-08 
6.8743905849730164e-09 2.6365997522174678e-09 2.2327447917719962e-09 1.9125707250852547e-08 
6.7708718040223646e-09 2.6367102850992439e-09 2.2150963922857877e-09 1.8907648557408580e-08 
6.6650932821054988e-09 2.6356961251391726e-09 2.1962421224931486e-09 1.8686842559417920e-08 
6.5573517764958615e-09 2.6336194983762077e-09 2.1762294204546970e-09 1.8464048505085347e-08 
6.4479580252499462e-09 2.6305462379806337e-09 2.1551037652765664e-09 1.8240068271319359e-08 
6.3372366050010902e-09 2.6265449868211300e-09 2.1329084929158203e-09 1.8015743176418376e-08 
6.2255253280944126e-09 2.6216857571386090e-09 2.1096849116050404e-09 1.7791947310285150e-08 
6.1131749757392114e-09 2.6160392783347490e-09 2.0854722615669501e-09 1.7569583392455574e-08 
6.0005485420913174e-09 2.6096755787440464e-09 2.0603077758902453e-09 1.7349574731791289e-08 
5.8880207511517178e-09 2.6026634629101603e-09 2.0342267372171728e-09 1.7132858648428341e-08 
5.7759769980106381e-09 2.5950690409086873e-09 2.0072627075167375e-09 1.6920377383991540e-08 
5.6648124906851154e-09 2.5869553572056945e-09 1.9794476005651173e-09 1.6713069758791024e-08 
5.5549307921974512e-09 2.5783812904456445e-09 1.9508119292516310e-09 1.6511860522089318e-08 
5.4467423140526361e-09 2.5694007338855879e-09 1.9213851549248181e-09 1.6317649919972918e-08 
5.3406625097609831e-09 2.5600621193530541e-09 1.8911959704895800e-09 1.6131303024659728e-08 
5.2371093891612483e-09 2.5504076093248233e-09 1.8602726328727480e-09 1.5953637333825553e-08 
5.1365009870566778e-09 2.5404726113026286e-09 1.8286435744333924e-09 1.5785411814277476e-08 
5.0392521078748610e-09 2.5302854272157225e-09 1.7963377634765313e-09 1.5627314852568813e-08 
4.9457707769204373e-09 2.5198667751311178e-09 1.7633853929670408e-09 1.5479953481637282e-08 
4.8564539976132760e-09 2.5092296811378798e-09 1.7298185394265935e-09 1.5343842479206095e-08 
4.7716833752813920e-09 2.4983793246006703e-09 1.6956718246562601e-09 1.5219396118455985e-08 
4.6918199235566402e-09 2.4873130874079961e-09 1.6609832487062101e-09 1.5106919341268180e-08 
4.6171990046199177e-09 2.4760207592092869e-09 1.6257950617777195e-09 1.5006602804886420e-08 
4.5481248378229440e-09 2.4644847277873724e-09 1.5901545962027777e-09 1.4918518843812741e-08 
4.4848649882072534e-09 2.4526805524372244e-09 1.5541153501077088e-09 1.4842619965185749e-08 
4.4276452539138194e-09 2.4405774206057377e-09 1.5177378791641820e-09 1.4778740156310644e-08 
4.3766448186932406e-09 2.4281389151208685e-09 1.4810909079309785e-09 1.4726598186119773e-08 
4.3319922612248760e-09 2.4153238570246191e-09 1.4442523828642625e-09 1.4685803806073759e-08 
4.2937623430766800e-09 2.4020871581320877e-09 1.4073105529103981e-09 1.4655865672016461e-08 
4.2619740664962797e-09 2.3883809229043121e-09 1.3703650245437122e-09 1.4636201658891758e-08 
4.2365899236782726e-09 2.3741555827507140e-09 1.3335277968387624e-09 1.4626150326333392e-08 
4.2175166184553944e-09 2.3593610026166038e-09 1.2969242415534328e-09 1.4624983877879983e-08 
4.2046071363977295e-09 2.3439477695126849e-09 1.2606938749262599e-09 1.4631921974066339e-08 
4.1976640407029658e-09 2.3278684172975783e-09 1.2249910842287704e-09 1.4646145253101625e-08 
4.1964441147841802e-09 2.3110786430226507e-09 1.1899854737465130e-09 1.4666809622631594e-08 
4.2006637290393593e-09 2.2935386040578245e-09 1.1558618703416961e-09 1.4693059465296152e-08 
4.2100050418936210e-09 2.2752140791740060e-09 1.1228198558789674e-09 1.4724040483335694e-08 
4.2241224442870941e-09 2.2560776021713053e-09 1.0910726168830293e-09 1.4758911140605520e-08 
4.2426492880209402e-09 2.2361095374007872e-09 1.0608449585907295e-09 1.4796853438673800e-08 
4.2652042618797829e-09 2.2152990210470177e-09 1.0323703038718549e-09 1.4837081715940954e-08 
4.2913975626157074e-09 2.1936448408253467e-09 1.0058864815604280e-09 1.4878850395261144e-08 
4.3208364691209559e-09 2.1711561275731192e-09 9.8163026223178062e-10 1.4921460258249244e-08 
4.3531302430664409e-09 2.1478529743884268e-09 9.5983053919754062e-10 1.4964262935015383e-08 
4.3878943866735955e-09 2.1237668377741910e-09 9.4070033225721386e-10 1.5006664455715007e-08 
4.4247540929916388e-09 2.0989408360784246e-09 9.2442802264950402e-10 1.5048127038329754e-08 
4.4633470304174112e-09 2.0734298394755928e-09 9.1116832709509024e-10 1.5088169857354269e-08 
4.5033254204694579e-09 2.0473003432900600e-09 9.0103378541946540e-10 1.5126368705547708e-08 
4.5443574563866423e-09 2.0206303085436565e-09 8.9408770187744507e-10 1.5162354320529954e-08 
4.5861283285044446e-09 1.9935085647782748e-09 8.9033935715728452e-10 1.5195810470353496e-08 
4.6283405816182687e-09 1.9660343198217425e-09 8.8974215981384805e-10 1.5226470491415777e-08 
4.6707142940543449e-09 1.9383161866735525e-09 8.9219501085068121e-10 1.5254114019444365e-08 
4.7129867590573925e-09 1.9104711632987439e-09 8.9754687039909147e-10 1.5278562345041379e-08 
4.7549121600846489e-09 1.8826234927713978e-09 9.0560378482890499e-10 1.5299674468032710e-08 
4.7962608595735626e-09 1.8549030779670100e-09 9.1613778803300791e-10 1.5317341983582100e-08 
4.8368186986906482e-09 1.8274440958049077e-09 9.2889663337163186e-10 1.5331484373973836e-08 
4.8763862615088922e-09 1.8003830304204979e-09 9.4361340788040438e-10 1.5342044291493306e-08 
4.9147779625998583e-09 1.7738569300011067e-09 9.6001540680024845e-10 1.5348982622430553e-08 
4.9518213121317084e-09 1.7480012631621841e-09 9.7783187378426774e-10 1.5352274153484357e-08 
4.9873561125648235e-09 1.7229479893397642e-09 9.9680009430061840e-10 1.5351903297426580e-08 
5.0212337744862468e-09 1.6988232098296086e-09 1.0166701570097748e-09 1.5347860334193449e-08 
5.0533165712539135e-09 1.6757453386845966e-09 1.0372081978755812e-09 1.5340137644047359e-08 
5.0834771799198240e-09 1.6538226924909926e-09 1.0581985289292308e-09 1.5328727433616746e-08 
5.1115979730691092e-09 1.6331519000987334e-09 1.0794446887716512e-09 1.5313618321940674e-08 
5.1375707705991455e-09 1.6138160935165976e-09 1.1007697727789880e-09 1.5294794309622706e-08 
5.1612963269348594e-09 1.5958833762291520e-09 1.1220162151150393e-09 1.5272232767042859e-08 
5.1826841350433307e-09 1.5794059444765521e-09 1.1430450643555975e-09 1.5245903906828237e-08 
5.2016520922703909e-09 1.5644189401256207e-09 1.1637350702393632e-09 1.5215770205670742e-08 
5.2181263398247865e-09 1.5509407507573418e-09 1.1839815533677219e-09 1.5181786383543121e-08 
5.2320411853899638e-09 1.5389723857256875e-09 1.2036952051772008e-09 1.5143900530539018e-08 
5.2433388339678598e-09 1.5284987636488199e-09 1.2228007961593295e-09 1.5102054126353532e-08 
5.2519695588182812e-09 1.5194890798751910e-09 1.2412359528866365e-09 1.5056184464901632e-08 
5.2578913752050369e-09 1.5118984774418614e-09 1.2589498561297407e-09 1.5006225151950026e-08 
5.2610701532461834e-09 1.5056696262295876e-09 1.2759021467834201e-09 1.4952108493535921e-08 
5.2614795965705007e-09 1.5007345560418836e-09 1.2920617096302074e-09 1.4893767637110680e-08 
5.2591011456003381e-09 1.4970165843702522e-09 1.3074056356222181e-09 1.4831138569947576e-08 
5.2539239074845924e-09 1.4944327456468762e-09 1.3219182562911236e-09 1.4764162059466454e-08 
5.2459447276473573e-09 1.4928956551756359e-09 1.3355901030730574e-09 1.4692786604772282e-08 
5.2351679963831768e-09 1.4923156785783123e-09 1.3484172216843174e-09 1.4616970032062391e-08 
5.2216056803197937e-09 1.4926026596255410e-09 1.3604002001727857e-09 1.4536682313484321e-08 
5.2052771688045135e-09 1.4936680926665454e-09 1.3715435602336081e-09 1.4451907173814363e-08 
5.1862092840085505e-09 1.4954260042303909e-09 1.3818550592984188e-09 1.4362644957448117e-08 
5.1644360458634509e-09 1.4977948559991021e-09 1.3913450448285374e-09 1.4268913860607842e-08 
5.1399985532266334e-09 1.5006982117182209e-09 1.4000260001252440e-09 1.4170751809169377e-08 
5.1129450281853115e-09 1.5040657418693920e-09 1.4079118943286044e-09 1.4068219000727559e-08 
5.0833304259686564e-09 1.5078336119491555e-09 1.4150179205234597e-09 1.3961398179685539e-08 
5.0512164985563659e-09 1.5119451376548840e-09 1.4213598310054072e-09 1.3850397047947277e-08 
5.0166714918276506e-09 1.5163505040161230e-09 1.4269537863909283e-09 1.3735348786687409e-08 
4.9797700484064093e-09 1.5210070988031164e-09 1.4318158980622296e-09 1.3616413375926588e-08 
4.9405929999842334e-09 1.5258793338712934e-09 1.4359618258737354e-09 1.3493778160828629e-08 
4.8992272216871993e-09 1.5309379167624564e-09 1.4394066544303335e-09 1.3367658565937913e-08 
4.8557655501756902e-09 1.5361600878578384e-09 1.4421644281650326e-09 1.3238298869261049e-08 
4.8103063200116925e-09 1.5415283527854902e-09 1.4442480665401539e-09 1.3105971121384219e-08 
4.7629534626971151e-09 1.5470305083448643e-09 1.4456689903868609e-09 1.2970976441372155e-08 
4.7138161150023971e-09 1.5526584619656968e-09 1.4464370027241048e-09 1.2833643437037910e-08 
4.6630085094966401e-09 1.5584079919189725e-09 1.4465600498201815e-09 1.2694328200809442e-08 
4.6106496573948118e-09 1.5642774038889500e-09 1.4460440859297382e-09 1.2553412857782531e-08 
4.5568630774167054e-09 1.5702673689637496e-09 1.4448929278422253e-09 1.2411303875754286e-08 
4.5017766162820440e-09 1.5763796259872562e-09 1.4431081970914940e-09 1.2268430810323273e-08 
4.4455220258916105e-09 1.5826164199610948e-09 1.4406891918034130e-09 1.2125243377061971e-08 
4.3882346044183932e-09 1.5889795360448713e-09 1.4376329489194734e-09 1.1982208669027146e-08 
4.3300529685624541e-09 1.5954698551787816e-09 1.4339342131913883e-09 1.1839808474365420e-08 
4.2711184102000447e-09 1.6020860503928862e-09 1.4295855827798496e-09 1.1698534747586531e-08 
4.2115745340605894e-09 1.6088243981388841e-09 1.4245775328048125e-09 1.1558885512236937e-08 
4.1515668046777806e-09 1.6156778939535249e-09 1.4188986845751745e-09 1.1421360536682525e-08 
4.0912418073572059e-09 1.6226355603570028e-09 1.4125360398129189e-09 1.1286455093021203e-08 
4.0307469429233262e-09 1.6296822768757878e-09 1.4054751541021602e-09 1.1154655855142886e-08 
3.9702293919749084e-09 1.6367978610245864e-09 1.3977006116545373e-09 1.1026433036994882e-08 
3.9098357449357485e-09 1.6439573926861594e-09 1.3891962722878048e-09 1.0902235593392651e-08 
3.8497112266780731e-09 1.6511303732435825e-09 1.3799457412770476e-09 1.0782484627026655e-08 
3.7899987601513705e-09 1.6582810713226521e-09 1.3699328694367229e-09 1.0667566207793157e-08 
3.7308385884093048e-09 1.6653682811121611e-09 1.3591420798198294e-09 1.0557827054277279e-08 
3.6723671544460562e-09 1.6723456900185400e-09 1.3475590124749637e-09 1.0453566841511561e-08 
3.6147166489178392e-09 1.6791618911378020e-09 1.3351708993623615e-09 1.0355034905283095e-08 
3.5580140036884635e-09 1.6857609204515092e-09 1.3219671590474106e-09 1.0262424420832515e-08 
3.5023805296195239e-09 1.6920827860114400e-09 1.3079398250111033e-09 1.0175870222063340e-08 
3.4479310853916521e-09 1.6980638631988045e-09 1.2930840496607526e-09 1.0095445775849349e-08 
3.3947735699827411e-09 1.7036376939448214e-09 1.2773985768176582e-09 1.0021162231726199e-08 
3.3430084828464499e-09 1.7087356263203861e-09 1.2608861257996487e-09 9.9529690904191606e-09 
3.2927284664184950e-09 1.7132877837014546e-09 1.2435538125570838e-09 9.8907549437181732e-09 
3.2440181580952436e-09 1.7172237126464126e-09 1.2254134652556160e-09 9.8343512090477495e-09 
3.1969539507760189e-09 1.7204733205653203e-09 1.2064819167225626e-09 9.7835356663747799e-09 
3.1516039715758732e-09 1.7229679146978799e-09 1.1867812603849018e-09 9.7380379237899689e-09 
3.1080282199565374e-09 1.7246407494573794e-09 1.1663390181456876e-09 9.6975458317227315e-09 
3.0662786725639253e-09 1.7254282574317504e-09 1.1451882751272188e-09 9.6617120669874748e-09 
3.0263996787072168e-09 1.7252706786436750e-09 1.1233677602439444e-09 9.6301618359365072e-09 
2.9884283899075455e-09 1.7241128434049814e-09 1.1009218370372099e-09 9.6025011534782571e-09 
2.9523951116036255e-09 1.7219050643009298e-09 1.0779004743062439e-09 9.5783239666956064e-09 
2.9183240779742705e-09 1.7186036070578490e-09 1.0543591760891067e-09 9.5572211384898324e-09 
2.8862338248108203e-09 1.7141715377969181e-09 1.0303588272767321e-09 9.5387867779651510e-09 
2.8561380379710814e-09 1.7085789876422676e-09 1.0059654992078083e-09 9.5226265275572197e-09 
2.8280459033014188e-09 1.7018037447857692e-09 9.8125023123001415e-10 9.5083627763882830e-09 
2.8019628935216081e-09 1.6938316241720228e-09 9.5628880017767989e-10 9.4956412996473325e-09 
2.7778911396214291e-09 1.6846565287320371e-09 9.3116142900606596e-10 9.4841353833829201e-09 
2.7558299274328217e-09 1.6742808894228938e-09 9.0595241975063781e-10 9.4735500716135865e-09 
2.7357759931064631e-09 1.6627154168168734e-09 8.8074989225323896e-10 9.4636249545133621e-09 
2.7177237897197737e-09 1.6499793420347569e-09 8.5564536829115465e-10 9.4541363641954809e-09 
2.7016655847881453e-09 1.6361001090814011e-09 8.3073340207775883e-10 9.4448985537983318e-09 
2.6875913711268383e-09 1.6211132577829618e-09 8.0611115264584046e-10 9.4357636436096402e-09 
2.6754888527367695e-09 1.6050620823051007e-09 7.8187792997593016e-10 9.4266214098184195e-09 
2.6653431334431768e-09 1.5879973043057740e-09 7.5813472195607451e-10 9.4173977785530037e-09 
2.6571364172165496e-09 1.5699765380965373e-09 7.3498357866606435e-10 9.4080529696525823e-09 
2.6508475479635986e-09 1.5510638799778879e-09 7.1252704154983120e-10 9.3985785701998473e-09 
2.6464516447868751e-09 1.5313292335221659e-09 6.9086732124149198e-10 9.3889948374994561e-09 
2.6439195423491194e-09 1.5108477774319111e-09 6.7010548222841868e-10 9.3793467713897107e-09 
2.6432173892096650e-09 1.4896991951908514e-09 6.5034040268428326e-10 9.3697005661656885e-09 
2.6443061102621197e-09 1.4679670713289050e-09 6.3166759684909080e-10 9.3601391565220491e-09 
2.6471410537233024e-09 1.4457380278415145e-09 6.1417785978013345e-10 9.3507581184533716e-09 
2.6516716635784360e-09 1.4231010740348505e-09 5.9795572492427002e-10 9.3416613004921921e-09 
2.6578412062511155e-09 1.4001467683168980e-09 5.8307778582846013e-10 9.3329564740184812e-09 
2.6655866654612434e-09 1.3769664788731818e-09 5.6961094013488856e-10 9.3247512177682358e-09 
2.6748386830724054e-09 1.3536515709088731e-09 5.5761061945356167e-10 9.3171487799762034e-09 
2.6855216699212274e-09 1.3302926958502388e-09 5.4711910162358058e-10 9.3102444822705951e-09 
2.6975540127595485e-09 1.3069789830815666e-09 5.3816411144348811e-10 9.3041222513438263e-09 
2.7108483666738956e-09 1.2837974329133981e-09 5.3075770405305661e-10 9.2988516660382902e-09 
2.7253120754803502e-09 1.2608321145121085e-09 5.2489576831231497e-10 9.2944853034636562e-09 
2.7408476832887271e-09 1.2381636194233703e-09 5.2055799298539849e-10 9.2910566374996426e-09 
2.7573535024161037e-09 1.2158684019589560e-09 5.1770855893230293e-10 9.2885785817985997e-09 
2.7747242069704713e-09 1.1940183596230665e-09 5.1629740115813874e-10 9.2870420768684162e-09 
2.7928515778401466e-09 1.1726802090880919e-09 5.1626203720126554e-10 9.2864158091527566e-09 
2.8116251330994753e-09 1.1519152739842946e-09 5.1752971960771276e-10 9.2866458418257312e-09 
2.8309328669751424e-09 1.1317789468190522e-09 5.2001994397229519e-10 9.2876560710913327e-09 
2.8506619187463143e-09 1.1123206642415040e-09 5.2364689243238833e-10 9.2893488538707859e-09 
2.8706993292597372e-09 1.0935835302820432e-09 5.2832190406298086e-10 9.2916064561814935e-09 
2.8909325881762539e-09 1.0756044081580686e-09 5.3395565212575651e-10 9.2942921731264231e-09 
2.9112504022776401e-09 1.0584139060044903e-09 5.4046001837188284e-10 9.2972526741404100e-09 
2.9315431555614506e-09 1.0420363696164810e-09 5.4774967324004741e-10 9.3003196000243405e-09 
2.9517035415340235e-09 1.0264902773789548e-09 5.5574319820381398e-10 9.3033121881668067e-09 
2.9716270214362370e-09 1.0117883080278699e-09 5.6436392638324080e-10 9.3060396353810296e-09 
2.9912123153067121e-09 9.9793795412577128e-10 5.7354043553969072e-10 9.3083037193862256e-09 
3.0103617334395543e-09 9.8494165484143728e-10 5.8320676792389979e-10 9.3099012302151743e-09 
3.0289816419791130e-09 9.7279771497080181e-10 5.9330239351053902e-10 9.3106269840139373e-09 
3.0469826950885074e-09 9.6150047851928209e-10 6.0377204539245789e-10 9.3102762436713601e-09 
3.0642801319811597e-09 9.5104115938769098e-10 6.1456537646961070e-10 9.3086473193201772e-09 
3.0807940391295618e-09 9.4140857417095898e-10 6.2563655220027474e-10 9.3055441914917900e-09 
3.0964495299282753e-09 9.3258950882261208e-10 6.3694375696259328e-10 9.3007790294107730e-09 
3.1111768981893408e-09 9.2456956430102894e-10 6.4844859446516116e-10 9.2941742294336633e-09 
3.1249117048054196e-09 9.1733389818540260e-10 6.6011565846508158e-10 9.2855645758359662e-09 
3.1375950220238253e-09 9.1086757182143900e-10 6.7191185006353531e-10 9.2747997862906454e-09 
3.1491732896043990e-09 9.0515619725652050e-10 6.8380592508436465e-10 9.2617454988355038e-09 
3.1595984563442545e-09 9.0018655563388394e-10 6.9576793484030582e-10 9.2462850896521612e-09 
3.1688280743835514e-09 8.9594670124550164e-10 7.0776873532571951e-10 9.2283216865662328e-09 
3.1768249729552547e-09 8.9242635804579636e-10 7.1977959214681938e-10 9.2077779375440744e-09 
3.1835575804685032e-09 8.8961727947373783e-10 7.3177175581567319e-10 9.1845985855448983e-09 
3.1889994639393047e-09 8.8751291321374703e-10 7.4371607670820095e-10 9.1587493553569059e-09 
3.1931295027005887e-09 8.8610875170753226e-10 7.5558282854671944e-10 9.1302186394661964e-09 
3.1959315587739517e-09 8.8540171938801794e-10 7.6734136714107413e-10 9.0990168495599835e-09 
3.1973943631234955e-09 8.8539038900607855e-10 7.7896004867933593e-10 9.0651763278596585e-09 
3.1975113036910127e-09 8.8607383347612098e-10 7.9040612306296548e-10 9.0287511119140555e-09 
3.1962800996280025e-09 8.8745181817734672e-10 8.0164568634743372e-10 8.9898154329656758e-09 
3.1937027127475719e-09 8.8952378547540691e-10 8.1264369565066856e-10 8.9484636486003672e-09 
3.1897848928520867e-09 8.9228822894936751e-10 8.2336410512880363e-10 8.9048078041562262e-09 
3.1845360172903634e-09 8.9574219858099320e-10 8.3376993624320513e-10 8.8589769985885282e-09 
3.1779685739282418e-09 8.9988008755613912e-10 8.4382360846535594e-10 8.8111145318907578e-09 
3.1700980457131702e-09 9.0469380601849632e-10 8.5348696753898172e-10 8.7613766819404461e-09 
3.1609424089494531e-09 9.1017089480554176e-10 8.6272183944840590e-10 8.7099296747323808e-09 
3.1505219030914467e-09 9.1629521952137783e-10 8.7149005254461268e-10 8.6569478519803962e-09 
3.1388585752859303e-09 9.2304536176580349e-10 8.7975403142313824e-10 8.6026104312851347e-09 
3.1259760824973380e-09 9.3039512482205568e-10 8.8747694131743861e-10 8.5470995886912258e-09 
3.1118992387361411e-09 9.3831258221961732e-10 8.9462326036036072e-10 8.4905969164061219e-09 
3.0966538969242026e-09 9.4676040445735710e-10 9.0115893857239747e-10 8.4332816818080457e-09 
3.0802664866236721e-09 9.5569567448317568e-10 9.0705191176157046e-10 8.3753273310408531e-09 
3.0627639437550667e-09 9.6507013913474991e-10 9.1227236396622243e-10 8.3168997545794750e-09 
3.0441734998246982e-09 9.7483048490017731e-10 9.1679309711544827e-10 8.2581548658234001e-09 
3.0245223724165124e-09 9.8491874617539557e-10 9.2058983809862913e-10 8.1992359445321139e-09 
3.0038379966799936e-09 9.9527295680664915e-10 9.2364145584830111e-10 8.1402735158628971e-09 
2.9821475848454301e-09 1.0058274936504622e-09 9.2593029528568585e-10 8.0813819587509983e-09 
2.9594784842335443e-09 1.0165142083806047e-09 9.2744226666195889e-10 8.0226603656208726e-09 
2.9358579462148124e-09 1.0272627535307996e-09 9.2816708559237449e-10 7.9641905985148110e-09 
2.9113134958121324e-09 1.0380016802288364e-09 9.2809833486555819e-10 7.9060384529934538e-09 
2.8858728614926644e-09 1.0486589766703172e-09 9.2723356897930306e-10 7.8482528087330219e-09 
2.8595642316021707e-09 1.0591632143237844e-09 9.2557431488674515e-10 7.7908667180690034e-09 
2.8324166577479892e-09 1.0694439224185955e-09 9.2312601989978660e-10 7.7338990100981672e-09 
2.8044601707571232e-09 1.0794326986366234e-09 9.1989804361478243e-10 7.6773552548299454e-09 
2.7757261827126596e-09 1.0890635958895837e-09 9.1590346840841926e-10 7.6212297829840673e-09 
2.7462477723320123e-09 1.0982740308227541e-09 9.1115900521693463e-10 7.5655078115506260e-09 
2.7160600852777781e-09 1.1070052166391477e-09 9.0568477998213653e-10 7.5101676431940559e-09 
2.6852007445144008e-09 1.1152027091932043e-09 8.9950409829299298e-10 7.4551834966182129e-09 
2.6537101118321242e-09 1.1228169410000834e-09 8.9264316719149878e-10 7.4005275988578128e-09 
2.6216318265190530e-09 1.1298034595303288e-09 8.8513087302103335e-10 7.3461735254243672e-09 
2.5890129629668072e-09 1.1361233248387457e-09 8.7699839206850495e-10 7.2920977831581443e-09 
2.5559046110169051e-09 1.1417433670820186e-09 8.6827897243921613e-10 7.2382834081478881e-09 
2.5223620159166848e-09 1.1466362549271736e-09 8.5900752605842914e-10 7.1847216091616664e-09 
2.4884448909402552e-09 1.1507804947611512e-09 8.4922028594463759e-10 7.1314139772957127e-09 
2.4542176777690627e-09 1.1541607542093791e-09 8.3895452046081597e-10 7.0783743575387744e-09 
2.4197497595442795e-09 1.1567674069908298e-09 8.2824819595868716e-10 7.0256306934726815e-09 
2.3851154837475511e-09 1.1585966995681601e-09 8.1713961711165921e-10 6.9732255197329673e-09 
2.3503944594027076e-09 1.1596504337715816e-09 8.0566714827255291e-10 6.9212178499500784e-09 
2.3156712479065400e-09 1.1599357091423510e-09 7.9386893501758677e-10 6.8696824190549642e-09 
2.2810355750430759e-09 1.1594647416260761e-09 7.8178259554550736e-10 6.8187110179156528e-09 
2.2465819087670736e-09 1.1582544454734338e-09 7.6944502578302854e-10 6.7684106537124999e-09 
2.2124095598028728e-09 1.1563261255570936e-09 7.5689215824813048e-10 6.7189047228061171e-09 
2.1786219856691276e-09 1.1537048847710709e-09 7.4415879609218803e-10 6.6703302699235232e-09 
2.1453265105776798e-09 1.1504195091162561e-09 7.3127842002340763e-10 6.6228369567951366e-09 
2.1126339109272651e-09 1.1465016779150662e-09 7.1828311480716822e-10 6.5765860826293473e-09 
2.0806574220373428e-09 1.1419856745603588e-09 7.0520340300628997e-10 6.5317468761956318e-09 
2.0495123696624540e-09 1.1369079558385964e-09 6.9206824772710147e-10 6.4884957645474509e-09 
2.0193149010144713e-09 1.1313063536903451e-09 6.7890499328447665e-10 6.4470123745093611e-09 
1.9901811680153479e-09 1.1252200654445731e-09 6.6573927687404953e-10 6.4074770561618212e-09 
1.9622262162084488e-09 1.1186886576703786e-09 6.5259517832952637e-10 6.3700683953074908e-09 
1.9355625690046957e-09 1.1117519979719382e-09 6.3949509385100020e-10 6.3349590742745187e-09 
1.9102991002855287e-09 1.1044495120984583e-09 6.2645991859648789e-10 6.3023136039969845e-09 
1.8865394343697753e-09 1.0968199814165599e-09 6.1350905108536838e-10 6.2722844887001458e-09 
1.8643805690066731e-09 1.0889008904506983e-09 6.0066050618654680e-10 6.2450096141047782e-09 
1.8439113469811972e-09 1.0807282736755183e-09 5.8793099600961245e-10 6.2206090519807346e-09 
1.8252109937736660e-09 1.0723361538217920e-09 5.7533610674289015e-10 6.1991825377243528e-09 
1.8083476933609979e-09 1.0637563523063000e-09 5.6289036736547762e-10 6.1808069749327653e-09 
1.7933772636417444e-09 1.0550181559442539e-09 5.5060750511935045e-10 6.1655342895239983e-09 
1.7803420932303188e-09 1.0461480776527727e-09 5.3850054466004128e-10 6.1533900333883778e-09 
1.7692701511658092e-09 1.0371696469498635e-09 5.2658205819867518e-10 6.1443719686021452e-09 
1.7601742915759100e-09 1.0281032488685391e-09 5.1486435868962090e-10 6.1384493007392772e-09 
1.7530518702078861e-09 1.0189660156047273e-09 5.0335976613960176e-10 6.1355623241863109e-09 
1.7478847069555277e-09 1.0097717743281840e-09 4.9208089205769320e-10 6.1356229384471382e-09 
1.7446392544212335e-09 1.0005310187573940e-09 4.8104087233452204e-10 6.1385150961775261e-09 
1.7432671640521129e-09 9.9125092868460774e-10 4.7025377140318643e-10 6.1440959910892178e-09 
1.7437061383266404e-09 9.8193545835211566e-10 4.5973484278416553e-10 6.1521977751662468e-09 
1.7458809761834720e-09 9.7258548673531997e-10 4.4950091510378908e-10 6.1626293072686342e-09 
1.7497049563397176e-09 9.6319897545570148e-10 4.3957074695520291e-10 6.1751786242915985e-09 
1.7550812999676664e-09 9.5377119204967977e-10 4.2996533789092021e-10 6.1896155589225551e-09 
1.7619047528986631e-09 9.4429504565596900e-10 4.2070829210408714e-10 6.2056943848520090e-09 
1.7700633022985809e-09 9.3476132727260449e-10 4.1182608785600815e-10 6.2231569655746414e-09 
1.7794398280850877e-09 9.2515916166804126e-10 4.0334829950788377e-10 6.2417357414682928e-09 
1.7899137624760093e-09 9.1547634616645451e-10 3.9530771833187100e-10 6.2611568901672637e-09 
1.8013626854474643e-09 9.0569984174839563e-10 3.8774034768198454e-10 6.2811435006629716e-09 
1.8136637982501485e-09 8.9581625220324918e-10 3.8068527321550445e-10 6.3014186285452849e-09 
1.8266952701508411e-09 8.8581229221213793e-10 3.7418432494731798e-10 6.3217083258558635e-09 
1.8403374721939450e-09 8.7567535054117266e-10 3.6828148715484235e-10 6.3417444837051560e-09 
1.8544740630774667e-09 8.6539404502035441e-10 3.6302213857526688e-10 6.3612676646630634e-09 
1.8689928840717004e-09 8.5495873918199446e-10 3.5845198006960965e-10 6.3800295414935618e-09 
1.8837867692040550e-09 8.4436211271397117e-10 3.5461576772980848e-10 6.3977953876674771e-09 
1.8987541392861147e-09 8.3359977011893989e-10 3.5155583557811982e-10 6.4143460053216001e-09 
1.9137995549127928e-09 8.2267072865519288e-10 3.4931047182363209e-10 6.4294799103828992e-09 
1.9288340444980821e-09 8.1157793094508061e-10 3.4791225173823908e-10 6.4430147294353064e-09 
1.9437753746060791e-09 8.0032885980976920e-10 3.4738645426412664e-10 6.4547887442931364e-09 
1.9585482184107192e-09 7.8893587233998401e-10 3.4774961685113721e-10 6.4646620430090741e-09 
1.9730841771433545e-09 7.7741673004780060e-10 3.4900842931658168e-10 6.4725172312830156e-09 
1.9873218010593225e-09 7.6579492576480170e-10 3.5115899545229494e-10 6.4782603331679908e-09 
2.0012063987674869e-09 7.5409992027863772e-10 3.5418653431905992e-10 6.4818207433412735e-09 
2.0146899167344186e-09 7.4236759313675068e-10 3.5806556738027071e-10 6.4831515233811289e-09 
2.0277307085464348e-09 7.3063998770182914e-10 3.6276054116566434e-10 6.4822292957954981e-09 
2.0402931243501714e-09 7.1896580712827128e-10 3.6822677753508481e-10 6.4790531715030431e-09 
2.0523473587761103e-09 7.0739987988795295e-10 3.7441178576346221e-10 6.4736450028820386e-09 
2.0638688660151574e-09 6.9600318482872832e-10 3.8125666077621465e-10 6.4660472922304935e-09 
2.0748380757914585e-09 6.8484225741635970e-10 3.8869759422871126e-10 6.4563227650358708e-09 
2.0852398806180226e-09 6.7398867288411868e-10 3.9666740619289718e-10 6.4445524225562016e-09 
2.0950632576066183e-09 6.6351823147708471e-10 4.0509687543083559e-10 6.4308343200070480e-09 
2.1043006907590021e-09 6.5350976490484718e-10 4.1391612126946756e-10 6.4152811421931688e-09 
2.1129477790901252e-09 6.4404406635315281e-10 4.2305561087461924e-10 6.3980187143090862e-09 
2.1210027264859151e-09 6.3520215001171422e-10 4.3244721527195542e-10 6.3791836226033755e-09 
2.1284658963813439e-09 6.2706378496794552e-10 4.4202489622262757e-10 6.3589209205653078e-09 
2.1353393432285903e-09 6.1970537983757639e-10 4.5172541821796765e-10 6.3373818910646437e-09 
2.1416264455368042e-09 6.1319810101089497e-10 4.6148876274692121e-10 6.3147219149118369e-09 
2.1473313465301166e-09 6.0760570117260525e-10 4.7125859481221628e-10 6.2910974291459193e-09 
2.1524588194644357e-09 6.0298284480416362e-10 4.8098241176426945e-10 6.2666643913878096e-09 
2.1570138156784191e-09 5.9937278363917815e-10 4.9061183102508896e-10 6.2415759943059809e-09 
2.1610011009488682e-09 5.9680616614454180e-10 5.0010260030747644e-10 6.2159798409568457e-09 
2.1644251130764163e-09 5.9529999155761083e-10 5.0941471037494876e-10 6.1900166829668630e-09 
2.1672898153812318e-09 5.9485653802503003e-10 5.1851233166506292e-10 6.1638187817170039e-09 
2.1695983335880661e-09 5.9546350847269346e-10 5.2736378774685199e-10 6.1375075969733498e-09 
2.1713530896331233e-09 5.9709450506032273e-10 5.3594146286413283e-10 6.1111934208530145e-09 
2.1725555491937864e-09 5.9970955320327362e-10 5.4422163914554215e-10 6.0849737761461157e-09 
2.1732063081147637e-09 6.0325684687150994e-10 5.5218441529129958e-10 6.0589328878574502e-09 
2.1733050593677769e-09 6.0767421721083942e-10 5.5981341560030810e-10 6.0331413269379966e-09 
2.1728506543229714e-09 6.1289111753413785e-10 5.6709569414331312e-10 6.0076557459249239e-09 
2.1718412201754308e-09 6.1883071274870896e-10 5.7402149008692683e-10 5.9825190941553455e-09 
2.1702742582387411e-09 6.2541180333438311e-10 5.8058398938187726e-10 5.9577610631541465e-09 
2.1681467961476185e-09 6.3255098519938754e-10 5.8677903933476851e-10 5.9333987311415458e-09 
2.1654555286557362e-09 6.4016418139055844e-10 5.9260500048077499e-10 5.9094375308018385e-09 
2.1621970127824217e-09 6.4816844619978386e-10 5.9806238845570311e-10 5.8858721713461281e-09 
2.1583678751878420e-09 6.5648325760669645e-10 6.0315370725689932e-10 5.8626882709415289e-09 
2.1539649711727141e-09 6.6503159016981147e-10 6.0788309499436525e-10 5.8398632686359598e-09 
2.1489855990730650e-09 6.7374079419727179e-10 6.1225616224037751e-10 5.8173683321253392e-09 
2.1434277038314915e-09 6.8254329245257695e-10 6.1627965701712974e-10 5.7951697461321095e-09 
2.1372900393684773e-09 6.9137684779696282e-10 6.1996130664589081e-10 5.7732304774933201e-09 
2.1305723687040384e-09 7.0018505691126515e-10 6.2330949583348250e-10 5.7515116109497262e-09 
2.1232756555167673e-09 7.0891729071690306e-10 6.2633307843274453e-10 5.7299743104657099e-09 
2.1154021198636756e-09 7.1752865910683791e-10 6.2904118418761334e-10 5.7085805308698762e-09 
2.1069555127076545e-09 7.2598011702502097e-10 6.3144298183837674e-10 5.6872950225703307e-09 
2.0979411999402365e-09 7.3423777502455595e-10 6.3354753419914423e-10 5.6660865533144031e-09 
2.0883661112724814e-09 7.4227315802821801e-10 6.3536354828270880e-10 5.6449279806149740e-09 
2.0782390752238898e-09 7.5006262777506740e-10 6.3689930649840413e-10 5.6237987038902477e-09 
2.0675707253103168e-09 7.5758679823320402e-10 6.3816245658689676e-10 5.6026843742688977e-09 
2.0563736234935762e-09 7.6483071912876358e-10 6.3915991263351870e-10 5.5815778080280652e-09 
2.0446622542469249e-09 7.7178283322926905e-10 6.3989774238749512e-10 5.5604796635925020e-09 
2.0324529813421253e-09 7.7843498312070225e-10 6.4038105129818164e-10 5.5393979565786579e-09 
2.0197642363888338e-09 7.8478184558691856e-10 6.4061391697998469e-10 5.5183493287466098e-09 
2.0066162847443430e-09 7.9082058154807851e-10 6.4059931327508088e-10 5.4973578245748538e-09 
1.9930313758284782e-09 7.9655032727345680e-10 6.4033903017740388e-10 5.4764555412955215e-09 
1.9790334560649869e-09 8.0197184250487888e-10 6.3983368881033700e-10 5.4556812382584552e-09 
1.9646484208841554e-09 8.0708739542394467e-10 6.3908265605823859e-10 5.4350809209604264e-09 
1.9499036999278318e-09 8.1189981987637929e-10 6.3808410305675331e-10 5.4147061260302338e-09 
1.9348283963099944e-09 8.1641283084900843e-10 6.3683491905004372e-10 5.3946135029200556e-09 
1.9194531104466486e-09 8.2063033374790605e-10 6.3533084629640911e-10 5.3748640109336078e-09 
1.9038097436192576e-09 8.2455618785994818e-10 6.3356640724713211e-10 5.3555211118423160e-09 
1.8879314937698996e-09 8.2819402039772057e-10 6.3153504975613387e-10 5.3366505635722260e-09 
1.8718525269382478e-09 8.3154682542889698e-10 6.2922918387777554e-10 5.3183179488680452e-09 
1.8556079816506160e-09 8.3461712214586207e-10 6.2664027954882222e-10 5.3005882497676955e-09 
1.8392338001483485e-09 8.3740623489179752e-10 6.2375895963751172e-10 5.2835244906227962e-09 
1.8227663405859451e-09 8.3991451077203763e-10 6.2057519014814662e-10 5.2671851840803917e-09 
1.8062424826167834e-09 8.4214123491681424e-10 6.1707833429324327e-10 5.2516243474595131e-09 
1.7896993324865757e-09 8.4408411713529693e-10 6.1325738625075886e-10 5.2368898139256655e-09 
1.7731739522347012e-09 8.4573978806435002e-10 6.0910110958369704e-10 5.2230210914206655e-09 
1.7567033527558078e-09 8.4710318586106537e-10 6.0459826941580267e-10 5.2100497053749139e-09 
1.7403241666663664e-09 8.4816806750511281e-10 5.9973780154742927e-10 5.1979968218360042e-09 
1.7240726584253886e-09 8.4892660574949001e-10 5.9450903246550484e-10 5.1868734988000634e-09 
1.7079844475288898e-09 8.4936965497471190e-10 5.8890189565891312e-10 5.1766794504866653e-09 
1.6920944324810871e-09 8.4948685747386786e-10 5.8290722294238818e-10 5.1674027721062921e-09 
1.6764368028958717e-09 8.4926656828916470e-10 5.7651687953371575e-10 5.1590203037910572e-09 
1.6610447404772447e-09 8.4869619867639336e-10 5.6972407982036331e-10 5.1514966960281728e-09 
1.6459506132117764e-09 8.4776219738052689e-10 5.6252357070283739e-10 5.1447860369677888e-09 
1.6311857460635919e-09 8.4645039990338534e-10 5.5491191996411171e-10 5.1388312572559759e-09 
1.6167806711560990e-09 8.4474606461810720e-10 5.4688766034917246e-10 5.1335662199603931e-09 
1.6027648881797878e-09 8.4263430494702576e-10 5.3845158410783687e-10 5.1289155565293232e-09 
1.5891671531263104e-09 8.4010015376056693e-10 5.2960691392794208e-10 5.1247969093800323e-09 
1.5760154724826052e-09 8.3712887125658673e-10 5.2035954146784582e-10 5.1211221268637989e-09 
1.5633372083573592e-09 8.3370637456386912e-10 5.1071815778660524e-10 5.1177986921206566e-09 
1.5511592946240877e-09 8.2981928609849570e-10 5.0069448323533277e-10 5.1147320169625904e-09 
1.5395082248610788e-09 8.2545541642376478e-10 4.9030346690973978e-10 5.1118265721053330e-09 
1.5284103634846886e-09 8.2060390265898194e-10 4.7956340440937982e-10 5.1089886021273101e-09 
1.5178918834989561e-09 8.1525568491512304e-10 4.6849610020444811e-10 5.1061271391678080e-09 
1.5079790607164310e-09 8.0940359711221449e-10 4.5712708058587003e-10 5.1031566309486199e-09 
1.4986982308427973e-09 8.0304282345392346e-10 4.4548569282475335e-10 5.0999980486474145e-09 
1.4900759636750285e-09 7.9617098811146500e-10 4.3360534543718264e-10 5.0965811873679939e-09 
1.4821389666686636e-09 7.8878857928802973e-10 4.2152360374089746e-10 5.0928456029360247e-09 
1.4749141229459049e-09 7.8089906695926034e-10 4.0928243645167773e-10 5.0887422715959849e-09 
1.4684283647629091e-09 7.7250917118704500e-10 3.9692838513656389e-10 5.0842346112719031e-09 
1.4627085480925078e-09 7.6362903576590702e-10 3.8451281367136604e-10 5.0792993452653355e-09 
1.4577812058677751e-09 7.5427239110678402e-10 3.7209211467285608e-10 5.0739272116748723e-09 
1.4536722946726338e-09 7.4445671015752192e-10 3.5972795585603484e-10 5.0681232871915051e-09 
1.4504068465019251e-09 7.3420334660201963e-10 3.4748753040598931e-10 5.0619071403711349e-09 
1.4480085670271760e-09 7.2353752495003457e-10 3.3544375426422611e-10 5.0553126272032688e-09 
1.4464994100449068e-09 7.1248852189400766e-10 3.2367537690510726e-10 5.0483875348928657e-09 
1.4458990563883108e-09 7.0108957534568237e-10 3.1226702577629161e-10 5.0411927120239020e-09 
1.4462244601087075e-09 6.8937794819924840e-10 3.0130898951350123e-10 5.0338012431061768e-09 
1.4474892819742428e-09 6.7739484994561450e-10 2.9089669292612018e-10 5.0262971005552849e-09 
1.4497034008352323e-09 6.6518536441195460e-10 2.8112976197190956e-10 5.0187736768238203e-09 
1.4528724200144149e-09 6.5279829056478702e-10 2.7211045298871310e-10 5.0113320914035223e-09 
1.4569972226736000e-09 6.4028605475660166e-10 2.6394140862757708e-10 5.0040793774282099e-09 
1.4620735782196818e-09 6.2770441550635596e-10 2.5672257193821362e-10 4.9971264000241915e-09 
1.4680918083383342e-09 6.1511226316295988e-10 2.5054735050219785e-10 4.9905857439305227e-09 
1.4750365717082218e-09 6.0257128568265360e-10 2.4549813667846852e-10 4.9845695346487865e-09 
1.4828866677641170e-09 5.9014554639147773e-10 2.4164158863637493e-10 4.9791871152206687e-09 
1.4916150080784910e-09 5.7790113394699580e-10 2.3902422986438099e-10 4.9745428816655142e-09 
1.5011886585771301e-09 5.6590552449960927e-10 2.3766896985635867e-10 4.9707341470308393e-09 
1.5115689517326124e-09 5.5422699915986505e-10 2.3757314869385241e-10 4.9678490518406870e-09 
1.5227117277620941e-09 5.4293401114554845e-10 2.3870860256481676e-10 4.9659646655022761e-09 
1.5345676577966925e-09 5.3209426893448794e-10 2.4102362591531534e-10 4.9651454192819128e-09 
1.5470826004844991e-09 5.2177395842699148e-10 2.4444669908057577e-10 4.9654415598094044e-09 
1.5601980465206551e-09 5.1203662271190612e-10 2.4889123478415474e-10 4.9668879338288140e-09 
1.5738516582549432e-09 5.0294236841508620e-10 2.5426076702216383e-10 4.9695032902548459e-09 
1.5879777265832243e-09 4.9454637434179873e-10 2.6045393688856043e-10 4.9732895170965996e-09 
1.6025077976538219e-09 4.8689834355876994e-10 2.6736872818937573e-10 4.9782314247894359e-09 
1.6173712140559492e-09 4.8004082224131914e-10 2.7490586797174682e-10 4.9842970349763534e-09 
1.6324956451734540e-09 4.7400883413158514e-10 2.8297120300892001e-10 4.9914375140430373e-09 
1.6478076919055840e-09 4.6882854143035455e-10 2.9147727007857874e-10 4.9995882511160895e-09 
1.6632334297540098e-09 4.6451705681709518e-10 3.0034405120106885e-10 5.0086695788241690e-09 
1.6786988871708763e-09 4.6108168357130030e-10 3.0949921917419169e-10 5.0185880926491234e-09 
1.6941305122967342e-09 4.5852014899723581e-10 3.1887802189115538e-10 5.0292375701518969e-09 
1.7094557164976261e-09 4.5682078548477722e-10 3.2842281008427579e-10 5.0405011496386735e-09 
1.7246031839497658e-09 4.5596266250717803e-10 3.3808254597882293e-10 5.0522525283471113e-09 
1.7395032640862024e-09 4.5591700414679066e-10 3.4781211321305896e-10 5.0643575730304740e-09 
1.7540883708613927e-09 4.5664769887953595e-10 3.5757170677477084e-10 5.0766766174270718e-09 
1.7682931905434248e-09 4.5811256407933984e-10 3.6732614376167645e-10 5.0890656776233867e-09 
1.7820549770194589e-09 4.6026483576399513e-10 3.7704433945033220e-10 5.1013785081974363e-09 
1.7953138058214149e-09 4.6305413972036302e-10 3.8669866507471273e-10 5.1134684162128223e-09 
1.8080126773102175e-09 4.6642796977847810e-10 3.9626451606628191e-10 5.1251895414200993e-09 
1.8200977181560830e-09 4.7033276464272206e-10 4.0571979467034851e-10 5.1363986412494078e-09 
1.8315183247427716e-09 4.7471486787053486e-10 4.1504454948240212e-10 5.1469565946316788e-09 
1.8422272375055435e-09 4.7952165438856933e-10 4.2422061787443180e-10 5.1567296565485252e-09 
1.8521805667862831e-09 4.8470194144467016e-10 4.3323128403946598e-10 5.1655905043376457e-09 
1.8613379635126838e-09 4.9020701953901593e-10 4.4206101791178122e-10 5.1734197322245926e-09 
1.8696624630465369e-09 4.9599042682541038e-10 4.5069528009049001e-10 5.1801061273041532e-09 
1.8771206958677788e-09 5.0200898396208265e-10 4.5912023729672971e-10 5.1855481583341143e-09 
1.8836827762882138e-09 5.0822229386909678e-10 4.6732261764686853e-10 5.1896545103864185e-09 
1.8893221774896640e-09 5.1459335047714581e-10 4.7528964465574779e-10 5.1923437172634147e-09 
1.8940160305238476e-09 5.2108800585758137e-10 4.8300870737410089e-10 5.1935465775454058e-09 
1.8977446387315273e-09 5.2767540082313721e-10 4.9046748571419418e-10 5.1932039290692280e-09 
1.9004918193704065e-09 5.3432731675770430e-10 4.9765366858052565e-10 5.1912690582223810e-09 
1.9022445205040195e-09 5.4101835898399442e-10 5.0455501426183672e-10 5.1877060237647960e-09 
1.9029930372903914e-09 5.4772565110102681e-10 5.1115921394710345e-10 5.1824912069804282e-09 
1.9027306264598802e-09 5.5442843037334161e-10 5.1745397448684789e-10 5.1756112237808955e-09 
1.9014537803001977e-09 5.6110798838175470e-10 5.2342682932867290e-10 5.1670647945627723e-09 
1.8991617578117299e-09 5.6774731660699755e-10 5.2906525614603782e-10 5.1568605368044192e-09 
1.8958567574395879e-09 5.7433098083165095e-10 5.3435667891882758e-10 5.1450175803434248e-09 
1.8915436942904779e-09 5.8084465183002850e-10 5.3928845223608491e-10 5.1315645011180969e-09 
1.8862301503260606e-09 5.8727509204748585e-10 5.4384791681808628e-10 5.1165390257666272e-09 
1.8799262061634226e-09 5.9360964540651879e-10 5.4802245253319977e-10 5.0999870667648874e-09 
1.8726443790010354e-09 5.9983653444419733e-10 5.5179955275342614e-10 5.0819617375979370e-09 
1.8643995918543163e-09 6.0594380647732604e-10 5.5516687536001485e-10 5.0625235177654481e-09 
1.8552088443382445e-09 6.1192009810785880e-10 5.5811236965351716e-10 5.0417377872795807e-09 
1.8450914027649582e-09 6.1775375427863547e-10 5.6062428226798894e-10 5.0196756290390709e-09 
1.8340684246579815e-09 6.2343308583608271e-10 5.6269138037161471e-10 4.9964112549967972e-09 
1.8221631389416877e-09 6.2894602655083984e-10 5.6430292428174171e-10 4.9720228430733687e-09 
1.8094004503774848e-09 6.3428012814006357e-10 5.6544890648820507e-10 4.9465895334237202e-09 
1.7958072109894451e-09 6.3942265726976767e-10 5.6612006209085840e-10 4.9201927782504883e-09 
1.7814118440526807e-09 6.4436005526020090e-10 5.6630804827384351e-10 4.8929134228732563e-09 
1.7662445210791884e-09 6.4907856564390708e-10 5.6600553200539696e-10 4.8648324573036338e-09 
1.7503370055356377e-09 6.5356376786517754e-10 5.6520627658247603e-10 4.8360294443729067e-09 
1.7337226571542188e-09 6.5780077029997949e-10 5.6390531582482137e-10 4.8065821410084132e-09 
1.7164364186837047e-09 6.6177434164253521e-10 5.6209899648252533e-10 4.7765658845242086e-09 
1.6985148382134845e-09 6.6546883076681074e-10 5.5978506772155318e-10 4.7460532336400173e-09 
1.6799961140467928e-09 6.6886853901982540e-10 5.5696282481355430e-10 4.7151135687196186e-09 
1.6609201011629271e-09 6.7195747376632768e-10 5.5363312137090775e-10 4.6838129924002888e-09 
1.6413283832842408e-09 6.7471986030145390e-10 5.4979845833292694e-10 4.6522142189441703e-09 
1.6212643316383031e-09 6.7714004894848492e-10 5.4546305145659809e-10 4.6203764935936204e-09 
1.6007732321103960e-09 6.7920281600587729e-10 5.4063286965504758e-10 4.5883559891082461e-09 
1.5799024085877383e-09 6.8089348015044555e-10 5.3531561165736705e-10 4.5562061573279161e-09 
1.5587013026193956e-09 6.8219812336601100e-10 5.2952076790523620e-10 4.5239779443003435e-09 
1.5372215417511526e-09 6.8310379413949993e-10 5.2325966315646109e-10 4.4917201647212853e-09 
1.5155172315779353e-09 6.8359850851996924e-10 5.1654534659364905e-10 4.4594809806258294e-09 
1.4936448401905893e-09 6.8367180402624356e-10 5.0939264828093811e-10 4.4273069592719750e-09 
1.4716636329202235e-09 6.8331457101347335e-10 5.0181811267316090e-10 4.3952456489210855e-09 
1.4496354784017833e-09 6.8251929937225896e-10 4.9383997801427998e-10 4.3633447349913113e-09 
1.4276251326012702e-09 6.8128031721043681e-10 4.8547813166029760e-10 4.3316538056118257e-09 
1.4057001762286141e-09 6.7959381009300554e-10 4.7675404430250917e-10 4.3002242485911981e-09 
1.3839311312332170e-09 6.7745810186406533e-10 4.6769070858914981e-10 4.2691105136782451e-09 
1.3623914034526940e-09 6.7487350295660298e-10 4.5831261595109367e-10 4.2383704059239485e-09 
1.3411571267340331e-09 6.7184264969260825e-10 4.4864567095769895e-10 4.2080653454522169e-09 
1.3203071329543498e-09 6.6837034305449077e-10 4.3871713742123103e-10 4.1782611628377819e-09 
1.2999226009120839e-09 6.6446375179409670e-10 4.2855560268142601e-10 4.1490280000460668e-09 
1.2800866828766734e-09 6.6013234749562012e-10 4.1819095431609828e-10 4.1204400465747496e-09 
1.2608842395484110e-09 6.5538784483637288e-10 4.0765432882713848e-10 4.0925763735336611e-09 
1.2424010033508463e-09 6.5024426998768992e-10 3.9697809603402059e-10 4.0655193716102478e-09 
1.2247231359224638e-09 6.4471786217332886e-10 3.8619590395528451e-10 4.0393554040479802e-09 
1.2079362034500199e-09 6.3882693815205274e-10 3.7534264441392870e-10 4.0141733224688751e-09 
1.1921243430166912e-09 6.3259194495921396e-10 3.6445452528874602e-10 3.9900640729340956e-09 
1.1773691373095933e-09 6.2603516559337937e-10 3.5356916292316765e-10 3.9671195334532222e-09 
1.1637484224818713e-09 6.1918072817184944e-10 3.4272560070106308e-10 3.9454313034103979e-09 
1.1513350574504707e-09 6.1205440519133902e-10 3.3196445735126958e-10 3.9250895841025705e-09 
1.1401955732825761e-09 6.0468345508039142e-10 3.2132802082143361e-10 3.9061813779222594e-09 
1.1303889662362573e-09 5.9709643747128705e-10 3.1086036402487836e-10 3.8887896879019898e-09 
1.1219652603669340e-09 5.8932299407756798e-10 3.0060752148553296e-10 3.8729911240611643e-09 
1.1149645227849040e-09 5.8139378493512671e-10 2.9061748595863651e-10 3.8588552427667185e-09 
1.1094156928355868e-09 5.7334006505107591e-10 2.8094032807580505e-10 3.8464423969974375e-09 
1.1053358420887013e-09 5.6519371028368487e-10 2.7162816057958410e-10 3.8358026029470339e-09 
1.1027296354851651e-09 5.5698679566031838e-10 2.6273497771596934e-10 3.8269743398854160e-09 
1.1015889386393234e-09 5.4875152576344589e-10 2.5431636199794566e-10 3.8199830393575935e-09 
1.1018929375755877e-09 5.4051987835020853e-10 2.4642900649932164e-10 3.8148405201964172e-09 
1.1036083899172349e-09 5.3232350273033859e-10 2.3912991310404048e-10 3.8115440035717773e-09 
1.1066902191015123e-09 5.2419340726838101e-10 2.3247534996871181e-10 3.8100756988498591e-09 
1.1110823722103485e-09 5.1615982564589649e-10 2.2651942799672609e-10 3.8104025061972280e-09 
1.1167188816178427e-09 5.0825190088187200e-10 2.2131243845117363e-10 3.8124760213565296e-09 
1.1235250626887091e-09 5.0049756629154677e-10 2.1689891962422443e-10 3.8162327828573947e-09 
1.1314188769191114e-09 4.9292331925526892e-10 2.1331560062923475e-10 3.8215948203959166e-09 
1.1403122763126203e-09 4.8555403390808915e-10 2.1058944383869183e-10 3.8284703254998613e-09 
1.1501126164691516e-09 4.7841280482742375e-10 2.0873597293967862e-10 3.8367547172557836e-09 
1.1607239776231272e-09 4.7152079004073280e-10 2.0775810770835874e-10 3.8463316349122074e-09 
1.1720484296466329e-09 4.6489708538070813e-10 2.0764573144253987e-10 3.8570742515259132e-09 
1.1839872113772643e-09 4.5855862531322754e-10 2.0837596092019462e-10 3.8688467615641509e-09 
1.1964417561092586e-09 4.5252014341773907e-10 2.0991427771432886e-10 3.8815056937425541e-09 
1.2093146288822130e-09 4.4679403195563744e-10 2.1221618785680205e-10 3.8949016489804275e-09 
1.2225102669817051e-09 4.4139039148224572e-10 2.1522934814511077e-10 3.9088806695016660e-09 
1.2359356773905818e-09 4.3631712473473446e-10 2.1889587602369613e-10 3.9232858429643888e-09 
1.2495009693423921e-09 4.3157975429340212e-10 2.2315457853774727e-10 3.9379589493414290e-09 
1.2631197469672746e-09 4.2718178039108591e-10 2.2794299109192429e-10 3.9527416636897865e-09 
1.2767094677623180e-09 4.2312457828553585e-10 2.3319905706651643e-10 3.9674771319342207e-09 
1.2901916702773696e-09 4.1940765512768758e-10 2.3886240801596555e-10 3.9820113437237464e-09 
1.3034921234271081e-09 4.1602879933361253e-10 2.4487541539930974e-10 3.9961940783364678e-09 
1.3165409880756887e-09 4.1298424278747539e-10 2.5118363492855389e-10 4.0098803454999116e-09 
1.3292727875819880e-09 4.1026886774947999e-10 2.5773623722392906e-10 4.0229311326074244e-09 
1.3416264704669811e-09 4.0787644357212587e-10 2.6448610355296565e-10 4.0352144599589625e-09 
1.3535453895025845e-09 4.0579989679053251e-10 2.7138964062720472e-10 4.0466061643337413e-09 
1.3649771541941497e-09 4.0403128017302759e-10 2.7840682062231044e-10 4.0569903846168409e-09 
1.3758736774958848e-09 4.0256236558517160e-10 2.8550076725426522e-10 4.0662605098228882e-09 
1.3861909998267707e-09 4.0138447575214152e-10 2.9263757446983191e-10 4.0743192653837171e-09 
1.3958891891362292e-09 4.0048885773471271e-10 2.9978593469894151e-10 4.0810792591171391e-09 
1.4049322264731095e-09 3.9986682357532321e-10 3.0691693715801936e-10 4.0864632149763595e-09 
1.4132879228420874e-09 3.9950974508827852e-10 3.1400374551130260e-10 4.0904043326613840e-09 
1.4209276749924496e-09 3.9940914374452236e-10 3.2102131869633366e-10 4.0928459818256627e-09 
1.4278263941131261e-09 3.9955709314633581e-10 3.2794628570137289e-10 4.0937417940189967e-09 
1.4339624341251168e-09 3.9994556817373251e-10 3.3475656287711819e-10 4.0930560692466552e-09 
1.4393172890353940e-09 4.0056707172380347e-10 3.4143139130762305e-10 4.0907627395444012e-09 
1.4438755659271669e-09 4.0141435005098354e-10 3.4795103069523363e-10 4.0868456940207192e-09 
1.4476248043709298e-09 4.0248009510795074e-10 3.5429671253776141e-10 4.0812983889706668e-09 
1.4505552556402544e-09 4.0375725176294674e-10 3.6045052636276098e-10 4.0741230204095295e-09 
1.4526599051388641e-09 4.0523868858785018e-10 3.6639533261235950e-10 4.0653307519888018e-09 
1.4539341246722336e-09 4.0691695205918604e-10 3.7211477104434258e-10 4.0549403886515533e-09 
1.4543757035033500e-09 4.0878448279183317e-10 3.7759317752547869e-10 4.0429785283057648e-09 
1.4539845464162389e-09 4.1083311222537146e-10 3.8281557348828640e-10 4.0294782416032370e-09 
1.4527626632225639e-09 4.1305412333884220e-10 3.8776770066042388e-10 4.0144789388053984e-09 
1.4507140102392239e-09 4.1543807797948954e-10 3.9243601061978498e-10 3.9980256236778030e-09 
1.4478442593120384e-09 4.1797470956748116e-10 3.9680770820649343e-10 3.9801676113336503e-09 
1.4441608294710191e-09 4.2065297116715803e-10 4.0087077264195987e-10 3.9609585398178565e-09 
1.4396726687707118e-09 4.2346042942837953e-10 4.0461402417920223e-10 3.9404554016927966e-09 
1.4343901397330924e-09 4.2638410056930121e-10 4.0802714995588455e-10 3.9187174451118724e-09 
1.4283249990122289e-09 4.2940948949102576e-10 4.1110076460782178e-10 3.8958061465329287e-09 
1.4214902016091458e-09 4.3252148374596821e-10 4.1382644648069346e-10 3.8717838678193957e-09 
1.4138999705789511e-09 4.3570360678738716e-10 4.1619679974752052e-10 3.8467140211244734e-09 
1.4055695533035886e-09 4.3893861581788002e-10 4.1820554311632296e-10 3.8206595842117581e-09 
1.3965153202899441e-09 4.4220844866390757e-10 4.1984747163783483e-10 3.7936836000606861e-09 
1.3867545943312244e-09 4.4549410443520363e-10 4.2111854608690475e-10 3.7658478870518217e-09 
1.3763057044265159e-09 4.4877630885824940e-10 4.2201596205137065e-10 3.7372129768054949e-09 
1.3651880580752756e-09 4.5203508391328604e-10 4.2253804670424719e-10 3.7078386855021848e-09 
1.3534218252899448e-09 4.5525022711240765e-10 4.2268445570767791e-10 3.6777821620804099e-09 
1.3410282932389567e-09 4.5840164889823404e-10 4.2245602885530880e-10 3.6470994707929906e-09 
1.3280297120386602e-09 4.6146907859653237e-10 4.2185486368528581e-10 3.6158447738589284e-09 
1.3144493060337208e-09 4.6443270763253774e-10 4.2088429585345797e-10 3.5840703854897430e-09 
1.3003114448003812e-09 4.6727324940709822e-10 4.1954884523483460e-10 3.5518274273246717e-09 
1.2856415602638595e-09 4.6997184346688704e-10 4.1785427656431944e-10 3.5191655594823157e-09 
1.2704662734787442e-09 4.7251069066811371e-10 4.1580744317839245e-10 3.4861334066679113e-09 
1.2548135103509227e-09 4.7487280984684135e-10 4.1341632681007309e-10 3.4527794084421896e-09 
1.2387124070962701e-09 4.7704247738396131e-10 4.1068997618560500e-10 3.4191511025742291e-09 
1.2221936424200207e-09 4.7900529876474672e-10 4.0763837708021329e-10 3.3852969774049343e-09 
1.2052893259153189e-09 4.8074801036716619e-10 4.0427249285613117e-10 3.3512660861051137e-09 
1.1880331138650755e-09 4.8225909080531939e-10 4.0060411015731988e-10 3.3171084365965505e-09 
1.1704603329020227e-09 4.8352856918437109e-10 3.9664579771807336e-10 3.2828758251718539e-09 
1.1526081107448537e-09 4.8454795493971439e-10 3.9241081640865193e-10 3.2486225484591419e-09 
1.1345153083453564e-09 4.8531063491485219e-10 3.8791304861081463e-10 3.2144048879407273e-09 
1.1162228037014934e-09 4.8581159044934658e-10 3.8316691213109909e-10 3.1802826509845767e-09 
1.0977733443048967e-09 4.8604748972892545e-10 3.7818727662345049e-10 3.1463185875720186e-09 
1.0792116683408141e-09 4.8601678287027089e-10 3.7298936806540545e-10 3.1125788265935995e-09 
1.0605846662535288e-09 4.8571953556954306e-10 3.6758873150098596e-10 3.0791335489715550e-09 
1.0419412365586226e-09 4.8515749990704820e-10 3.6200110689142576e-10 3.0460563892782439e-09 
1.0233323282678863e-09 4.8433383166543585e-10 3.5624240430433445e-10 3.0134245568601256e-09 
1.0048109918170642e-09 4.8325335396469404e-10 3.5032860060373084e-10 2.9813190312156240e-09 
9.8643219563846725e-10 4.8192210019182957e-10 3.4427570153504642e-10 2.9498237502228007e-09 
9.6825276008189474e-10 4.8034753486814594e-10 3.3809967485337608e-10 2.9190253218539965e-09 
9.5033137641462483e-10 4.7853818692018871e-10 3.3181640213177652e-10 2.8890131169667088e-09 
9.3272810625829586e-10 4.7650366735415214e-10 3.2544166438058243e-10 2.8598774247202635e-09 
9.1550442112397295e-10 4.7425456455377148e-10 3.1899106671571542e-10 2.8317096117708151e-09 
8.9872274438266498e-10 4.7180211301831697e-10 3.1248004979027441e-10 2.8046010576705446e-09 
8.8244601134069754e-10 4.6915836261755049e-10 3.0592382779757022e-10 2.7786415996319029e-09 
8.6673738596715341e-10 4.6633575472569851e-10 2.9933744707811548e-10 2.7539191107763714e-09 
8.5165957114930602e-10 4.6334719001586362e-10 2.9273568679762340e-10 2.7305178506702582e-09 
8.3727421860960030e-10 4.6020570244727188e-10 2.8613317111287823e-10 2.7085174210261942e-09 
8.2364119303147817e-10 4.5692446590922628e-10 2.7954429626676021e-10 2.6879913795244269e-09 
8.1081787578640272e-10 4.5351663294311512e-10 2.7298328003489426e-10 2.6690062523801437e-09 
7.9885819911516936e-10 4.4999514063277751e-10 2.6646422680236672e-10 2.6516197628303128e-09 
7.8781191578687287e-10 4.4637266413187112e-10 2.6000108560809563e-10 2.6358804378972102e-09 
7.7772355114978351e-10 4.4266144279265057e-10 2.5360773972394928e-10 2.6218258442199044e-09 
7.6863155665202461e-10 4.3887325396082037e-10 2.4729805651729097e-10 2.6094820012667913e-09 
7.6056754569057320e-10 4.3501920012174751e-10 2.4108590853514753e-10 2.5988627944455934e-09 
7.5355535920237159e-10 4.3110972320993420e-10 2.3498526225054572e-10 2.5899688063303714e-09 
7.4761063135193477e-10 4.2715453555074373e-10 2.2901019880237658e-10 2.5827877287096846e-09 
7.4274017033708343e-10 4.2316243858032152e-10 2.2317499983414624e-10 2.5772935956231080e-09 
7.3894174198527745e-10 4.1914142191537882e-10 2.1749418448822069e-10 2.5734472607803794e-09 
7.3620395015634719e-10 4.1509855009963628e-10 2.1198257453195802e-10 2.5711964672173340e-09 
7.3450642697998478e-10 4.1103997807368466e-10 2.0665531812553235e-10 2.5704766082975903e-09 
7.3382015498632745e-10 4.0697090873660906e-10 2.0152793674125071e-10 2.5712113313430057e-09 
7.3410805142820122e-10 4.0289567060837704e-10 1.9661632198069596e-10 2.5733134504803193e-09 
7.3532569891719944e-10 3.9881766227786773e-10 1.9193670559526633e-10 2.5766861627074378e-09 
7.3742223376723511e-10 3.9473949137474215e-10 1.8750562522065113e-10 2.5812241743962454e-09 
7.4034130526086885e-10 3.9066294525546751e-10 1.8333983517883660e-10 2.5868149098038517e-09 
7.4402212860258895e-10 3.8658912187412333e-10 1.7945612437866158e-10 2.5933400912642027e-09 
7.4840052033608168e-10 3.8251850410461059e-10 1.7587117574261426e-10 2.6006768921388522e-09 
7.5340996103865059e-10 3.7845107144593315e-10 1.7260127122739861e-10 2.6086995502050198e-09 
7.5898252868209666e-10 3.7438633889272706e-10 1.6966202287168319e-10 2.6172805504778263e-09 
7.6504984777382072e-10 3.7032360985532174e-10 1.6706798871037392e-10 2.6262920402494314e-09 
7.7154388662203226e-10 3.6626197148803797e-10 1.6483228537647035e-10 2.6356070812853584e-09 
7.7839765249896670e-10 3.6220053746040728e-10 1.6296615693281068e-10 2.6451008169636266e-09 
7.8554583405141016e-10 3.5813853823538995e-10 1.6147856802803413e-10 2.6546515360628039e-09 
7.9292527389658244e-10 3.5407544038215815e-10 1.6037577209635947e-10 2.6641416723721402e-09 
8.0047535058570558e-10 3.5001117646457650e-10 1.5966100042223846e-10 2.6734585549210397e-09 
8.0813837577725681e-10 3.4594620323595657e-10 1.5933415749577251e-10 2.6824955090263090e-09 
8.1585970825445541e-10 3.4188167754542601e-10 1.5939167673198036e-10 2.6911521065573432e-09 
8.2358803544094608e-10 3.3781965680043557e-10 1.5982645437063219e-10 2.6993351302024991e-09 
8.3127532538543650e-10 3.3376299561511414e-10 1.6062793766085572e-10 2.7069585581943041e-09 
8.3887696373800086e-10 3.2971582679141170e-10 1.6178224859973783e-10 2.7139442820607156e-09 
8.4635172148759840e-10 3.2568319037358764e-10 1.6327254941535511e-10 2.7202223002925137e-09 
8.5366165273396266e-10 3.2167158321630062e-10 1.6507935990768060e-10 2.7257304545517441e-09 
8.6077216832897488e-10 3.1768862482208518e-10 1.6718096021587752e-10 2.7304152903561646e-09 
8.6765172999564309e-10 3.1374327152817372e-10 1.6955386317316208e-10 2.7342312194218347e-09 
8.7427186688644076e-10 3.0984588012031220e-10 1.7217324720010159e-10 2.7371406886974134e-09 
8.8060707051190630e-10 3.0600797586169998e-10 1.7501334459730706e-10 2.7391145482365583e-09 
8.8663445756066245e-10 3.0224231802434061e-10 1.7804791377234947e-10 2.7401306337917933e-09 
8.9233385901675893e-10 2.9856292196091150e-10 1.8125052896041629e-10 2.7401745880250588e-09 
8.9768753105429110e-10 2.9498457063072427e-10 1.8459489350526415e-10 2.7392390139638868e-09 
9.0267992849071067e-10 2.9152302176034400e-10 1.8805515264423710e-10 2.7373226348843478e-09 
9.0729774598578044e-10 2.8819456346666924e-10 1.9160602250779790e-10 2.7344307756886290e-09 
9.1152954279319968e-10 2.8501587880060788e-10 1.9522303756784779e-10 2.7305738818188158e-09 
9.1536574031869549e-10 2.8200374756667567e-10 1.9888267360650971e-10 2.7257676714248318e-09 
9.1879839772647979e-10 2.7917463079138450e-10 2.0256241692726220e-10 2.7200322708242852e-09 
9.2182104625636920e-10 2.7654456870178842e-10 2.0624091081535219e-10 2.7133914443181943e-09 
9.2442865002220914e-10 2.7412858253561204e-10 2.0989796688545261e-10 2.7058725774248455e-09 
9.2661735531994194e-10 2.7194047116123804e-10 2.1351462735734157e-10 2.6975055162940125e-09 
9.2838443798705276e-10 2.6999247863608065e-10 2.1707322220266454e-10 2.6883222156174115e-09 
9.2972818720507578e-10 2.6829484177493326e-10 2.2055734750155829e-10 2.6783564303020300e-09 
9.3064770967943207e-10 2.6685565694668745e-10 2.2395189637835417e-10 2.6676424789069077e-09 
9.3114304179793326e-10 2.6568059304390011e-10 2.2724303599097402e-10 2.6562158371194360e-09 
9.3121479792782469e-10 2.6477242995266363e-10 2.3041828148821412e-10 2.6441113416019912e-09 
9.3086431739837216e-10 2.6413163857919747e-10 2.3346633501082478e-10 2.6313639364282727e-09 
9.3009353921062867e-10 2.6375538680111485e-10 2.3637725017124295e-10 2.6180079092364359e-09 
9.2890484689817668e-10 2.6363837181325973e-10 2.3914223372409153e-10 2.6040760347362644e-09 
9.2730118480379679e-10 2.6377251120069771e-10 2.4175373550053935e-10 2.5896001494588376e-09 
9.2528596964109021e-10 2.6414724566015836e-10 2.4420534840579057e-10 2.5746107720937881e-09 
9.2286299067236212e-10 2.6474953581460073e-10 2.4649183429383084e-10 2.5591363925861646e-09 
9.2003650562670212e-10 2.6556470043804234e-10 2.4860895520788639e-10 2.5432041339598638e-09 
9.1681119165112869e-10 2.6657606224928405e-10 2.5055355960530732e-10 2.5268392470249367e-09 
9.1319221352801387e-10 2.6776571234966290e-10 2.5232345070766902e-10 2.5100657057466976e-09 
9.0918505044000892e-10 2.6911472225678368e-10 2.5391733464138743e-10 2.4929055003207542e-09 
9.0479572792153958e-10 2.7060364654752835e-10 2.5533480253877122e-10 2.4753795362155778e-09 
9.0003074401702483e-10 2.7221252355001542e-10 2.5657620040036093e-10 2.4575076181551844e-09 
8.9489705879080403e-10 2.7392157345342615e-10 2.5764259644241753e-10 2.4393083354085077e-09 
8.8940220258888416e-10 2.7571118052998698e-10 2.5853573175361346e-10 2.4207999386873834e-09 
8.8355420221993026e-10 2.7756241145444641e-10 2.5925792767086084e-10 2.4020000027012280e-09 
8.7736171856598125e-10 2.7945697919961810e-10 2.5981200926534162e-10 2.3829262887918758e-09 
8.7083399919384478e-10 2.8137761144370398e-10 2.6020127259481069e-10 2.3635966660670596e-09 
8.6398095478321402e-10 2.8330819449468643e-10 2.6042934544473787e-10 2.3440296605774539e-09 
8.5681320712753415e-10 2.8523367133557674e-10 2.6050022051102120e-10 2.3242448288648324e-09 
8.4934200149268609e-10 2.8714028094123590e-10 2.6041809204154884e-10 2.3042626565403220e-09 
8.4157936786924973e-10 2.8901583378832387e-10 2.6018735242751344e-10 2.2841052977925201e-09 
8.3353809353065022e-10 2.9084908795915896e-10 2.5981253024043153e-10 2.2637968410462817e-09 
8.2523165254550561e-10 2.9263046445063612e-10 2.5929820276909062e-10 2.2433629206021459e-09 
8.1667440301928005e-10 2.9435157081254638e-10 2.5864896141844141e-10 2.2228318936871901e-09 
8.0788142906163687e-10 2.9600522666490015e-10 2.5786936720448909e-10 2.2022340813863979e-09 
7.9886868763108419e-10 2.9758563828850884e-10 2.5696387031938817e-10 2.1816026268871369e-09 
7.8965281988952849e-10 2.9908786874025306e-10 2.5593684922559793e-10 2.1609727380142529e-09 
7.8025146055922141e-10 3.0050837931506571e-10 2.5479245724673637e-10 2.1403829292611681e-09 
7.7068289747537277e-10 3.0184420231058073e-10 2.5353472441068625e-10 2.1198736127870248e-09 
7.6096628298925825e-10 3.0309359139124867e-10 2.5216734390509921e-10 2.0994880908914014e-09 
7.5112151163110721e-10 3.0425530080676418e-10 2.5069389334708683e-10 2.0792716052036597e-09 
7.4116928501941616e-10 3.0532887320583033e-10 2.4911757939150189e-10 2.0592718846681021e-09 
7.3113100813737061e-10 3.0631442138735729e-10 2.4744136169651713e-10 2.0395381867985205e-09 
7.2102884013520561e-10 3.0721239744625166e-10 2.4566790000409733e-10 2.0201217545786101e-09 
7.1088548504718141e-10 3.0802369298363316e-10 2.4379955787007003e-10 2.0010742739715780e-09 
7.0072438833915993e-10 3.0874952184986704e-10 2.4183837408465591e-10 1.9824487804924523e-09 
6.9056948691315989e-10 3.0939098059359631e-10 2.3978612648855836e-10 1.9642980967612138e-09 
6.8044523825123012e-10 3.0994956820244047e-10 2.3764424526593211e-10 1.9466749275848321e-09 
6.7037653638407478e-10 3.1042658091588746e-10 2.3541393801446993e-10 1.9296309901059885e-09 
6.6038860127499428e-10 3.1082323012033274e-10 2.3309610347062868e-10 1.9132164456964914e-09 
6.5050689199881253e-10 3.1114059948314442e-10 2.3069143380449518e-10 1.8974793015780163e-09 
6.4075698988997381e-10 3.1137951332885060e-10 2.2820040248306418e-10 1.8824645577823997e-09 
6.3116454622013928e-10 3.1154052969332974e-10 2.2562331521674484e-10 1.8682138064642445e-09 
6.2175507425993289e-10 3.1162386515591445e-10 2.2296033210327361e-10 1.8547645534126843e-09 
6.1255380809444195e-10 3.1162933033232317e-10 2.2021152964994138e-10 1.8421491531381624e-09 
6.0358568936605520e-10 3.1155641665509769e-10 2.1737692404572382e-10 1.8303951202915768e-09 
5.9487494468778475e-10 3.1140403872442213e-10 2.1445655623036644e-10 1.8195235434142401e-09 
5.8644513762656719e-10 3.1117084276259376e-10 2.1145051698138718e-10 1.8095493624759529e-09 
5.7831892977504339e-10 3.1085494110909669e-10 2.0835903248654611e-10 1.8004809641864576e-09 
5.7051783308547246e-10 3.1045399962245014e-10 2.0518252038944371e-10 1.7923196464148356e-09 
5.6306207922699525e-10 3.0996539534540134e-10 2.0192162310954433e-10 1.7850595647134428e-09 
5.5597047228168799e-10 3.0938595242740453e-10 1.9857734927768292e-10 1.7786880433912965e-09 
5.4926005912706160e-10 3.0871232224469687e-10 1.9515106458031708e-10 1.7731850462291392e-09 
5.4294617734514357e-10 3.0794073275024993e-10 1.9164460824651964e-10 1.7685242732902130e-09 
5.3704208655295108e-10 3.0706719148411841e-10 1.8806038437122184e-10 1.7646725914792279e-09 
5.3155903418110527e-10 3.0608757315267116e-10 1.8440135332918692e-10 1.7615914455428826e-09 
5.2650591852440522e-10 3.0499758816023249e-10 1.8067121443453462e-10 1.7592364114691534e-09 
5.2188947596795278e-10 3.0379293546158269e-10 1.7687438182317568e-10 1.7575589291248837e-09 
5.1771399090353409e-10 3.0246931116194052e-10 1.7301612968397845e-10 1.7565060936902447e-09 
5.1398142241017294e-10 3.0102256852728126e-10 1.6910259004629130e-10 1.7560220656293121e-09 
5.1069132740132437e-10 2.9944873760989813e-10 1.6514090964301470e-10 1.7560484281386054e-09 
5.0784104196504484e-10 2.9774415632727281e-10 1.6113921869359888e-10 1.7565255516277059e-09 
5.0542561596337827e-10 2.9590550689537870e-10 1.5710678404352339e-10 1.7573927191900396e-09 
5.0343809115704209e-10 2.9392995771689793e-10 1.5305400467907802e-10 1.7585897846739196e-09 
5.0186941517078397e-10 2.9181520620245221e-10 1.4899254330167036e-10 1.7600567949787844e-09 
5.0070891235634280e-10 2.8955958442874270e-10 1.4493527420746108e-10 1.7617360916336221e-09 
4.9994422788308543e-10 2.8716210703547563e-10 1.4089644463481233e-10 1.7635717882262082e-09 
4.9956161291836880e-10 2.8462258750253225e-10 1.3689161485852672e-10 1.7655109415506602e-09 
4.9954613059702435e-10 2.8194161487876274e-10 1.3293774540938083e-10 1.7675039596522818e-09 
4.9988182422277075e-10 2.7912075067311486e-10 1.2905316181400553e-10 1.7695049004786496e-09 
5.0055199101506804e-10 2.7616244230121907e-10 1.2525753772341903e-10 1.7714721406890141e-09 
5.0153924850498641e-10 2.7307016143749841e-10 1.2157184269664003e-10 1.7733681372057155e-09 
5.0282580379025015e-10 2.6984837471414463e-10 1.1801818399672207e-10 1.7751600250358791e-09 
5.0439354597174224e-10 2.6650257803464190e-10 1.1461968716896608e-10 1.7768194221171700e-09 
5.0622422355140082e-10 2.6303936696920252e-10 1.1140016335073641e-10 1.7783225884237456e-09 
5.0829951294559252e-10 2.5946635505275534e-10 1.0838383143028192e-10 1.7796502567726840e-09 
5.1060115344082002e-10 2.5579224829789447e-10 1.0559477809649920e-10 1.7807875742392900e-09 
5.1311099013243737e-10 2.5202676601355135e-10 1.0305643864550727e-10 1.7817236994857142e-09 
5.1581105729494204e-10 2.4818066630560092e-10 1.0079088130656172e-10 1.7824518268516125e-09 
5.1868359470050695e-10 2.4426565648109119e-10 9.8818081571956695e-11 1.7829686126926676e-09 
5.2171107919038395e-10 2.4029439221214066e-10 9.7155071848929138e-11 1.7832738805643447e-09 
5.2487623709494867e-10 2.3628040717406069e-10 9.5815205917659466e-11 1.7833702235171792e-09 
5.2816205735815856e-10 2.3223799311707034e-10 9.4807421219755804e-11 1.7832626262154130e-09 
5.3155174928983838e-10 2.2818215635630865e-10 9.4135752567071318e-11 1.7829578209986515e-09 
5.3502878704390583e-10 2.2412856503915865e-10 9.3799012949805201e-11 1.7824641101719774e-09 
5.3857687622901736e-10 2.2009332159560810e-10 9.3790816658953944e-11 1.7817907232902445e-09 
5.4217991073119550e-10 2.1609302182016191e-10 9.4099845434622534e-11 1.7809473411736647e-09 
5.4582202951278351e-10 2.1214440939836391e-10 9.4710373415026968e-11 1.7799438865434888e-09 
5.4948755412958958e-10 2.0826443356647402e-10 9.5603042272521137e-11 1.7787898745906002e-09 
5.5316098815474766e-10 2.0446997472066469e-10 9.6755715391394852e-11 1.7774941018225923e-09 
5.5682705617297648e-10 2.0077773727130949e-10 9.8144359540084057e-11 1.7760644238042719e-09 
5.6047066783786942e-10 1.9720399078612062e-10 9.9743956637078758e-11 1.7745073309044236e-09 
5.6407694847497988e-10 1.9376454817339089e-10 1.0152920749542454e-10 1.7728276783515425e-09 
5.6763126431755706e-10 1.9047434607170320e-10 1.0347524184628989e-10 1.7710287549403782e-09 
5.7111916225295396e-10 1.8734754289617453e-10 1.0555811239944226e-10 1.7691115022542439e-09 
5.7452658779422311e-10 1.8439710171737805e-10 1.0775514890192374e-10 1.7670754429147436e-09 
5.7783966156584926e-10 1.8163458686328179e-10 1.1004520223034128e-10 1.7649175712787196e-09 
5.8104489349368940e-10 1.7907037586523787e-10 1.1240877649367406e-10 1.7626329779164774e-09 
5.8412917280177266e-10 1.7671290969007467e-10 1.1482812790555766e-10 1.7602149190370584e-09 
5.8707974441405287e-10 1.7456921382483217e-10 1.1728718407259939e-10 1.7576544750056980e-09 
5.8988433590260916e-10 1.7264423527411691e-10 1.1977155852986558e-10 1.7549413381148247e-09 
5.9253110668498074e-10 1.7094119478920592e-10 1.2226840565069249e-10 1.7520633148585279e-09 
5.9500877390864739e-10 1.6946146265102558e-10 1.2476634494574709e-10 1.7490070892753563e-09 
5.9730659085671912e-10 1.6820445751282257e-10 1.2725533250082490e-10 1.7457581927761641e-09 
5.9941436808334976e-10 1.6716783073298100e-10 1.2972652047228881e-10 1.7423013490139905e-09 
6.0132254836223154e-10 1.6634767570262193e-10 1.3217215206332954e-10 1.7386206180106594e-09 
6.0302226194460379e-10 1.6573842930920516e-10 1.3458546624159317e-10 1.7347000264579662e-09 
6.0450525227567721e-10 1.6533320885158461e-10 1.3696050182871796e-10 1.7305233866675521e-09 
6.0576399485100998e-10 1.6512402741331134e-10 1.3929208472311840e-10 1.7260749540877646e-09 
6.0679168982375305e-10 1.6510181716390986e-10 1.4157568304480459e-10 1.7213396602955811e-09 
6.0758226331272158e-10 1.6525705636745075e-10 1.4380729397852714e-10 1.7163031942711902e-09 
6.0813044139362939e-10 1.6557932084415607e-10 1.4598342126421992e-10 1.7109526759700128e-09 
6.0843162903338802e-10 1.6605816643009156e-10 1.4810094729496735e-10 1.7052762810674260e-09 
6.0848212105400448e-10 1.6668291284209206e-10 1.5015705609328675e-10 1.6992643026999329e-09 
6.0827891161648121e-10 1.6744289590313662e-10 1.5214924281012792e-10 1.6929084680469636e-09 
6.0781986864899829e-10 1.6832763868627248e-10 1.5407518348645211e-10 1.6862031671134042e-09 
6.0710353326766918e-10 1.6932697110632948e-10 1.5593270457131417e-10 1.6791444188321071e-09 
6.0612934262496918e-10 1.7043114468980898e-10 1.5771975292862337e-10 1.6717311794405338e-09 
6.0489742891811184e-10 1.7163067166434717e-10 1.5943438269089622e-10 1.6639646080021239e-09 
6.0340874916408167e-10 1.7291687179905233e-10 1.6107462901636936e-10 1.6558487253297144e-09 
6.0166498115287463e-10 1.7428135757675860e-10 1.6263858520230198e-10 1.6473900387821517e-09 
5.9966857401354340e-10 1.7571632118947767e-10 1.6412431160442463e-10 1.6385979424918620e-09 
5.9742267695370601e-10 1.7721447942932590e-10 1.6552984639774912e-10 1.6294843867950415e-09 
5.9493119646953907e-10 1.7876901090636770e-10 1.6685317793494913e-10 1.6200643365874873e-09 
5.9219863871609153e-10 1.8037350402977964e-10 1.6809219671748761e-10 1.6103549851845044e-09 
5.8923022624002647e-10 1.8202206530924199e-10 1.6924480580529895e-10 1.6003762239832210e-09 
5.8603183218905695e-10 1.8370898259563332e-10 1.7030875436106371e-10 1.5901505102845091e-09 
5.8260987317788539e-10 1.8542892131662069e-10 1.7128178751756027e-10 1.5797023117311767e-09 
5.7897137572899339e-10 1.8717669040983644e-10 1.7216153646100467e-10 1.5690583353265166e-09 
5.7512386846533382e-10 1.8894735374826494e-10 1.7294559917408327e-10 1.5582469053879519e-09 
5.7107545162868590e-10 1.9073601610625978e-10 1.7363154883117627e-10 1.5472982349768031e-09 
5.6683462185438994e-10 1.9253783770615889e-10 1.7421688928983028e-10 1.5362434964164720e-09 
5.6241035488416758e-10 1.9434777661337644e-10 1.7469914055485437e-10 1.5251153705498584e-09 
5.5781194459770478e-10 1.9616111438722153e-10 1.7507583792404871e-10 1.5139464992700669e-09 
5.5304915833803362e-10 1.9797266317678513e-10 1.7534453903310535e-10 1.5027706923740945e-09 
5.4813192148815802e-10 1.9977725712309279e-10 1.7550288667472049e-10 1.4916209607223468e-09 
5.4307058866310843e-10 2.0156953532304756e-10 1.7554860584817411e-10 1.4805306311840346e-09 
5.3787560878245755e-10 2.0334390147188267e-10 1.7547951781843909e-10 1.4695318470805917e-09 
5.3255772223105991e-10 2.0509459971620535e-10 1.7529364644170441e-10 1.4586558659197811e-09 
5.2712780718194794e-10 2.0681564577812563e-10 1.7498919535624949e-10 1.4479325573673087e-09 
5.2159688193570913e-10 2.0850091385492470e-10 1.7456453757557803e-10 1.4373899291947023e-09 
5.1597601556350567e-10 2.1014388073569803e-10 1.7401834998800976e-10 1.4270539288272596e-09 
5.1027638875931569e-10 2.1173813654950980e-10 1.7334957102417853e-10 1.4169481078495182e-09 
5.0450928242852106e-10 2.1327696816385858e-10 1.7255744501627019e-10 1.4070938734486448e-09 
4.9868594209734671e-10 2.1475354917617800e-10 1.7164154558451024e-10 1.3975094657353343e-09 
4.9281761886384365e-10 2.1616102075409616e-10 1.7060182263767394e-10 1.3882101481992125e-09 
4.8691563005022546e-10 2.1749259460680954e-10 1.6943857986887310e-10 1.3792086915716006e-09 
4.8099124702347814e-10 2.1874126010486108e-10 1.6815256870231640e-10 1.3705144282966405e-09 
4.7505576330230233e-10 2.1990044058331795e-10 1.6674490102166685e-10 1.3621338167378224e-09 
4.6912050692275652e-10 2.2096337828937500e-10 1.6521716370386677e-10 1.3540705774324241e-09 
4.6319676153018539e-10 2.2192368824010308e-10 1.6357133594414016e-10 1.3463255439216571e-09 
4.5729580415887895e-10 2.2277519474144268e-10 1.6180989161606587e-10 1.3388967067942295e-09 
4.5142906282728489e-10 2.2351207954982623e-10 1.5993566441776689e-10 1.3317802802982517e-09 
4.4560788031449018e-10 2.2412881976629842e-10 1.5795201382180097e-10 1.3249697603497952e-09 
4.3984378833971211e-10 2.2462038607941120e-10 1.5586265855342414e-10 1.3184574357397272e-09 
4.3414828788755244e-10 2.2498210058772124e-10 1.5367179596562535e-10 1.3122336584188251e-09 
4.2853300980954186e-10 2.2520999911365151e-10 1.5138397620387659e-10 1.3062878338419321e-09 
4.2300974977711085e-10 2.2530045120627072e-10 1.4900419766271184e-10 1.3006088538733871e-09 
4.1759025557988204e-10 2.2525055242914198e-10 1.4653778346862412e-10 1.2951845393506800e-09 
4.1228656670355250e-10 2.2505803617719506e-10 1.4399042342575982e-10 1.2900033643243155e-09 
4.0711071014493715e-10 2.2472119122424341e-10 1.4136816492465348e-10 1.2850535774824531e-09 
4.0207485663698739e-10 2.2423908218043670e-10 1.3867733049265665e-10 1.2803241255401291e-09 
3.9719119210401467e-10 2.2361132690773538e-10 1.3592457059802857e-10 1.2758046191825154e-09 
3.9247199270061061e-10 2.2283835823496655e-10 1.3311674838709409e-10 1.2714860103223307e-09 
3.8792944294079888e-10 2.2192118453175544e-10 1.3026102395292222e-10 1.2673600022697365e-09 
3.8357569078735870e-10 2.2086159596636965e-10 1.2736473707622472e-10 1.2634198661535756e-09 
3.7942276395279687e-10 2.1966198940388326e-10 1.2443543333121134e-10 1.2596605892792789e-09 
3.7548231728013872e-10 2.1832533021173108e-10 1.2148088394605319e-10 1.2560780721907483e-09 
3.7176579239083431e-10 2.1685541312738780e-10 1.1850898535984253e-10 1.2526701611775796e-09 
3.6828411330454834e-10 2.1525641611811463e-10 1.1552782160408146e-10 1.2494360651937922e-09 
3.6504761872066276e-10 2.1353319097785131e-10 1.1254561664434229e-10 1.2463761666842212e-09 
3.6206597170724486e-10 2.1169107835188781e-10 1.0957075444853845e-10 1.2434922967521185e-09 
3.5934799882062526e-10 2.0973589264148430e-10 1.0661175532161959e-10 1.2407873928832064e-09 
3.5690147852800548e-10 2.0767393069706955e-10 1.0367731362132521e-10 1.2382649966821876e-09 
3.5473317257372293e-10 2.0551179655458384e-10 1.0077624360015120e-10 1.2359296507048509e-09 
3.5284857823191965e-10 2.0325649706744003e-10 9.7917546595344855e-11 1.2337862222946961e-09 
3.5125181840574321e-10 2.0091529488907355e-10 9.5110409549528966e-11 1.2318396344026154e-09 
3.4994559378585462e-10 1.9849569364811612e-10 9.2364173568165719e-11 1.2300948622084326e-09 
3.4893110608938220e-10 1.9600541243069200e-10 8.9688387273670116e-11 1.2285566340137922e-09 
3.4820792024744614e-10 1.9345226154446416e-10 8.7092774162666882e-11 1.2272289640395823e-09 
3.4777400735862650e-10 1.9084417216132089e-10 8.4587265193061997e-11 1.2261150415507591e-09 
3.4762570810741426e-10 1.8818909306984065e-10 8.2181941050253377e-11 1.2252170636724796e-09 
3.4775774740935801e-10 1.8549499046200516e-10 7.9886997980686826e-11 1.2245359721223352e-09 
3.4816326161485219e-10 1.8276976726172476e-10 7.7712740771881961e-11 1.2240711879523951e-09 
3.4883388986144077e-10 1.8002124696267383e-10 7.5669459343653749e-11 1.2238205495783323e-09 
3.4975986421540684e-10 1.7725713595238109e-10 7.3767331498200877e-11 1.2237802101451390e-09 
3.5093008377042979e-10 1.7448498171151641e-10 7.2016288695057008e-11 1.2239444421753239e-09 
3.5233228692867991e-10 1.7171216724703711e-10 7.0425839702657016e-11 1.2243057217587368e-09 
3.5395315698570822e-10 1.6894586847744031e-10 6.9004873595176971e-11 1.2248545852428795e-09 
3.5577846552350185e-10 1.6619304947123305e-10 6.7761430180917420e-11 1.2255796558163682e-09 
3.5779325483388392e-10 1.6346043805079489e-10 6.6702455282986451e-11 1.2264678286900897e-09 
3.5998194780348768e-10 1.6075452822141874e-10 6.5833586863758199e-11 1.2275041844222440e-09 
3.6232854030032911e-10 1.5808160379611456e-10 6.5158896560100440e-11 1.2286721966332218e-09 
3.6481670280768537e-10 1.5544765874435077e-10 6.4680744017841503e-11 1.2299538693586014e-09 
3.6742997162198947e-10 1.5285854574757788e-10 6.4399648758471988e-11 1.2313299277195967e-09 
3.7015182886352724e-10 1.5031981879296932e-10 6.4314242200531536e-11 1.2327799041414455e-09 
3.7296585861339742e-10 1.4783690915947003e-10 6.4421265938657491e-11 1.2342824949051890e-09 
3.7585584146213775e-10 1.4541499366891480e-10 6.4715709146631730e-11 1.2358156964763045e-09 
3.7880583230895540e-10 1.4305918247994115e-10 6.5190957539768721e-11 1.2373569747670362e-09 
3.8180030402618072e-10 1.4077441104091402e-10 6.5839051303785715e-11 1.2388837284619106e-09 
3.8482415138797903e-10 1.3856548844602096e-10 6.6650891873919847e-11 1.2403732334377176e-09 
3.8786283008721475e-10 1.3643721497873360e-10 6.7616570182797783e-11 1.2418031891632964e-09 
3.9090234279875081e-10 1.3439428958798573e-10 6.8725559444442004e-11 1.2431517102154838e-09 
3.9392934395173700e-10 1.3244140836900441e-10 6.9967029184387505e-11 1.2443977903049681e-09 
3.9693111070274972e-10 1.3058327355668363e-10 7.1330006287492895e-11 1.2455211916811817e-09 
3.9989565686487679e-10 1.2882454405785543e-10 7.2803564347692936e-11 1.2465032081769099e-09 
4.0281164528726661e-10 1.2716993076461702e-10 7.4376972407821926e-11 1.2473261391350681e-09 
4.0566847412720724e-10 1.2562416227754547e-10 7.6039734344037721e-11 1.2479740271942283e-09 
4.0845629490198860e-10 1.2419189651993905e-10 7.7781748740287605e-11 1.2484327000379893e-09 
4.1116591662567025e-10 1.2287784420117998e-10 7.9593226143041288e-11 1.2486895551452146e-09 
4.1378894084081959e-10 1.2168663350845103e-10 8.1464808471261460e-11 1.2487343478036293e-09 
4.1631759601849829e-10 1.2062264786734303e-10 8.3387509096872969e-11 1.2485585332897221e-09 
4.1874481534364540e-10 1.1969035783735232e-10 8.5352674797917108e-11 1.2481557276103312e-09 
4.2106425243175989e-10 1.1889372898796208e-10 8.7352018460534101e-11 1.2475218986207237e-09 
4.2327010872857506e-10 1.1823653673673140e-10 8.9377568289695192e-11 1.2466547075358897e-09 
4.2535729775789043e-10 1.1772208579351035e-10 9.1421636529698864e-11 1.2455544356005951e-09 
4.2732121008791166e-10 1.1735311060487945e-10 9.3476792925601075e-11 1.2442229115784329e-09 
4.2915784921178144e-10 1.1713188445189434e-10 9.5535835000524840e-11 1.2426642330783561e-09 
4.3086373453581901e-10 1.1705971093313493e-10 9.7591808829408590e-11 1.2408843350859026e-09 
4.3243580254079735e-10 1.1713739234581437e-10 9.9637926701446325e-11 1.2388905737091280e-09 
4.3387147480223619e-10 1.1736456698679856e-10 1.0166760471262584e-10 1.2366922786903305e-09 
4.3516849492232813e-10 1.1774008815223365e-10 1.0367446672513927e-10 1.2342996692392680e-09 
4.3632506234371979e-10 1.1826181331294723e-10 1.0565226691571796e-10 1.2317245693102185e-09 
4.3733959107548994e-10 1.1892654899546544e-10 1.0759501165668687e-10 1.2289793438490515e-09 
4.3821085062966942e-10 1.1973002638960823e-10 1.0949682455589103e-10 1.2260775557834597e-09 
4.3893771375951305e-10 1.2066705365317997e-10 1.1135208874953673e-10 1.2230325512948192e-09 
4.3951936195793800e-10 1.2173143333746415e-10 1.1315536390195541e-10 1.2198584452661654e-09 
4.3995511651461883e-10 1.2291615528581816e-10 1.1490144291723259e-10 1.2165691375358417e-09 
4.4024441864846305e-10 1.2421313343006611e-10 1.1658535553827840e-10 1.2131783521192955e-09 
4.4038673676373549e-10 1.2561372526681480e-10 1.1820238359612038e-10 1.2096989056309883e-09 
4.4038174522258970e-10 1.2710863236892193e-10 1.1974809913388763e-10 1.2061434013270769e-09 
4.4022908453464106e-10 1.2868792584552136e-10 1.2121833794359505e-10 1.2025232064037030e-09 
4.3992844395476703e-10 1.3034120580653664e-10 1.2260924031694672e-10 1.1988486213188236e-09 
4.3947953227938152e-10 1.3205779381741266e-10 1.2391726665833411e-10 1.1951286193945160e-09 
4.3888210919531749e-10 1.3382687218824787e-10 1.2513920744433582e-10 1.1913707037167059e-09 
4.3813598103075910e-10 1.3563730352391592e-10 1.2627216768763249e-10 1.1875813658217526e-09 
4.3724081644847229e-10 1.3747798450590134e-10 1.2731362809560530e-10 1.1837644403979347e-09 
4.3619655261484328e-10 1.3933802397929787e-10 1.2826138301555669e-10 1.1799235784849087e-09 
4.3500292779774491e-10 1.4120646770923032e-10 1.2911361546797235e-10 1.1760594936967973e-09 
4.3365993620680125e-10 1.4307281693197000e-10 1.2986884500255662e-10 1.1721723128554232e-09 
4.3216752454244872e-10 1.4492660176337131e-10 1.3052590336723783e-10 1.1682603516961805e-09 
4.3052577144603428e-10 1.4675805596025222e-10 1.3108406575317738e-10 1.1643203046041037e-09 
4.2873496036679530e-10 1.4855754540913819e-10 1.3154281074035425e-10 1.1603482904199247e-09 
4.2679540683928957e-10 1.5031611990238921e-10 1.3190207269475087e-10 1.1563386012379260e-09 
4.2470777156941383e-10 1.5202518463139795e-10 1.3216200885942738e-10 1.1522855159378528e-09 
4.2247279733081436e-10 1.5367683327726730e-10 1.3232313656205122e-10 1.1481817941970906e-09 
4.2009165989694560e-10 1.5526368930492449e-10 1.3238619708314185e-10 1.1440205805698065e-09 
4.1756572195360539e-10 1.5677890283540589e-10 1.3235223882511225e-10 1.1397942462207081e-09 
4.1489673511294574e-10 1.5821643712045629e-10 1.3222252127229127e-10 1.1354954945447785e-09 
4.1208683710254442e-10 1.5957066635064601e-10 1.3199857667121391e-10 1.1311172694533765e-09 
4.0913857260932644e-10 1.6083676286903012e-10 1.3168207621368747e-10 1.1266528996290504e-09 
4.0605496593056764e-10 1.6201045246969468e-10 1.3127490510718023e-10 1.1220966129097913e-09 
4.0283954257029407e-10 1.6308814460623792e-10 1.3077908269344098e-10 1.1174435632082146e-09 
3.9949633376498985e-10 1.6406679232413470e-10 1.3019678209469754e-10 1.1126900197514257e-09 
3.9602992562047583e-10 1.6494403772649239e-10 1.2953027260774970e-10 1.1078335597945308e-09 
3.9244552748549265e-10 1.6571804078135054e-10 1.2878189589506653e-10 1.1028733892628693e-09 
3.8874891206852397e-10 1.6638764673487403e-10 1.2795405778725048e-10 1.0978100394714971e-09 
3.8494651339741918e-10 1.6695207826846434e-10 1.2704925349128965e-10 1.0926460546597712e-09 
3.8104541743378672e-10 1.6741121224653893e-10 1.2606994346964287e-10 1.0873856382236837e-09 
3.7705334152857859e-10 1.6776526704904250e-10 1.2501866909920103e-10 1.0820347946937382e-09 
3.7297872543964478e-10 1.6801512560437737e-10 1.2389789334730155e-10 1.0766014041177107e-09 
3.6883073422439707e-10 1.6816183075105764e-10 1.2271011026596453e-10 1.0710955550659781e-09 
3.6461907637431741e-10 1.6820697853249197e-10 1.2145777222941156e-10 1.0655284192906841e-09 
3.6035433861030260e-10 1.6815251669860706e-10 1.2014327959616902e-10 1.0599137548892916e-09 
3.5604764138086797e-10 1.6800052663137509e-10 1.1876901035319196e-10 1.0542665702692609e-09 
3.5171079818495575e-10 1.6775358645665987e-10 1.1733726612188591e-10 1.0486031701113765e-09 
3.4735636667218973e-10 1.6741435389409241e-10 1.1585031697163368e-10 1.0429419999390098e-09 
3.4299741069708686e-10 1.6698575639578945e-10 1.1431037594035039e-10 1.0373020435713903e-09 
3.3864763169817745e-10 1.6647077434314522e-10 1.1271961995634469e-10 1.0317036472327560e-09 
3.3432130010964935e-10 1.6587265739831597e-10 1.1108013462815357e-10 1.0261679964604275e-09 
3.3003315854513112e-10 1.6519465284363284e-10 1.0939404065791719e-10 1.0207167250378604e-09 
3.2579842653884092e-10 1.6444003509890459e-10 1.0766337632416438e-10 1.0153721146258805e-09 
3.2163263559919434e-10 1.6361223202822843e-10 1.0589020813628254e-10 1.0101561033788200e-09 
3.1755170081028165e-10 1.6271454038271833e-10 1.0407657792900369e-10 1.0050911076318163e-09 
3.1357161273190415e-10 1.6175027286837608e-10 1.0222456302734817e-10 1.0001983763667524e-09 
3.0970861809770686e-10 1.6072276438695290e-10 1.0033629574214208e-10 9.9549914603400176e-10 
3.0597881021836559e-10 1.5963514635083509e-10 9.8413976543942307e-11 9.9101324649299251e-10 
3.0239815536188982e-10 1.5849058594711535e-10 9.6459899596744711e-11 9.8675930518246086e-10 
2.9898240664841260e-10 1.5729207478355382e-10 9.4476497606104619e-11 9.8275483256587802e-10 
2.9574678435604246e-10 1.5604252747333537e-10 9.2466373565379834e-11 9.7901524359729008e-10 
2.9270593904401080e-10 1.5474474193728341e-10 9.0432319189932591e-11 9.7555410766674695e-10 
2.8987379309751510e-10 1.5340135382280680e-10 8.8377405388532295e-11 9.7238317476288504e-10 
2.8726328258540525e-10 1.5201490749538831e-10 8.6304997400873979e-11 9.6951165596292832e-10 
2.8488628452998163e-10 1.5058781642249377e-10 8.4218795030436812e-11 9.6694665038568043e-10 
2.8275338091156130e-10 1.4912240083529005e-10 8.2122908246715014e-11 9.6469258472596059e-10 
2.8087375871015962e-10 1.4762081382259232e-10 8.0021939982055293e-11 9.6275164715498995e-10 
2.7925503769018841e-10 1.4608517829606022e-10 7.7921014462806045e-11 9.6112341634088717e-10 
2.7790318744636625e-10 1.4451752260516866e-10 7.5825849379814789e-11 9.5980506161348706e-10 
2.7682239087870593e-10 1.4291979640978395e-10 7.3742853667794148e-11 9.5879138184479051e-10 
2.7601500998905428e-10 1.4129393341950555e-10 7.1679193316703220e-11 9.5807489415279848e-10 
2.7548156486788344e-10 1.3964184848344894e-10 6.9642834485779689e-11 9.5764610660761520e-10 
2.7522067250537032e-10 1.3796548313416683e-10 6.7642667270577932e-11 9.5749344004820849e-10 
2.7522914927273580e-10 1.3626684172214609e-10 6.5688511284469295e-11 9.5760373056904520e-10 
2.7550202574611366e-10 1.3454798505891018e-10 6.3791197839973781e-11 9.5796223024324763e-10 
2.7603263908541706e-10 1.3281112536391791e-10 6.1962573277116120e-11 9.5855282382349629e-10 
2.7681276791149741e-10 1.3105856156290259e-10 6.0215506383165133e-11 9.5935841787070318e-10 
2.7783277069306159e-10 1.2929284422167594e-10 5.8563762012224763e-11 9.6036114237513280e-10 
2.7908171123552385e-10 1.2751672146978239e-10 5.7021923940535136e-11 9.6154243851677240e-10 
2.8054757207487913e-10 1.2573320491653998e-10 5.5605138017166124e-11 9.6288360314784926e-10 
2.8221737284484267e-10 1.2394558939571845e-10 5.4328825362142866e-11 9.6436570982991364e-10 
2.8407737545941798e-10 1.2215751739296642e-10 5.3208231352837803e-11 9.6597002352404647e-10 
2.8611323490095251e-10 1.2037295956913356e-10 5.2257906066487164e-11 9.6767805828212821e-10 
2.8831016488799641e-10 1.1859629656031702e-10 5.1491115449995506e-11 9.6947183328542496e-10 
2.9065307971592518e-10 1.1683226550592825e-10 5.0919174115225922e-11 9.7133401993358186e-10 
2.9312671298279874e-10 1.1508604854269965e-10 5.0550830738726212e-11 9.7324790948964251e-10 
2.9571577326278070e-10 1.1336318394349289e-10 5.0391716281570790e-11 9.7519778723128420e-10 
2.9840501685601574e-10 1.1166970090009571e-10 5.0443951243861797e-11 9.7716867970038542e-10 
3.0117937412962598e-10 1.1001194870370423e-10 5.0705974351296886e-11 9.7914674486755344e-10 
3.0402397084039839e-10 1.0839665726440884e-10 5.1172599964300098e-11 9.8111895350058130e-10 
3.0692423383638064e-10 1.0683089303847346e-10 5.1835286677918306e-11 9.8307324842779580e-10 
3.0986593171821854e-10 1.0532199123741147e-10 5.2682623520083763e-11 9.8499860267148916e-10 
3.1283516157905462e-10 1.0387741624942881e-10 5.3700910669135221e-11 9.8688470555174599e-10 
3.1581844128556128e-10 1.0250485160706133e-10 5.4874811377287125e-11 9.8872200570464726e-10 
3.1880273841821904e-10 1.0121186841825236e-10 5.6187928744897979e-11 9.9050198319579386e-10 
3.2177537837404038e-10 1.0000597360628346e-10 5.7623423333724353e-11 9.9221635755683731e-10 
3.2472415884130780e-10 9.8894441869042820e-11 5.9164463363248188e-11 9.9385759246045508e-10 
3.2763729948596829e-10 9.7884074982105611e-11 6.0794587261265729e-11 9.9541850226170101e-10 
3.3050343294228715e-10 9.6981272457351503e-11 6.2497963428741293e-11 9.9689212313703573e-10 
3.3331165231626140e-10 9.6191620464002542e-11 6.4259660423484243e-11 9.9827186715695890e-10 
3.3605141468471033e-10 9.5519883246004135e-11 6.6065629364144746e-11 9.9955092907612459e-10 
3.3871266962245431e-10 9.4969954137669591e-11 6.7902850614547228e-11 1.0007229364410772e-09 
3.4128566933874356e-10 9.4544533941915931e-11 6.9759316809905300e-11 1.0017808890452397e-09 
3.4376117124126340e-10 9.4245255126791245e-11 7.1624037954906416e-11 1.0027180698144372e-09 
3.4613027348027856e-10 9.4072399232113601e-11 7.3486970496430614e-11 1.0035272335462734e-09 
3.4838447024219600e-10 9.4025162046252498e-11 7.5339013160910553e-11 1.0042009360516551e-09 
3.5051567108782475e-10 9.4101207093054945e-11 7.7171926379904685e-11 1.0047314681764285e-09 
3.5251617660759766e-10 9.4297342122649110e-11 7.8978280972647817e-11 1.0051106601798478e-09 
3.5437871615892112e-10 9.4608914069111099e-11 8.0751418340828278e-11 1.0053303190926214e-09 
3.5609635428158153e-10 9.5030349274438631e-11 8.2485366796586554e-11 1.0053815298023411e-09 
3.5766258824987612e-10 9.5555206394046306e-11 8.4174796904706172e-11 1.0052552980970640e-09 
3.5907138278133797e-10 9.6176178742688393e-11 8.5815040500298920e-11 1.0049426352963450e-09 
3.6031704141019043e-10 9.6885349219388705e-11 8.7401925187283575e-11 1.0044338860984932e-09 
3.6139438976405515e-10 9.7674421580606159e-11 8.8931791953621570e-11 1.0037199639841530e-09 
3.6229859670868789e-10 9.8534571914050116e-11 9.0401479109945176e-11 1.0027912328375152e-09 
3.6302534752653714e-10 9.9456990100097597e-11 9.1808218578331025e-11 1.0016385305373923e-09 
3.6357076898682047e-10 1.0043276960764398e-10 9.3149676344647791e-11 1.0002528299562419e-09 
3.6393144954917416e-10 1.0145299814036602e-10 9.4423858448416626e-11 9.9862550036359024e-10 
3.6410445962776503e-10 1.0250906578143759e-10 9.5629086706798381e-11 9.9674819277813706e-10 
3.6408737235209696e-10 1.0359254814734783e-10 9.6763975992967936e-11 9.9461346182752326e-10 
3.6387824150196582e-10 1.0469545757140730e-10 9.7827423298167273e-11 9.9221422688827439e-10 
3.6347563441890403e-10 1.0581011142256250e-10 9.8818549718381608e-11 9.8954451384466425e-10 
3.6287862409363992e-10 1.0692931433170494e-10 9.9736704957155341e-11 9.8659921059470696e-10 
3.6208678946745565e-10 1.0804641361057611e-10 1.0058142279577115e-10 9.8337405910346027e-10 
3.6110026416966154e-10 1.0915526186391349e-10 1.0135238943417157e-10 9.7986622309628444e-10 
3.5991971273606271e-10 1.1025004706626871e-10 1.0204945130453215e-10 9.7607413207806207e-10 
3.5854626647688469e-10 1.1132574027167588e-10 1.0267258683047080e-10 9.7199713585570378e-10 
3.5698169106395561e-10 1.1237766845664820e-10 1.0322185967919988e-10 9.6763662838407978e-10 
3.5522817391706875e-10 1.1340166667473059e-10 1.0369742889467765e-10 9.6299483899839021e-10 
3.5328850510458053e-10 1.1439411688969090e-10 1.0409957539302856e-10 9.5807595832570213e-10 
3.5116603513526353e-10 1.1535178788030625e-10 1.0442858921821706e-10 9.5288571767999492e-10 
3.4886456193281092e-10 1.1627193329805812e-10 1.0468484754090487e-10 9.4743118592616922e-10 
3.4638848166397749e-10 1.1715221467767930e-10 1.0486871720701865e-10 9.4172131000067764e-10 
3.4374264339704178e-10 1.1799068075620836e-10 1.0498066065696469e-10 9.3576647414938834e-10 
3.4093248829781136e-10 1.1878574412633176e-10 1.0502115249825871e-10 9.2957889659733069e-10 
3.3796392620785885e-10 1.1953602699628963e-10 1.0499063770594945e-10 9.2317216503140200e-10 
3.3484336026270479e-10 1.2024066040368043e-10 1.0488962107632333e-10 9.1656141050038685e-10 
3.3157774908883115e-10 1.2089880423088175e-10 1.0471858963351735e-10 9.0976349899738932e-10 
3.2817447272036209e-10 1.2150997326087207e-10 1.0447806002252655e-10 9.0279648081393669e-10 
3.2464144109233742e-10 1.2207391661036472e-10 1.0416852845834271e-10 8.9567984346096314e-10 
3.2098698558935415e-10 1.2259036168261318e-10 1.0379049651135211e-10 8.8843424095138754e-10 
3.1721995357064314e-10 1.2305944279960889e-10 1.0334451829275221e-10 8.8108157852674514e-10 
3.1334965190195737e-10 1.2348110050882427e-10 1.0283107832705257e-10 8.7364486871409095e-10 
3.0938572648913550e-10 1.2385565755920829e-10 1.0225073375482796e-10 8.6614739895973358e-10 
3.0533844565572934e-10 1.2418323826713643e-10 1.0160401325663788e-10 8.5861430450755099e-10 
3.0121826230196912e-10 1.2446416848438255e-10 1.0089151981271217e-10 8.5106998356267109e-10 
2.9703620970044276e-10 1.2469875493103310e-10 1.0011384231194736e-10 8.4354022537438167e-10 
2.9280359891191775e-10 1.2488720593331084e-10 9.9271605342620535e-11 8.3605033994502391e-10 
2.8853219487540043e-10 1.2502984982284499e-10 9.8365510633869910e-11 8.2862610047719332e-10 
2.8423403147074245e-10 1.2512688068873841e-10 9.7396299131664222e-11 8.2129266124976912e-10 
2.7992154483581034e-10 1.2517844294815088e-10 9.6364761394483719e-11 8.1407508741597430e-10 
2.7560741100313840e-10 1.2518467708057515e-10 9.5271823451448266e-11 8.0699747404384004e-10 
2.7130464758516389e-10 1.2514558452190647e-10 9.4118414083637417e-11 8.0008347733907865e-10 
2.6702641663404413e-10 1.2506117810818561e-10 9.2905664547298840e-11 7.9335510226572197e-10 
2.6278624001984890e-10 1.2493129845707322e-10 9.1634762379986243e-11 7.8683384898672520e-10 
2.5859762725997922e-10 1.2475581827543511e-10 9.0307058097448355e-11 7.8053896712545983e-10 
2.5447434393644516e-10 1.2453444463384833e-10 8.8924060499101388e-11 7.7448854277360431e-10 
2.5043017572629078e-10 1.2426691842178021e-10 8.7487423033309250e-11 7.6869878330293755e-10 
2.4647891936603850e-10 1.2395281675462205e-10 8.5999014173172859e-11 7.6318400495777977e-10 
2.4263426582473070e-10 1.2359175721600799e-10 8.4460894927386097e-11 7.5795622631034629e-10 
2.3890984912585580e-10 1.2318331395318917e-10 8.2875340501591571e-11 7.5302573703044143e-10 
2.3531894267544952e-10 1.2272699326226954e-10 8.1244893631047271e-11 7.4840008811099577e-10 
2.3187459608470512e-10 1.2222240950368801e-10 7.9572343453683510e-11 7.4408500986431897e-10 
2.2858942540096999e-10 1.2166903972256747e-10 7.7860764800014132e-11 7.4008405762532802e-10 
2.2547540187440092e-10 1.2106655974085851e-10 7.6113532004948717e-11 7.3639821560972896e-10 
2.2254397837149609e-10 1.2041461687017413e-10 7.4334362459516577e-11 7.3302688805235910e-10 
2.1980570834788308e-10 1.1971300716262369e-10 7.2527303624178232e-11 7.2996700700162572e-10 
2.1727029493759541e-10 1.1896157907346417e-10 7.0696795723819513e-11 7.2721388503983273e-10 
2.1494644752688698e-10 1.1816030988962127e-10 6.8847657227987338e-11 7.2476125525124721e-10 
2.1284160220715507e-10 1.1730938955930314e-10 6.6985161535556496e-11 7.2260082273694440e-10 
2.1096207320795539e-10 1.1640915949044283e-10 6.5115007119770050e-11 7.2072342957025397e-10 
2.0931271004265946e-10 1.1546012710316629e-10 6.3243386672924078e-11 7.1911825873068008e-10 
2.0789700551991494e-10 1.1446305715206953e-10 6.1377009647524103e-11 7.1777387231765034e-10 
2.0671689076486743e-10 1.1341892041704047e-10 5.9523133092525681e-11 7.1667780923462810e-10 
2.0577279728092277e-10 1.1232898015297045e-10 5.7689550539160616e-11 7.1581708154922330e-10 
2.0506359211273179e-10 1.1119474031149444e-10 5.5884673861252455e-11 7.1517825441234151e-10 
2.0458659580012611e-10 1.1001800185531799e-10 5.4117486300649624e-11 7.1474762206239038e-10 
2.0433764452393442e-10 1.0880083491163258e-10 5.2397598638235730e-11 7.1451135504102442e-10 
2.0431111196724588e-10 1.0754562235822747e-10 5.0735178460380249e-11 7.1445558917591690e-10 
2.0450003831761068e-10 1.0625505784531129e-10 4.9140953494766999e-11 7.1456665089386027e-10 
2.0489622260997308e-10 1.0493210719494045e-10 4.7626100146541862e-11 7.1483109312268860e-10 
2.0549033562037458e-10 1.0358011314265848e-10 4.6202113878425541e-11 7.1523573452601768e-10 
2.0627204701538765e-10 1.0220262635873881e-10 4.4880659344889321e-11 7.1576769208237182e-10 
2.0723018937669016e-10 1.0080355788764428e-10 4.3673305112426710e-11 7.1641449867428725e-10 
2.0835288687413605e-10 9.9387071280285202e-11 4.2591194660739830e-11 7.1716408627519697e-10 
2.0962769270755307e-10 9.7957568586113307e-11 4.1644725336128498e-11 7.1800474290165273e-10 
2.1104173044136425e-10 9.6519743442715963e-11 4.0843054174080040e-11 7.1892508130860306e-10 
2.1258182323141461e-10 9.5078461198933066e-11 4.0193723218251640e-11 7.1991406723679953e-10 
2.1423461135368922e-10 9.3638799441025506e-11 3.9702220080182479e-11 7.2096095360677098e-10 
2.1598667857948815e-10 9.2205996363180950e-11 3.9371623800487225e-11 7.2205526677224903e-10 
2.1782462457104820e-10 9.0785407452540725e-11 3.9202385290897486e-11 7.2318665056445691e-10 
2.1973517653875262e-10 8.9382464043348329e-11 3.9192252295491239e-11 7.2434501956184701e-10 
2.2170522564412767e-10 8.8002651009044721e-11 3.9336347531378946e-11 7.2552021694100952e-10 
2.2372195259478212e-10 8.6651448294909846e-11 3.9627409475714989e-11 7.2670231466222272e-10 
2.2577279573139000e-10 8.5334276063988396e-11 4.0056176649693106e-11 7.2788114419017375e-10 
2.2784560350952839e-10 8.4056460319549658e-11 4.0611837877811850e-11 7.2904675776130114e-10 
2.2992853943040649e-10 8.2823105776476813e-11 4.1282516352470910e-11 7.3018886783563578e-10 
2.3201024151562483e-10 8.1639173327206681e-11 4.2055741876100738e-11 7.3129728786948515e-10 
2.3407973972067291e-10 8.0509254777399756e-11 4.2918893090936210e-11 7.3236159191408394e-10 
2.3612654020470227e-10 7.9437741544447753e-11 4.3859482884109647e-11 7.3337131183888254e-10 
2.3814061322547633e-10 7.8428469126140218e-11 4.4865507587430784e-11 7.3431595199941843e-10 
2.4011237151343361e-10 7.7484984750373153e-11 4.5925556134526978e-11 7.3518467520497172e-10 
2.4203274667848648e-10 7.6610254692182668e-11 4.7029003946825326e-11 7.3596684617500065e-10 
2.4389313741299372e-10 7.5806789436030794e-11 4.8166017545316681e-11 7.3665162407522483e-10 
2.4568543015239998e-10 7.5076441592513332e-11 4.9327645938069282e-11 7.3722835160645665e-10 
2.4740196583893424e-10 7.4420563481068271e-11 5.0505730254145155e-11 7.3768624561574868e-10 
2.4903557420571076e-10 7.3839996641327939e-11 5.1692958922548404e-11 7.3801466659679557e-10 
2.5057961696115824e-10 7.3334767736349046e-11 5.2882726428492132e-11 7.3820345587533191e-10 
2.5202782665507502e-10 7.2904683697455296e-11 5.4069170094453925e-11 7.3824207634020482e-10 
2.5337458382801352e-10 7.2548613541727968e-11 5.5247043052789964e-11 7.3812134377094622e-10 
2.5461445407967849e-10 7.2265128171869434e-11 5.6411689468702883e-11 7.3783107042616235e-10 
2.5574275107898684e-10 7.2052398534144618e-11 5.7558981156044526e-11 7.3736283712330526e-10 
2.5675508375532259e-10 7.1907984844135140e-11 5.8685266764961729e-11 7.3670802800831839e-10 
2.5764755423154135e-10 7.1829147011803497e-11 5.9787300212525369e-11 7.3585889720131571e-10 
2.5841667101428290e-10 7.1812896855620620e-11 6.0862245632821326e-11 7.3480815015202752e-10 
2.5905943054864018e-10 7.1855918463114508e-11 6.1907542607430492e-11 7.3354946796755316e-10 
2.5957323227067812e-10 7.1954787403051132e-11 6.2920994606665227e-11 7.3207720236529986e-10 
2.5995590182283758e-10 7.2105950726273701e-11 6.3900594292309305e-11 7.3038666071105335e-10 
2.6020566208060267e-10 7.2305591995977894e-11 6.4844597466399071e-11 7.2847399044444917e-10 
2.6032117900307988e-10 7.2550207167592654e-11 6.5751451624656073e-11 7.2633631410925782e-10 
2.6030148435748169e-10 7.2836070694909092e-11 6.6619761612171824e-11 7.2397167722011156e-10 
2.6014602273626966e-10 7.3159532094481808e-11 6.7448305140737615e-11 7.2137930848641651e-10 
2.5985460112578992e-10 7.3517124885682007e-11 6.8235954105794157e-11 7.1855942959358982e-10 
2.5942739029756769e-10 7.3905428744901568e-11 6.8981708110580640e-11 7.1551327109851088e-10 
2.5886494942188182e-10 7.4321348730784820e-11 6.9684670245185904e-11 7.1224305568077985e-10 
2.5816823603995054e-10 7.4761487478282197e-11 7.0343992317428405e-11 7.0875273993984315e-10 
2.5733839696346673e-10 7.5223167134396040e-11 7.0958923696528092e-11 7.0504630156876046e-10 
2.5637707345701761e-10 7.5703416724849623e-11 7.1528755893619794e-11 7.0112976476376614e-10 
2.5528616788780248e-10 7.6199686448431056e-11 7.2052806791040423e-11 6.9700976295277745e-10 
2.5406785613636531e-10 7.6709452728027668e-11 7.2530485212617984e-11 6.9269383296976742e-10 
2.5272473271498101e-10 7.7230302200691821e-11 7.2961160833485522e-11 6.8819122809108509e-10 
2.5125945265246770e-10 7.7760078854158531e-11 7.3344330242696208e-11 6.8351086767202259e-10 
2.4967525141062635e-10 7.8296638998999728e-11 7.3679418803547970e-11 6.7866409393441937e-10 
2.4797534811772143e-10 7.8837863313540262e-11 7.3965939730595882e-11 6.7366178307206762e-10 
2.4616341589846199e-10 7.9382037552396093e-11 7.4203410606885216e-11 6.6851647395200993e-10 
2.4424328970084155e-10 7.9926942193611052e-11 7.4391386761726832e-11 6.6324109492769769e-10 
2.4221897113170015e-10 8.0471067039572757e-11 7.4529436808074018e-11 6.5784876226987306e-10 
2.4009481497932497e-10 8.1012391904425947e-11 7.4617160900802103e-11 6.5235396933262782e-10 
2.3787527802922143e-10 8.1549238196343201e-11 7.4654216657916259e-11 6.4677101855832110e-10 
2.3556505904872230e-10 8.2079778069861778e-11 7.4640301066005678e-11 6.4111477932816687e-10 
2.3316901037715793e-10 8.2602235815454664e-11 7.4575133750003864e-11 6.3540018655403104e-10 
2.3069219823678815e-10 8.3114900681086127e-11 7.4458480707762249e-11 6.2964268687423532e-10 
2.2813981355592918e-10 8.3615812130362815e-11 7.4290221675407305e-11 6.2385739378907896e-10 
2.2551721794868039e-10 8.4103287597167317e-11 7.4070229080313207e-11 6.1805951688165706e-10 
2.2282993139054171e-10 8.4575398890568445e-11 7.3798516801586471e-11 6.1226413045584714e-10 
2.2008358741567481e-10 8.5030216556248484e-11 7.3475128666444291e-11 6.0648592493555672e-10 
2.1728393321793414e-10 8.5465957843013498e-11 7.3100235332793823e-11 6.0073911359445359e-10 
2.1443691651631558e-10 8.5880525333285833e-11 7.2674072902879275e-11 5.9503783583809879e-10 
2.1154850903619217e-10 8.6272110980218519e-11 7.2196988584249363e-11 5.8939534045847413e-10 
2.0862484038321841e-10 8.6638699892975828e-11 7.1669476910572688e-11 5.8382427821569211e-10 
2.0567212483317621e-10 8.6978359095783078e-11 7.1092095215342253e-11 5.7833662707100522e-10 
2.0269677499657174e-10 8.7289140298415162e-11 7.0465554482077561e-11 5.7294390771380414e-10 
1.9970517978590077e-10 8.7569177633774745e-11 6.9790679740122577e-11 5.6765637590849915e-10 
1.9670394891618461e-10 8.7816575373492022e-11 6.9068431769974707e-11 5.6248393266819125e-10 
1.9369968689636023e-10 8.8029523367001395e-11 6.8299921025495231e-11 5.5743510115525510e-10 
1.9069920013711395e-10 8.8206338171347405e-11 6.7486352836222606e-11 5.5251800942842760e-10 
1.8770936856606824e-10 8.8345340706394054e-11 6.6629116903777925e-11 5.4773981942183719e-10 
1.8473710241036683e-10 8.8444934365710778e-11 6.5729728233668545e-11 5.4310650222960529e-10 
1.8178954038890041e-10 8.8503811426935470e-11 6.4789838784417779e-11 5.3862381508913965e-10 
1.7887380107117087e-10 8.8520536764228194e-11 6.3811247050797084e-11 5.3429618979182655e-10 
1.7599715103160849e-10 8.8494041131995546e-11 6.2795854111520442e-11 5.3012768223160323e-10 
1.7316693055566205e-10 8.8423301682026728e-11 6.1745762235384560e-11 5.2612143176291193e-10 
1.7039056072665600e-10 8.8307464607836651e-11 6.0663143707261718e-11 5.2228018546783648e-10 
1.6767547986798995e-10 8.8145930070831738e-11 5.9550348492570957e-11 5.1860591706913764e-10 
1.6502921969464657e-10 8.7938187913253462e-11 5.8409819652255824e-11 5.1510037574295411e-10 
1.6245924156695993e-10 8.7683989166116618e-11 5.7244142300619078e-11 5.1176441687165704e-10 
1.5997308979426429e-10 8.7383239276583052e-11 5.6056008006636574e-11 5.0859909493513682e-10 
1.5757806778121767e-10 8.7036096523462600e-11 5.4848242806124617e-11 5.0560439709488363e-10 
1.5528155468545625e-10 8.6642878584910027e-11 5.3623753275847777e-11 5.0278090463992848e-10 
1.5309060769105011e-10 8.6204136836393744e-11 5.2385574908451034e-11 5.0012813061491361e-10 
1.5101218620814580e-10 8.5720620981278323e-11 5.1136841192653372e-11 4.9764602076940917e-10 
1.4905285913418004e-10 8.5193248151526427e-11 4.9880807233288850e-11 4.9533395328505568e-10 
1.4721885587310599e-10 8.4623190097877109e-11 4.8620803873575138e-11 4.9319116887097205e-10 
1.4551596965762014e-10 8.4011737728015296e-11 4.7360261646948381e-11 4.9121692784228909e-10 
1.4394943990556463e-10 8.3360378940958293e-11 4.6102740469455254e-11 4.8941014253895600e-10 
1.4252387811038192e-10 8.2670876094536636e-11 4.4851864935302252e-11 4.8776942956560125e-10 
1.4124328699669496e-10 8.1944960201368587e-11 4.3611383845336021e-11 4.8629357811190194e-10 
1.4011077837118028e-10 8.1184672992152551e-11 4.2385149422605347e-11 4.8498063068735631e-10 
1.3912873407945098e-10 8.0392094939843142e-11 4.1177114946428742e-11 4.8382872572714333e-10 
1.3829859602575039e-10 7.9569466939304277e-11 3.9991320978623296e-11 4.8283551748674815e-10 
1.3762085510015456e-10 7.8719114616341974e-11 3.8831932139301985e-11 4.8199825496635730e-10 
1.3709505291653412e-10 7.7843479340172635e-11 3.7703211047086761e-11 4.8131383103092054e-10 
1.3671975234523828e-10 7.6945020748964169e-11 3.6609507345004002e-11 4.8077866445672258e-10 
1.3649254124342646e-10 7.6026331399759436e-11 3.5555243494818161e-11 4.8038867170265720e-10 
1.3641005589600187e-10 7.5089988917101610e-11 3.4544917254623957e-11 4.8013927953972988e-10 
1.3646800470925480e-10 7.4138614277449176e-11 3.3583046344973163e-11 4.8002523837882623e-10 
1.3666125687189303e-10 7.3174853262238117e-11 3.2674158952835698e-11 4.8004086281566049e-10 
1.3698388976486751e-10 7.2201329978084676e-11 3.1822702006417896e-11 4.8017975905330519e-10 
1.3742927790014914e-10 7.1220657339220293e-11 3.1033019512994985e-11 4.8043493304043552e-10 
1.3799016984536524e-10 7.0235428089247688e-11 3.0309250243746206e-11 4.8079879551672023e-10 
1.3865880752336558e-10 6.9248172900589026e-11 2.9655262138500378e-11 4.8126316157616233e-10 
1.3942700749086688e-10 6.8261370560013548e-11 2.9074506225809499e-11 4.8181931386354446e-10 
1.4028623606006940e-10 6.7277477246880969e-11 2.8569964501247670e-11 4.8245788535504628e-10 
1.4122777219895420e-10 6.6298818454512556e-11 2.8144003788352644e-11 4.8316917184407347e-10 
1.4224270349169638e-10 6.5327691173757844e-11 2.7798314289712290e-11 4.8394282655988702e-10 
1.4332209272495721e-10 6.4366273434123223e-11 2.7533806954242153e-11 4.8476828324204059e-10 
1.4445701067896060e-10 6.3416650703837803e-11 2.7350570043940307e-11 4.8563451886662688e-10 
1.4563860183885408e-10 6.2480855452622203e-11 2.7247820425579822e-11 4.8653025144319737e-10 
1.4685817958351004e-10 6.1560786473400693e-11 2.7223982822685883e-11 4.8744407588792088e-10 
1.4810722717287044e-10 6.0658271280291189e-11 2.7276659145480131e-11 4.8836439426748462e-10 
1.4937750831408398e-10 5.9775049564825680e-11 2.7402731393135865e-11 4.8927966994554439e-10 
1.5066100196351169e-10 5.8912735588994022e-11 2.7598524634596808e-11 4.9017817080069840e-10 
1.5195008993569414e-10 5.8072955760920330e-11 2.7859816051914920e-11 4.9104859588028170e-10 
1.5323741128514269e-10 5.7257085384643329e-11 2.8182051716292093e-11 4.9187959052840969e-10 
1.5451596632218448e-10 5.6466577423811035e-11 2.8560406855805645e-11 4.9266015872197961e-10 
1.5577910982729290e-10 5.5702761285584749e-11 2.8989983851237375e-11 4.9337950831427332e-10 
1.5702063485810901e-10 5.4966920461510958e-11 2.9465795793233681e-11 4.9402761417895544e-10 
1.5823462026942535e-10 5.4260241269544000e-11 2.9982937689581882e-11 4.9459441043355177e-10 
1.5941559353787400e-10 5.3583937607706831e-11 3.0536654529045726e-11 4.9507087550286894e-10 
1.6055840766723072e-10 5.2939096972567785e-11 3.1122300541634125e-11 4.9544826150742726e-10 
1.6165831477542313e-10 5.2326858385670237e-11 3.1735478800258920e-11 4.9571850408810656e-10 
1.6271095042118850e-10 5.1748208309487327e-11 3.2371997788525011e-11 4.9587439088861250e-10 
1.6371224982269680e-10 5.1204255788018007e-11 3.3027896827497586e-11 4.9590911288011226e-10 
1.6465859977031906e-10 5.0695934315948532e-11 3.3699428931792229e-11 4.9581712850536723e-10 
1.6554663181162384e-10 5.0224225020438655e-11 3.4383102093025981e-11 4.9559316838160996e-10 
1.6637338433089815e-10 4.9790055509680928e-11 3.5075601607429792e-11 4.9523315955867543e-10 
1.6713617351057657e-10 4.9394316075024229e-11 3.5773847746010950e-11 4.9473354495104557e-10 
1.6783265707023465e-10 4.9037829001342960e-11 3.6474906631042957e-11 4.9409185049879236e-10 
1.6846077764237384e-10 4.8721384636621010e-11 3.7176031179410639e-11 4.9330632785801220e-10 
1.6901877195946129e-10 4.8445625469044655e-11 3.7874642606634330e-11 4.9237603654672748e-10 
1.6950515503670786e-10 4.8211211021145013e-11 3.8568241302826739e-11 4.9130085508927185e-10 
1.6991868891735980e-10 4.8018572392510173e-11 3.9254517048219198e-11 4.9008144792801697e-10 
1.7025838723588120e-10 4.7868101794490584e-11 3.9931259481569354e-11 4.8871920903790606e-10 
1.7052353339069119e-10 4.7759979147021143e-11 4.0596350810166361e-11 4.8721642153091607e-10 
1.7071358463804447e-10 4.7694260350173551e-11 4.1247784094920067e-11 4.8557586703899119e-10 
1.7082822132163118e-10 4.7670797838400468e-11 4.1883622763915544e-11 4.8380093922390852e-10 
1.7086737031614395e-10 4.7689236986411818e-11 4.2502040199548641e-11 4.8189598031438327e-10 
1.7083106024993656e-10 4.7749035206210080e-11 4.3101266259056818e-11 4.7986540248547622e-10 
1.7071951987949259e-10 4.7849478758119385e-11 4.3679661109728923e-11 4.7771432140563671e-10 
1.7053316870146929e-10 4.7989380882807634e-11 4.4235614078065211e-11 4.7544845995107311e-10 
1.7027250171758834e-10 4.8167694108989453e-11 4.4767626294889808e-11 4.7307346155845471e-10 
1.6993824269226881e-10 4.8382781014416460e-11 4.5274268595860696e-11 4.7059574493574986e-10 
1.6953115165176490e-10 4.8633042140854353e-11 4.5754211756383166e-11 4.6802157761463901e-10 
1.6905214857888340e-10 4.8916431332505240e-11 4.6206176635628586e-11 4.6535776138497583e-10 
1.6850217426354526e-10 4.9230871657063998e-11 4.6629033123914172e-11 4.6261063289143928e-10 
1.6788241550586021e-10 4.9574121056109041e-11 4.7021674304440386e-11 4.5978733430145832e-10 
1.6719401701794781e-10 4.9943514469666409e-11 4.7383143419530918e-11 4.5689440636790236e-10 
1.6643821636233600e-10 5.0336464469966922e-11 4.7712564145404641e-11 4.5393838038604525e-10 
1.6561640615920158e-10 5.0750234998110447e-11 4.8009136358300013e-11 4.5092615964922286e-10 
1.6472992282097844e-10 5.1181919427786652e-11 4.8272222546740595e-11 4.4786365596473298e-10 
1.6378030176378967e-10 5.1628497588256742e-11 4.8501209432117459e-11 4.4475753460851739e-10 
1.6276900620331208e-10 5.2087040306125510e-11 4.8695645962650790e-11 4.4161331103594254e-10 
1.6169766613081704e-10 5.2554549954624218e-11 4.8855188253193498e-11 4.3843695166966551e-10 
1.6056792925540526e-10 5.3027826371118377e-11 4.8979575989080921e-11 4.3523381181947161e-10 
1.5938146339996627e-10 5.3504071826288395e-11 4.9068662121039085e-11 4.3200881912571844e-10 
1.5814011937858773e-10 5.3980139117814236e-11 4.9122420560552974e-11 4.2876724951793182e-10 
1.5684565370809734e-10 5.4453280683180084e-11 4.9140901335804485e-11 4.2551313768840463e-10 
1.5550006462101266e-10 5.4920624463877408e-11 4.9124276503659134e-11 4.2225129316841755e-10 
1.5410525422867272e-10 5.5379451778597730e-11 4.9072825806358002e-11 4.1898537434418644e-10 
1.5266334625610688e-10 5.5827320095789854e-11 4.8986900065130202e-11 4.1571945585998416e-10 
1.5117648984882084e-10 5.6261590484515708e-11 4.8866945126423024e-11 4.1245719056570762e-10 
1.4964686341142563e-10 5.6680163266408543e-11 4.8713508892939935e-11 4.0920168146577550e-10 
1.4807691046247379e-10 5.7080802629108514e-11 4.8527208873722702e-11 4.0595698510462648e-10 
1.4646898274354268e-10 5.7461611774782373e-11 4.8308735220868493e-11 4.0272572899947880e-10 
1.4482575539145202e-10 5.7820782282103860e-11 4.8058823748675711e-11 3.9951164869860207e-10 
1.4314983511375047e-10 5.8156636261938411e-11 4.7778350254499272e-11 3.9631771923972704e-10 
1.4144405356994614e-10 5.8467842142200362e-11 4.7468167505904529e-11 3.9314728346974299e-10 
1.3971140307078171e-10 5.8753091746886253e-11 4.7129199952747928e-11 3.9000395466619668e-10 
1.3795491056960089e-10 5.9011279416495927e-11 4.6762423742773873e-11 3.8689092883340397e-10 
1.3617788858532516e-10 5.9241634152042123e-11 4.6368836836215930e-11 3.8381218866610754e-10 
1.3438369232371692e-10 5.9443275897720844e-11 4.5949493440356112e-11 3.8077132990131342e-10 
1.3257589001100084e-10 5.9615797536676430e-11 4.5505431825186544e-11 3.7777254038683316e-10 
1.3075821002618327e-10 5.9758727053821273e-11 4.5037749167474444e-11 3.7482018879337538e-10 
1.2893449233925292e-10 5.9871831479599086e-11 4.4547525366447315e-11 3.7191851020282083e-10 
1.2710878947115753e-10 5.9955037763615030e-11 4.4035851927914719e-11 3.6907242809713952e-10 
1.2528530342256115e-10 6.0008388471143783e-11 4.3503837657353618e-11 3.6628661110779913e-10 
1.2346837570374868e-10 6.0032053221208337e-11 4.2952572956299153e-11 3.6356633282315885e-10 
1.2166252863891912e-10 6.0026350442694990e-11 4.2383142894540306e-11 3.6091675008452165e-10 
1.1987237950122775e-10 5.9991571554594770e-11 4.1796633808079024e-11 3.5834331327587189e-10 
1.1810267620788169e-10 5.9928366511624800e-11 4.1194105326439933e-11 3.5585129387618115e-10 
1.1635837812629781e-10 5.9837222754024820e-11 4.0576615766249992e-11 3.5344645322127365e-10 
1.1464441032441563e-10 5.9718787670617688e-11 3.9945204445804273e-11 3.5113405069631098e-10 
1.1296585676676561e-10 5.9573808106146073e-11 3.9300887689059097e-11 3.4891953644054715e-10 
1.1132778720994246e-10 5.9403016900477506e-11 3.8644697426086607e-11 3.4680798359470775e-10 
1.0973538293801429e-10 5.9207263691000380e-11 3.7977594562643776e-11 3.4480463755666298e-10 
1.0819370797253506e-10 5.8987308834987496e-11 3.7300607860744453e-11 3.4291390000996040e-10 
1.0670785404450578e-10 5.8744079534573631e-11 3.6614675424913919e-11 3.4114015850081239e-10 
1.0528279024030854e-10 5.8478353668690417e-11 3.5920782785989438e-11 3.3948731541383817e-10 
1.0392326922331499e-10 5.8191041840899527e-11 3.5219900984450617e-11 3.3795838727362108e-10 
1.0263399661407978e-10 5.7882943607594369e-11 3.4513009578624514e-11 3.3655648144796690e-10 
1.0141931535035883e-10 5.7554937197062175e-11 3.3801106549949073e-11 3.3528330776171488e-10 
1.0028334083466537e-10 5.7207813451664745e-11 3.3085171306938863e-11 3.3414033380404928e-10 
9.9229814802462878e-11 5.6842354512398410e-11 3.2366236852632649e-11 3.3312818275681144e-10 
9.8262051078010156e-11 5.6459310648921233e-11 3.1645394427483172e-11 3.3224654314680821e-10 
9.7382970202831807e-11 5.6059394670337718e-11 3.0923738200337995e-11 3.3149454010835639e-10 
9.6594884402861452e-11 5.5643295332860694e-11 3.0202449178499245e-11 3.3086999305972410e-10 
9.5899719748003323e-11 5.5211635364882638e-11 2.9482749147827963e-11 3.3037060784261613e-10 
9.5298656689866094e-11 5.4765024190021512e-11 2.8765988427155805e-11 3.2999249693941006e-10 
9.4792426552877357e-11 5.4304000651983447e-11 2.8053565222144658e-11 3.2973164853432350e-10 
9.4381011018311113e-11 5.3829094932275360e-11 2.7347018861145384e-11 3.2958272690730634e-10 
9.4063851209288046e-11 5.3340795676375816e-11 2.6647993902825845e-11 3.2954006022628745e-10 
9.3839765541763580e-11 5.2839543782345494e-11 2.5958294615464366e-11 3.2959723156064466e-10 
9.3706923836157919e-11 5.2325777787331193e-11 2.5279864764792678e-11 3.2974707971529316e-10 
9.3662985768135336e-11 5.1799902934322112e-11 2.4614814629078074e-11 3.2998212600319000e-10 
9.3705042676676754e-11 5.1262328914917468e-11 2.3965436484086668e-11 3.3029435210325890e-10 
9.3829711967827730e-11 5.0713455580071445e-11 2.3334220576908360e-11 3.3067539585085488e-10 
9.4033166100964776e-11 5.0153683607132872e-11 2.2723827104209945e-11 3.3111658638538931e-10 
9.4311226404685828e-11 4.9583432398708379e-11 2.2137122341931336e-11 3.3160921660916896e-10 
9.4659349727726534e-11 4.9003135767114316e-11 2.1577141188584024e-11 3.3214426285314524e-10 
9.5072778636976068e-11 4.8413271049091275e-11 2.1047093088082188e-11 3.3271287749308454e-10 
9.5546537082392947e-11 4.7814361073996428e-11 2.0550303628740203e-11 3.3330617707420939e-10 
9.6075516582324788e-11 4.7206996998677741e-11 2.0090177267441209e-11 3.3391543387857357e-10 
9.6654539581548270e-11 4.6591815371308011e-11 1.9670147503581921e-11 3.3453220336237355e-10 
9.7278389229486042e-11 4.5969546810331952e-11 1.9293576165404620e-11 3.3514829710956712e-10 
9.7941877284991630e-11 4.5341008123881537e-11 1.8963690326812406e-11 3.3575589996131883e-10 
9.8639856734291502e-11 4.4707109517062392e-11 1.8683435484196536e-11 3.3634755897563496e-10 
9.9367288768023214e-11 4.4068895870802704e-11 1.8455396075097035e-11 3.3691629561990099e-10 
1.0011925846779421e-10 4.3427497623594760e-11 1.8281665560385541e-11 3.3745562821514102e-10 
1.0089100856642705e-10 4.2784197925433758e-11 1.8163743419900613e-11 3.3795958950369279e-10 
1.0167793647440362e-10 4.2140354898539552e-11 1.8102462807176329e-11 3.3842273568106266e-10 
1.0247561990814517e-10 4.1497560762934792e-11 1.8097929295101554e-11 3.3884016029806655e-10 
1.0327985868462253e-10 4.0857471264585243e-11 1.8149469432800229e-11 3.3920757959643552e-10 
1.0408662569169228e-10 4.0221890280925597e-11 1.8255688462789819e-11 3.3952123330747685e-10 
1.0489211989195021e-10 3.9592811607659108e-11 1.8414505842150113e-11 3.3977789887112557e-10 
1.0569273692958022e-10 3.8972288979441484e-11 1.8623226733428260e-11 3.3997493213430000e-10 
1.0648506471490076e-10 3.8362553125465247e-11 1.8878614219965534e-11 3.4011015641018329e-10 
1.0726591041183841e-10 3.7765902472383250e-11 1.9177073321445341e-11 3.4018196075464566e-10 
1.0803225918332069e-10 3.7184779085757899e-11 1.9514705738241537e-11 3.4018909107977238e-10 
1.0878129137818603e-10 3.6621685985301223e-11 1.9887423496458317e-11 3.4013081942449325e-10 
1.0951038350876431e-10 3.6079170805135757e-11 2.0291109323228478e-11 3.4000690595140661e-10 
1.1021701069418980e-10 3.5559776566665944e-11 2.0721625711572921e-11 3.3981713404078526e-10 
1.1089891825696407e-10 3.5066168783145820e-11 2.1174905233278766e-11 3.3956200946933833e-10 
1.1155391042556821e-10 3.4600766851404123e-11 2.1647046668731182e-11 3.3924197392562801e-10 
1.1217997352790486e-10 3.4166067490191019e-11 2.2134289816683470e-11 3.3885785480939170e-10 
1.1277522684046183e-10 3.3764400581493956e-11 2.2633125354722309e-11 3.3841065553624283e-10 
1.1333792919399250e-10 3.3397896158446494e-11 2.3140206832028973e-11 3.3790151445410993e-10 
1.1386643631108204e-10 3.3068466050502907e-11 2.3652439137437183e-11 3.3733164622483053e-10 
1.1435921652188502e-10 3.2777797512033578e-11 2.4166969188349217e-11 3.3670232134090354e-10 
1.1481487150865018e-10 3.2527235237398706e-11 2.4681157197650211e-11 3.3601490896853976e-10 
1.1523208792272200e-10 3.2317900307650249e-11 2.5192585248926229e-11 3.3527072107536103e-10 
1.1560964611903857e-10 3.2150369001957717e-11 2.5699054826727181e-11 3.3447100789375113e-10 
1.1594644507863958e-10 3.2024965579582016e-11 2.6198567736001783e-11 3.3361709651067413e-10 
1.1624141492978198e-10 3.1941650883696711e-11 2.6689321987794372e-11 3.3271004623799896e-10 
1.1649365659130442e-10 3.1899873421231063e-11 2.7169695359768330e-11 3.3175112335351582e-10 
1.1670227442203921e-10 3.1898790177884674e-11 2.7638250485392196e-11 3.3074107548158364e-10 
1.1686655064128549e-10 3.1937219215823622e-11 2.8093678327922794e-11 3.2968116883354561e-10 
1.1698573723474620e-10 3.2013480781452627e-11 2.8534877050633132e-11 3.2857182829321633e-10 
1.1705928085494421e-10 3.2125881754299425e-11 2.8960829165721196e-11 3.2741399281709050e-10 
1.1708666647310997e-10 3.2272251785371566e-11 2.9370662424542861e-11 3.2620828958466831e-10 
1.1706747580702632e-10 3.2450152533034268e-11 2.9763654874258833e-11 3.2495535060487355e-10 
1.1700132614093512e-10 3.2657335943473360e-11 3.0139154006917590e-11 3.2365545204610646e-10 
1.1688805254747322e-10 3.2891023342817248e-11 3.0496632808077509e-11 3.2230942660924015e-10 
1.1672744812028382e-10 3.3148606492780041e-11 3.0835651868769112e-11 3.2091754381352551e-10 
1.1651949183802940e-10 3.3427436330803622e-11 3.1155844882993064e-11 3.1948043719264647e-10 
1.1626418701516032e-10 3.3724769103685863e-11 3.1456946662264517e-11 3.1799854672640676e-10 
1.1596169138130514e-10 3.4037961687317113e-11 3.1738715443041141e-11 3.1647262892935886e-10 
1.1561223557662519e-10 3.4364495564552960e-11 3.2001010569100437e-11 3.1490327559679497e-10 
1.1521619172690080e-10 3.4701910342268278e-11 3.2243730393644492e-11 3.1329144430954948e-10 
1.1477397582695810e-10 3.5047713589189612e-11 3.2466808061979614e-11 3.1163808151376528e-10 
1.1428615107099687e-10 3.5399789492944976e-11 3.2670251787496259e-11 3.0994432571473616e-10 
1.1375336226387561e-10 3.5756044120307932e-11 3.2854035396655752e-11 3.0821161137284126e-10 
1.1317638038747842e-10 3.6114399441419161e-11 3.3018241015824067e-11 3.0644157069776535e-10 
1.1255606682297671e-10 3.6473214356976732e-11 3.3162916033014887e-11 3.0463590213199602e-10 
1.1189342530226314e-10 3.6830658299592109e-11 3.3288149494898697e-11 3.0279684968071460e-10 
1.1118951565508467e-10 3.7185343245272063e-11 3.3394055580024224e-11 3.0092659401738320e-10 
1.1044557221353215e-10 3.7535788560042225e-11 3.3480714977072824e-11 2.9902793837320904e-10 
1.0966284840681340e-10 3.7880741135731424e-11 3.3548258744971641e-11 2.9710368745923072e-10 
1.0884276020506641e-10 3.8219200213325500e-11 3.3596803821587962e-11 2.9515698821172756e-10 
1.0798686354147517e-10 3.8549979567519726e-11 3.3626450641338090e-11 2.9319151173330874e-10 
1.0709669865696891e-10 3.8872281022807317e-11 3.3637342545808448e-11 2.9121066829152013e-10 
1.0617405754165596e-10 3.9185296402033450e-11 3.3629554010869023e-11 2.8921879429918526e-10 
1.0522069152819683e-10 3.9488223824506518e-11 3.3603214478891769e-11 2.8721988950881379e-10 
1.0423854541256158e-10 3.9780522592695971e-11 3.3558404820062447e-11 2.8521860905759208e-10 
1.0322962129480803e-10 4.0061572650759542e-11 3.3495215684207321e-11 2.8321951763344000e-10 
1.0219599387075401e-10 4.0330888405360758e-11 3.3413731809077577e-11 2.8122736976114554e-10 
1.0113986632343473e-10 4.0587973838440077e-11 3.3314009698180568e-11 2.7924735223747194e-10 
1.0006343727238267e-10 4.0832420833164234e-11 3.3196141738425950e-11 2.7728424143148580e-10 
9.8969098425987861e-11 4.1063852307371009e-11 3.3060146967690074e-11 2.7534340825802126e-10 
9.7859216893452021e-11 4.1281908547839899e-11 3.2906114081898298e-11 2.7342969856558828e-10 
9.6736302327101947e-11 4.1486173474712017e-11 3.2734061978923275e-11 2.7154849379747137e-10 
9.5602836671922631e-11 4.1676454836167161e-11 3.2544035144251337e-11 2.6970453263429596e-10 
9.4461444212179462e-11 4.1852305087775607e-11 3.2336091997657283e-11 2.6790289443266494e-10 
9.3314699914967847e-11 4.2013453357737264e-11 3.2110285017798726e-11 2.6614799300415889e-10 
9.2165374944706714e-11 4.2159569305137024e-11 3.1866653013587084e-11 2.6444460482599605e-10 
9.1016099703839314e-11 4.2290280271536315e-11 3.1605277497683712e-11 2.6279658605003832e-10 
8.9869665770094296e-11 4.2405310776180113e-11 3.1326224078452906e-11 2.6120803241039839e-10 
8.8728761404443035e-11 4.2504202233141926e-11 3.1029590633536033e-11 2.5968208279405919e-10 
8.7596216503250985e-11 4.2586747793283631e-11 3.0715493437781243e-11 2.5822200256293623e-10 
8.6474784355986181e-11 4.2652408774436472e-11 3.0384070736809011e-11 2.5683033081072076e-10 
8.5367203718232169e-11 4.2700886913739641e-11 3.0035503211441099e-11 2.5550911805985706e-10 
8.4276229147659203e-11 4.2731819241563229e-11 2.9669982617789071e-11 2.5425989891155116e-10 
8.3204616918261441e-11 4.2744717378742914e-11 2.9287754333907538e-11 2.5308396782229083e-10 
8.2155013130187747e-11 4.2739235973946199e-11 2.8889102727863936e-11 2.5198167567433776e-10 
8.1130086901012951e-11 4.2714946145124534e-11 2.8474368042404229e-11 2.5095315306723154e-10 
8.0132432726976193e-11 4.2671483524492029e-11 2.8043912674767112e-11 2.4999801645892477e-10 
7.9164527410052723e-11 4.2608452993876551e-11 2.7598189540701731e-11 2.4911507751532534e-10 
7.8228864675337524e-11 4.2525472711344958e-11 2.7137698524612548e-11 2.4830308768223323e-10 
7.7327766919122302e-11 4.2422193101661531e-11 2.6663010167309422e-11 2.4756006230514958e-10 
7.6463470210782021e-11 4.2298281439154034e-11 2.6174759773319221e-11 2.4688360905853305e-10 
7.5638173082047045e-11 4.2153485316398335e-11 2.5673655394537287e-11 2.4627122871101688e-10 
7.4853863409306356e-11 4.1987489537778143e-11 2.5160475500226124e-11 2.4571987922200188e-10 
7.4112414186708184e-11 4.1800147577329818e-11 2.4636114339037701e-11 2.4522622835404107e-10 
7.3415597428650708e-11 4.1591264613312181e-11 2.4101501599634096e-11 2.4478699756952309e-10 
7.2764954616693836e-11 4.1360776864223462e-11 2.3557712073463395e-11 2.4439836227142291e-10 
7.2161995901231340e-11 4.1108630281735195e-11 2.3005889366389424e-11 2.4405696655063035e-10 
7.1607903344712188e-11 4.0834851135099931e-11 2.2447281439327961e-11 2.4375880026662908e-10 
7.1103767775330400e-11 4.0539596454190718e-11 2.1883231090728989e-11 2.4350018855666496e-10 
7.0650491316650957e-11 4.0222993974731262e-11 2.1315226414001432e-11 2.4327757033945331e-10 
7.0248716127861390e-11 3.9885391975635156e-11 2.0744835914192485e-11 2.4308722904662683e-10 
6.9898977917879425e-11 3.9527107144744537e-11 2.0173781779172321e-11 2.4292601246402770e-10 
6.9601499193287685e-11 3.9148615847048351e-11 1.9603913761503056e-11 2.4279038927534514e-10 
6.9356431772307565e-11 3.8750491222894234e-11 1.9037194378735909e-11 2.4267769543797208e-10 
6.9163585610154106e-11 3.8333361342777377e-11 1.8475750818639520e-11 2.4258495736438918e-10 
6.9022635909723945e-11 3.7898009954408081e-11 1.7921857173376779e-11 2.4250972642230443e-10 
6.8933052684379517e-11 3.7445275230343761e-11 1.7377913820380709e-11 2.4244981890998244e-10 
6.8894085730560973e-11 3.6976121338018751e-11 1.6846534719358955e-11 2.4240325347168501e-10 
6.8904804576241981e-11 3.6491595908659859e-11 1.6330439545068162e-11 2.4236840080600067e-10 
6.8964069896027207e-11 3.5992881226628946e-11 1.5832508619478632e-11 2.4234377617834606e-10 
6.9070599368641729e-11 3.5481223553314629e-11 1.5355762901413379e-11 2.4232837826484210e-10 
6.9222899277694310e-11 3.4957987504299497e-11 1.4903338704077984e-11 2.4232119159663516e-10 
6.9419340431284215e-11 3.4424631332563164e-11 1.4478452116691171e-11 2.4232158213296535e-10 
6.9658134295609449e-11 3.3882692916107343e-11 1.4084360689252491e-11 2.4232906093135965e-10 
6.9937363997997237e-11 3.3333811244753437e-11 1.3724279757160394e-11 2.4234332884706523e-10 
7.0254977490446410e-11 3.2779711483888260e-11 1.3401334077210898e-11 2.4236420961642365e-10 
7.0608818690864329e-11 3.2222163397248844e-11 1.3118435213639058e-11 2.4239163036829255e-10 
7.0996614579517048e-11 3.1663055458164268e-11 1.2878200378206618e-11 2.4242558256794749e-10 
7.1416032991299832e-11 3.1104314184338799e-11 1.2682810118632990e-11 2.4246611571002056e-10 
7.1864641881612866e-11 3.0547921878708216e-11 1.2533938443956797e-11 2.4251327990665867e-10 
7.2339961175319744e-11 2.9995912876971133e-11 1.2432638543315467e-11 2.4256708110918979e-10 
7.2839462561801495e-11 2.9450388239816814e-11 1.2379283976074108e-11 2.4262748524176771e-10 
7.3360575254541099e-11 2.8913400830012674e-11 1.2373536816549415e-11 2.4269438815426587e-10 
7.3900690774727742e-11 2.8387125587499162e-11 1.2414359589733521e-11 2.4276748094343746e-10 
7.4457221302433568e-11 2.7873634204597312e-11 1.2500073768432584e-11 2.4284648303723084e-10 
7.5027536700051804e-11 2.7375069820788022e-11 1.2628408052674392e-11 2.4293080231257330e-10 
7.5609040661551084e-11 2.6893519132052757e-11 1.2796674466530332e-11 2.4301981162057884e-10 
7.6199139992062388e-11 2.6430980152259125e-11 1.3001814678591735e-11 2.4311264736794424e-10 
7.6795260579921257e-11 2.5989483340636289e-11 1.3240564065631431e-11 2.4320824176965671e-10 
7.7394875239244214e-11 2.5570882582288238e-11 1.3509548785579759e-11 2.4330538569067955e-10 
7.7995489263504384e-11 2.5176977409357161e-11 1.3805383235258515e-11 2.4340265965994509e-10 
7.8594672685632916e-11 2.4809401238150377e-11 1.4124765515884388e-11 2.4349857435259598e-10 
7.9189986457670740e-11 2.4469651795998543e-11 1.4464536401321388e-11 2.4359118871539591e-10 
7.9779153381621434e-11 2.4159181900719201e-11 1.4821649463273988e-11 2.4367877952204442e-10 
8.0359890500129537e-11 2.3878969756726698e-11 1.5193293449423240e-11 2.4375928383310108e-10 
8.0929991176203881e-11 2.3630116957087143e-11 1.5576864195058881e-11 2.4383046419251123e-10 
8.1487346959240554e-11 2.3413253763502288e-11 1.5969937615413606e-11 2.4389014593359455e-10 
8.2029908421324133e-11 2.3228919450610248e-11 1.6370325837372173e-11 2.4393590306775344e-10 
8.2555741849797954e-11 2.3077373454994207e-11 1.6776006623891678e-11 2.4396549270681135e-10 
8.3062941000728869e-11 2.2958613268216320e-11 1.7185154191315129e-11 2.4397634042759587e-10 
8.3549768378982498e-11 2.2872445922603289e-11 1.7596095504264010e-11 2.4396623996233034e-10 
8.4014480058168314e-11 2.2818339604991188e-11 1.8007318802504387e-11 2.4393262336782512e-10 
8.4455517565178109e-11 2.2795758761355556e-11 1.8417427380949327e-11 2.4387330609965044e-10 
8.4871347364307023e-11 2.2803764966618361e-11 1.8825171338788808e-11 2.4378585336151902e-10 
8.5260610718890316e-11 2.2841281787840980e-11 1.9229392274080508e-11 2.4366842030945167e-10 
8.5621943919072147e-11 2.2907133121875581e-11 1.9629031382508107e-11 2.4351871927306534e-10 
8.5954169317397932e-11 2.3000069612815958e-11 2.0023086909178613e-11 2.4333505711718972e-10 
8.6256158954455029e-11 2.3118476092001363e-11 2.0410685202581897e-11 2.4311563676506025e-10 
8.6526855578771836e-11 2.3260984997562821e-11 2.0790948360604103e-11 2.4285876656736603e-10 
8.6765391067046811e-11 2.3425850159526442e-11 2.1163096522266712e-11 2.4256349098917098e-10 
8.6970879571094770e-11 2.3611618045277211e-11 2.1526354582409430e-11 2.4222826612846556e-10 
8.7142630537336670e-11 2.3816493100436632e-11 2.1880075775924651e-11 2.4185242007015497e-10 
8.7279969082332850e-11 2.4038871361829437e-11 2.2223527633209682e-11 2.4143518384047497e-10 
8.7382350448809032e-11 2.4277132354932933e-11 2.2556075641261285e-11 2.4097605918432661e-10 
8.7449318441920156e-11 2.4529640158110453e-11 2.2877113359485928e-11 2.4047486144262060e-10 
8.7480482374186419e-11 2.4794779495064267e-11 2.3186031018433073e-11 2.3993145783798041e-10 
8.7475576005891138e-11 2.5071045042214555e-11 2.3482246448103435e-11 2.3934615414279360e-10 
8.7434395303306709e-11 2.5356861644611794e-11 2.3765202829752697e-11 2.3871946108317239e-10 
8.7356770045632187e-11 2.5650832204790234e-11 2.4034370272793512e-11 2.3805165877010456e-10 
8.7242720406321373e-11 2.5951505820251622e-11 2.4289177253472772e-11 2.3734397672314383e-10 
8.7092218952767290e-11 2.6257445585298975e-11 2.4529152864154045e-11 2.3659707789929911e-10 
8.6905420935848783e-11 2.6567453220351197e-11 2.4753768430910679e-11 2.3581234660905224e-10 
8.6682448831592402e-11 2.6880064487638028e-11 2.4962559262210226e-11 2.3499090081306892e-10 
8.6423572871563820e-11 2.7194182385331848e-11 2.5155035189294758e-11 2.3413424440804855e-10 
8.6129112397711200e-11 2.7508524865563110e-11 2.5330792963878257e-11 2.3324392545065004e-10 
8.5799420243044203e-11 2.7821891120154831e-11 2.5489359730877437e-11 2.3232156746525312e-10 
8.5434940281532322e-11 2.8133231565169352e-11 2.5630373772954715e-11 2.3136881393022258e-10 
8.5036202613352294e-11 2.8441291838053992e-11 2.5753409132427543e-11 2.3038754710269037e-10 
8.4603719921881385e-11 2.8745089624228285e-11 2.5858153907282200e-11 2.2937936042582579e-10 
8.4138149915153562e-11 2.9043507327133420e-11 2.5944250264190741e-11 2.2834630682848440e-10 
8.3640105347472181e-11 2.9335538957284305e-11 2.6011443474963966e-11 2.2728978220322185e-10 
8.3110379356207731e-11 2.9620194928418407e-11 2.6059436572902590e-11 2.2621197050781305e-10 
8.2549724601048934e-11 2.9896464835310844e-11 2.6088028150527697e-11 2.2511429354526782e-10 
8.1959023688340691e-11 3.0163407843029676e-11 2.6096998034586704e-11 2.2399873500078332e-10 
8.1339115209389502e-11 3.0420055750940083e-11 2.6086227181463477e-11 2.2286668520976542e-10 
8.0691000272414063e-11 3.0665598830380271e-11 2.6055589764570790e-11 2.2171977194724300e-10 
8.0015718385907862e-11 3.0899062716740930e-11 2.6005039657282453e-11 2.2055975675065423e-10 
7.9314288519840986e-11 3.1119658495475579e-11 2.5934542726448971e-11 2.1938770880880288e-10 
7.8587917436534542e-11 3.1326610295284432e-11 2.5844133883765437e-11 2.1820533317707306e-10 
7.7837748538841224e-11 3.1519108487780821e-11 2.5733865943347928e-11 2.1701369036964805e-10 
7.7065128536813247e-11 3.1696455190832008e-11 2.5603887294864758e-11 2.1581429027943212e-10 
7.6271381775307536e-11 3.1857978097155545e-11 2.5454352682036605e-11 2.1460825078501018e-10 
7.5457964159030518e-11 3.2003009221867926e-11 2.5285475803283577e-11 2.1339691026249467e-10 
7.4626345644064482e-11 3.2130969706399674e-11 2.5097547913269010e-11 2.1218120762137124e-10 
7.3778186823648360e-11 3.2241359071415626e-11 2.4890846216353740e-11 2.1096270785456518e-10 
7.2915120016954559e-11 3.2333644747868445e-11 2.4665767355740616e-11 2.0974230043846210e-10 
7.2038963363679320e-11 3.2407509345145897e-11 2.4422705787631998e-11 2.0852139627989861e-10 
7.1151590763236018e-11 3.2462477573817846e-11 2.4162115934563939e-11 2.0730127376558784e-10 
7.0254995171209802e-11 3.2498315432679251e-11 2.3884514541153484e-11 2.0608333877726825e-10 
6.9351273620502276e-11 3.2514781614917847e-11 2.3590429262214365e-11 2.0486913205700228e-10 
6.8442583674548390e-11 3.2511730037683741e-11 2.3280465834981555e-11 2.0365999654360583e-10 
6.7531298282257662e-11 3.2489032324176935e-11 2.2955223149688975e-11 2.0245793181615486e-10 
6.6619777289170612e-11 3.2446685639938485e-11 2.2615416450527083e-11 2.0126439747581823e-10 
6.5710607671281656e-11 3.2384731049004913e-11 2.2261721742804805e-11 2.0008160624733717e-10 
6.4806415124631780e-11 3.2303243611909461e-11 2.1894891335199428e-11 1.9891165689521858e-10 
6.3909953741483300e-11 3.2202495732230109e-11 2.1515690085547342e-11 1.9775671108832130e-10 
6.3024088799195774e-11 3.2082615834624396e-11 2.1124974308625448e-11 1.9661922532661281e-10 
6.2151780048303180e-11 3.1944033842036049e-11 2.0723548416664429e-11 1.9550171121438400e-10 
6.1296111365579162e-11 3.1787048001629691e-11 2.0312304515161734e-11 1.9440703086649876e-10 
6.0460129190542431e-11 3.1612126773360998e-11 1.9892179914004743e-11 1.9333769883241716e-10 
5.9647070816025950e-11 3.1419819416502278e-11 1.9464092618088708e-11 1.9229688803005968e-10 
5.8860129525585864e-11 3.1210630372828148e-11 1.9029035436985394e-11 1.9128744858437016e-10 
5.8102576752450853e-11 3.0985233848674651e-11 1.8588026355177482e-11 1.9031252495116363e-10 
5.7377618373623836e-11 3.0744240471342538e-11 1.8142139023597410e-11 1.8937515462833891e-10 
5.6688450635818288e-11 3.0488432534847096e-11 1.7692420395773505e-11 1.8847843892540058e-10 
5.6038187935521991e-11 3.0218547512998024e-11 1.7240030084844459e-11 1.8762535967507972e-10 
5.5429887639580892e-11 2.9935411523205641e-11 1.6786156445808243e-11 1.8681903830247475e-10 
5.4866393226877617e-11 2.9639842594563142e-11 1.6332005400171127e-11 1.8606220122093469e-10 
5.4350394709133021e-11 2.9332757840335653e-11 1.5878882857498839e-11 1.8535756427869652e-10 
5.3884371973428325e-11 2.9015032438486981e-11 1.5428125060718849e-11 1.8470770526914024e-10 
5.3470485973847922e-11 2.8687623070262170e-11 1.4981164801679438e-11 1.8411480155071508e-10 
5.3110649884444450e-11 2.8351507174699839e-11 1.4539474089403630e-11 1.8358096694623248e-10 
5.2806392207893941e-11 2.8007617299517259e-11 1.4104650076638897e-11 1.8310770253527396e-10 
5.2558889000158550e-11 2.7656956554317195e-11 1.3678337962485209e-11 1.8269642978504884e-10 
5.2368903963782624e-11 2.7300527137708847e-11 1.3262324568395061e-11 1.8234808382841159e-10 
5.2236779255444696e-11 2.6939327874661880e-11 1.2858449407163465e-11 1.8206318096668030e-10 
5.2162437267507776e-11 2.6574376392776550e-11 1.2468699489010066e-11 1.8184187528349896e-10 
5.2145353746447709e-11 2.6206666308622118e-11 1.2095131313279455e-11 1.8168385162562096e-10 
5.2184596062145580e-11 2.5837221924550256e-11 1.1739910153584695e-11 1.8158834867768105e-10 
5.2278806574706654e-11 2.5467025152252203e-11 1.1405285356407835e-11 1.8155417252358254e-10 
5.2426222046646961e-11 2.5097066827673792e-11 1.1093558605876772e-11 1.8157965029004336e-10 
5.2624730007471843e-11 2.4728336560361480e-11 1.0807052633806801e-11 1.8166269535495453e-10 
5.2871893127497517e-11 2.4361783322773306e-11 1.0548077006306052e-11 1.8180079748482477e-10 
5.3164964343204606e-11 2.3998366612501098e-11 1.0318842685324761e-11 1.8199105704419760e-10 
5.3500966246948237e-11 2.3639031275522832e-11 1.0121427072570765e-11 1.8223020022865845e-10 
5.3876712193927610e-11 2.3284691925103533e-11 9.9576699604888031e-12 1.8251464292005092e-10 
5.4288851037076422e-11 2.2936258940180575e-11 9.8290957827848784e-12 1.8284046238474381e-10 
5.4733905705434025e-11 2.2594599618887395e-11 9.7368363093628665e-12 1.8320347396537817e-10 
5.5208307125285694e-11 2.2260601388666331e-11 9.6815870260086030e-12 1.8359922146624382e-10 
5.5708478773426023e-11 2.1935093127534334e-11 9.6635176650085996e-12 1.8402320709578901e-10 
5.6230780519102661e-11 2.1618883809085933e-11 9.6823052547248753e-12 1.8447054439161888e-10 
5.6771653774472056e-11 2.1312801552307781e-11 9.7370875696510397e-12 1.8493653556260289e-10 
5.7327544908220442e-11 2.1017581885649898e-11 9.8265560368640058e-12 1.8541624584450070e-10 
5.7894974368919053e-11 2.0733999814182274e-11 9.9489657103226786e-12 1.8590476322249423e-10 
5.8470575557433029e-11 2.0462812868819910e-11 1.0102247763878221e-11 1.8639718568263845e-10 
5.9051081702867169e-11 2.0204667422354577e-11 1.0284068630000213e-11 1.8688880356498550e-10 
5.9633309953269313e-11 1.9960244964271482e-11 1.0491951739829947e-11 1.8737470053683078e-10 
6.0214253339669476e-11 1.9730199063740471e-11 1.0723300429650573e-11 1.8785042053443603e-10 
6.0791011206783676e-11 1.9515129302929929e-11 1.0975502317702607e-11 1.8831145904496586e-10 
6.1360832563540791e-11 1.9315575174769443e-11 1.1245983876002668e-11 1.8875357600167325e-10 
6.1921089060877216e-11 1.9132073686614791e-11 1.1532256484733432e-11 1.8917261567943098e-10 
6.2469356439317247e-11 1.8965105681825193e-11 1.1831892225593410e-11 1.8956490722272048e-10 
6.3003289236674087e-11 1.8815051041943277e-11 1.2142626134178315e-11 1.8992669349830568e-10 
6.3520746904993036e-11 1.8682288629261908e-11 1.2462298606406432e-11 1.9025481391356414e-10 
6.4019648290833142e-11 1.8567109464247395e-11 1.2788891531917657e-11 1.9054591460775450e-10 
6.4498145818551651e-11 1.8469742699303228e-11 1.3120502362361980e-11 1.9079741123901489e-10 
6.4954476228532004e-11 1.8390380367810428e-11 1.3455397515284070e-11 1.9100668802894284e-10 
6.5387032483473677e-11 1.8329053287805354e-11 1.3791903833224493e-11 1.9117147209175521e-10 
6.5794323228626253e-11 1.8285759945963076e-11 1.4128535507330586e-11 1.9128981770093727e-10 
6.6174967462997514e-11 1.8260416366324561e-11 1.4463840666208798e-11 1.9135993306498549e-10 
6.6527746777844607e-11 1.8252861070704974e-11 1.4796495823003744e-11 1.9138033469937150e-10 
6.6851559905411951e-11 1.8262821283570248e-11 1.5125270320905472e-11 1.9134999025639691e-10 
6.7145352743409435e-11 1.8289879351048599e-11 1.5449030609979622e-11 1.9126776656682654e-10 
6.7408218199061462e-11 1.8333664695276885e-11 1.5766681738661997e-11 1.9113294510928194e-10 
6.7639373064035119e-11 1.8393639649663780e-11 1.6077253208207840e-11 1.9094504531394151e-10 
6.7838141178087489e-11 1.8469039949343970e-11 1.6379776801156637e-11 1.9070396426942770e-10 
6.8003847267257651e-11 1.8559384786589033e-11 1.6673429821673138e-11 1.9040913201399541e-10 
6.8136069903605570e-11 1.8663738416495923e-11 1.6957379962807073e-11 1.9006123930569210e-10 
6.8234276051420694e-11 1.8781238676359336e-11 1.7230869352872680e-11 1.8965998531860263e-10 
6.8298190700630162e-11 1.8911118625029133e-11 1.7493241499595983e-11 1.8920614667501195e-10 
6.8327505376033553e-11 1.9052199074563987e-11 1.7743836487073409e-11 1.8869998311454495e-10 
6.8322064685006223e-11 1.9203702589037166e-11 1.7982060342509890e-11 1.8814235157648189e-10 
6.8281746008712327e-11 1.9364348497892849e-11 1.8207412240828892e-11 1.8753399402344459e-10 
6.8206479390841527e-11 1.9533212999612692e-11 1.8419368182855874e-11 1.8687558901804995e-10 
6.8096345717324933e-11 1.9709122059415003e-11 1.8617521747223079e-11 1.8616842652000006e-10 
6.7951395496528817e-11 1.9890929648973676e-11 1.8801485152149518e-11 1.8541326451809313e-10 
6.7771837765213743e-11 2.0077598234912243e-11 1.8970894387703565e-11 1.8461139816121692e-10 
6.7557864910148500e-11 2.0267878492709102e-11 1.9125483401891164e-11 1.8376397256780039e-10 
6.7309773479399713e-11 2.0460724971892472e-11 1.9264999804505566e-11 1.8287211195525518e-10 
6.7027933433026132e-11 2.0655057560556587e-11 1.9389221796672249e-11 1.8193718880627321e-10 
6.6712785545022475e-11 2.0849712728249753e-11 1.9498013016709156e-11 1.8096062323603001e-10 
6.6364792528462020e-11 2.1043732018183283e-11 1.9591252456869714e-11 1.7994376294737666e-10 
6.5984492361229847e-11 2.1235971246186389e-11 1.9668847596692491e-11 1.7888809803181209e-10 
6.5572504435096030e-11 2.1425618217514572e-11 1.9730800293095629e-11 1.7779504748285287e-10 
6.5129554949386001e-11 2.1611566371808434e-11 1.9777093202104749e-11 1.7666644816768392e-10 
6.4656308486534118e-11 2.1793016902843026e-11 1.9807772775135446e-11 1.7550356968295697e-10 
6.4153648068750191e-11 2.1969144643532881e-11 1.9822905787009946e-11 1.7430848725658303e-10 
6.3622390666864976e-11 2.2139018043995539e-11 1.9822626958682894e-11 1.7308281432907281e-10 
6.3063474420779374e-11 2.2302045967746669e-11 1.9807089377099576e-11 1.7182841895332759e-10 
6.2477957202845770e-11 2.2457455470569493e-11 1.9776449046889813e-11 1.7054743160601249e-10 
6.1866895391914322e-11 2.2604692262622150e-11 1.9730922574803208e-11 1.6924173498391007e-10 
6.1231482888817259e-11 2.2743121068026573e-11 1.9670752699472162e-11 1.6791381604575552e-10 
6.0572874945725749e-11 2.2872229204243238e-11 1.9596202645906163e-11 1.6656560783481821e-10 
5.9892420201155475e-11 2.2991625684242647e-11 1.9507538049118776e-11 1.6519978233559855e-10 
5.9191495783089335e-11 2.3100845075043563e-11 1.9405093345774348e-11 1.6381888134517562e-10 
5.8471567245536182e-11 2.3199640407886809e-11 1.9289161375659357e-11 1.6242555600994863e-10 
5.7734155863524846e-11 2.3287651990525305e-11 1.9160098141047933e-11 1.6102260591924000e-10 
5.6980849500364285e-11 2.3364663165398900e-11 1.9018279302614874e-11 1.5961292464156422e-10 
5.6213375554482005e-11 2.3430589452013984e-11 1.8864061945216483e-11 1.5819970237842340e-10 
5.5433517432615561e-11 2.3485171538644879e-11 1.8697847688836537e-11 1.5678614037616476e-10 
5.4643076171999713e-11 2.3528447167839260e-11 1.8520016738630809e-11 1.5537537949179508e-10 
5.3844050700033379e-11 2.3560331795667401e-11 1.8331018583579783e-11 1.5397113493390778e-10 
5.3038423652633050e-11 2.3580840444486398e-11 1.8131234796300107e-11 1.5257675559407998e-10 
5.2228289121916068e-11 2.3590091172685521e-11 1.7921113246032460e-11 1.5119587454732361e-10 
5.1415856214605781e-11 2.3588066846536672e-11 1.7701068120243291e-11 1.4983245852348554e-10 
5.0603311000770968e-11 2.3575040183803458e-11 1.7471562373409794e-11 1.4848987272153122e-10 
4.9793055863962125e-11 2.3551039697399672e-11 1.7233023229611074e-11 1.4717232405457884e-10 
4.8987454070989235e-11 2.3516358565086669e-11 1.6985903685644689e-11 1.4588343329973551e-10 
4.8188966259801560e-11 2.3471114353452163e-11 1.6730680250036845e-11 1.4462703834417409e-10 
4.7400061722131695e-11 2.3415610519816201e-11 1.6467797381048844e-11 1.4340665215966721e-10 
4.6623378953910112e-11 2.3350097614987754e-11 1.6197721235211973e-11 1.4222627170913063e-10 
4.5861469418354381e-11 2.3274758940503834e-11 1.5920933487524418e-11 1.4108921333809028e-10 
4.5116952010961784e-11 2.3189988857053441e-11 1.5637918550629732e-11 1.3999885970362511e-10 
4.4392508587757289e-11 2.3095991630505005e-11 1.5349159432952313e-11 1.3895862194917771e-10 
4.3690731211762465e-11 2.2993097894329587e-11 1.5055151217393185e-11 1.3797127944560303e-10 
4.3014233383108122e-11 2.2881615135800459e-11 1.4756436483003859e-11 1.3703953383720202e-10 
4.2365639803460311e-11 2.2761798229313567e-11 1.4453486460024816e-11 1.3616616424448958e-10 
4.1747346302598156e-11 2.2633989399552679e-11 1.4146897836923296e-11 1.3535276882430192e-10 
4.1161835129683983e-11 2.2498505262228329e-11 1.3837197895958230e-11 1.3460151494564530e-10 
4.0611340925650772e-11 2.2355562987031461e-11 1.3524966773910481e-11 1.3391363570641107e-10 
4.0097973610155551e-11 2.2205531373901892e-11 1.3210835689961796e-11 1.3328998211804125e-10 
3.9623709311592878e-11 2.2048658193811960e-11 1.2895414653965781e-11 1.3273134489106821e-10 
3.9190257819331931e-11 2.1885208947455366e-11 1.2579377416565018e-11 1.3223773453026297e-10 
3.8799109933732533e-11 2.1715486257356073e-11 1.2263449935701646e-11 1.3180890957916875e-10 
3.8451478477763017e-11 2.1539734314020345e-11 1.1948353457981042e-11 1.3144408988224369e-10 
3.8148306071868427e-11 2.1358217452616367e-11 1.1634900628762774e-11 1.3114223454159783e-10 
3.7890193887013474e-11 2.1171182686699786e-11 1.1323950039841988e-11 1.3090166634205575e-10 
3.7677451773917698e-11 2.0978883932288695e-11 1.1016398580814709e-11 1.3072051927279846e-10 
3.7510035101298692e-11 2.0781546798724077e-11 1.0713221953829718e-11 1.3059641625155996e-10 
3.7387583983002150e-11 2.0579433426803254e-11 1.0415467249190316e-11 1.3052675573494874e-10 
3.7309393495402705e-11 2.0372754483744954e-11 1.0124238697260638e-11 1.3050854138313269e-10 
3.7274438604400033e-11 2.0161804147126721e-11 9.8407353321216798e-12 1.3053849294445143e-10 
3.7281448634384685e-11 1.9946772621014825e-11 9.5662137957035262e-12 1.3061325875088202e-10 
3.7328801768142840e-11 1.9727960173751237e-11 9.3020215647650755e-12 1.3072900895856638e-10 
3.7414698625794517e-11 1.9505606490658749e-11 9.0495698686718923e-12 1.3088211608137593e-10 
3.7537057923540712e-11 1.9279980717293237e-11 8.8103253696519262e-12 1.3106843417522080e-10 
3.7693672228694994e-11 1.9051389831191342e-11 8.5858089765598182e-12 1.3128409252519392e-10 
3.7882153311058450e-11 1.8820137111587703e-11 8.3775493085550056e-12 1.3152498273319110e-10 
3.8100022714053100e-11 1.8586551989757508e-11 8.1871016227950655e-12 1.3178710273368404e-10 
3.8344713495726918e-11 1.8350991260188347e-11 8.0159379438745817e-12 1.3206643692756818e-10 
3.8613593166615814e-11 1.8113823822512596e-11 7.8654860176935932e-12 1.3235901440512981e-10 
3.8904033340149112e-11 1.7875448395702735e-11 7.7370200309282097e-12 1.3266099232948864e-10 
3.9213403484894134e-11 1.7636318458208142e-11 7.6316441911274858e-12 1.3296866349479741e-10 
3.9539092810259947e-11 1.7396857644873903e-11 7.5502117799250602e-12 1.3327842404714562e-10 
3.9878542077671207e-11 1.7157625103603562e-11 7.4933145777525965e-12 1.3358682851675196e-10 
4.0229278165402670e-11 1.6919138351107071e-11 7.4612266184439189e-12 1.3389067255261433e-10 
4.0588876810881558e-11 1.6681969621555810e-11 7.4538909521441374e-12 1.3418686134884005e-10 
4.0955018594628703e-11 1.6446735785796015e-11 7.4709046190156930e-12 1.3447256299313708e-10 
4.1325480928843555e-11 1.6214038767861170e-11 7.5115370445889355e-12 1.3474516278286264e-10 
4.1698113999738397e-11 1.5984631311824037e-11 7.5747590122538279e-12 1.3500203364514440e-10 
4.2070933452137238e-11 1.5759149309876099e-11 7.6592685785584627e-12 1.3524114955961591e-10 
4.2441986640415102e-11 1.5538363326063596e-11 7.7635897456191451e-12 1.3546030062111238e-10 
4.2809469850860637e-11 1.5323056994693315e-11 7.8860517512907460e-12 1.3565765399292133e-10 
4.3171698473942931e-11 1.5113916379211706e-11 8.0248873268231447e-12 1.3583163075881391e-10 
4.3527038158250760e-11 1.4911813536411861e-11 8.1783064047488512e-12 1.3598061645180220e-10 
4.3874041157220467e-11 1.4717489783374355e-11 8.3444668695021195e-12 1.3610350719787948e-10 
4.4211239425274755e-11 1.4531711457584075e-11 8.5215715243405400e-12 1.3619896187727141e-10 
4.4537376146841147e-11 1.4355317808182645e-11 8.7078684478857090e-12 1.3626616671436045e-10 
4.4851203691418349e-11 1.4188933831164568e-11 8.9016869740489007e-12 1.3630416813887169e-10 
4.5151611230707284e-11 1.4033423762800645e-11 9.1014219694437589e-12 1.3631229866168898e-10 
4.5437545680624543e-11 1.3889240436602686e-11 9.3055933808619039e-12 1.3628999183193409e-10 
4.5708005851328963e-11 1.3757163565701493e-11 9.5128206616283494e-12 1.3623666380263763e-10 
4.5962139422163603e-11 1.3637587875413140e-11 9.7217935239885038e-12 1.3615202329858537e-10 
4.6199114515576614e-11 1.3531057939549047e-11 9.9313227985811503e-12 1.3603576157016389e-10 
4.6418179478570606e-11 1.3437853388625348e-11 1.0140321020781555e-11 1.3588762510603791e-10 
4.6618641273400215e-11 1.3358231125215387e-11 1.0347786678970426e-11 1.3570747093779393e-10 
4.6799853695473841e-11 1.3292375339230048e-11 1.0552831323909174e-11 1.3549507805988156e-10 
4.6961313385640934e-11 1.3240335345513144e-11 1.0754594551662002e-11 1.3525067808439702e-10 
4.7102452463933233e-11 1.3202007444906009e-11 1.0952353339678295e-11 1.3497395615905870e-10 
4.7222858627357779e-11 1.3177218691920352e-11 1.1145433273521595e-11 1.3466513291346500e-10 
4.7322102308279031e-11 1.3165678389689529e-11 1.1333225614586311e-11 1.3432407382603241e-10 
4.7399874001640911e-11 1.3167021234151865e-11 1.1515197452110274e-11 1.3395111858847252e-10 
4.7455850636402299e-11 1.3180740096717195e-11 1.1690877858433900e-11 1.3354620980342414e-10 
4.7489832892643456e-11 1.3206255979315282e-11 1.1859839256096138e-11 1.3310973980464080e-10 
4.7501576572832736e-11 1.3242949089295267e-11 1.2021701343466066e-11 1.3264160652090864e-10 
4.7490980396542940e-11 1.3290122280409673e-11 1.2176155187426272e-11 1.3214230993812950e-10 
4.7457908489952497e-11 1.3346943169939558e-11 1.2322914928813515e-11 1.3161193590357864e-10 
4.7402335299752104e-11 1.3412689700441718e-11 1.2461749479098098e-11 1.3105088881315964e-10 
4.7324263434696553e-11 1.3486508156267997e-11 1.2592449254155896e-11 1.3045958535921853e-10 
4.7223710240942832e-11 1.3567532542837145e-11 1.2714846609268741e-11 1.2983830566668944e-10 
4.7100808973756996e-11 1.3654990777053052e-11 1.2828808897529670e-11 1.2918772504621225e-10 
4.6955658698688922e-11 1.3747944635688898e-11 1.2934234924300218e-11 1.2850820639891624e-10 
4.6788456030715518e-11 1.3845640266608741e-11 1.3031036227553247e-11 1.2780041655465960e-10 
4.6599425472788188e-11 1.3947212710531031e-11 1.3119160722632919e-11 1.2706505858525271e-10 
4.6388831734525629e-11 1.4051907130703568e-11 1.3198561520220059e-11 1.2630290151210644e-10 
4.6157020170428284e-11 1.4158999992193194e-11 1.3269239766784939e-11 1.2551478199770325e-10 
4.5904359442404859e-11 1.4267688395722670e-11 1.3331176057892396e-11 1.2470169181490261e-10 
4.5631210341690684e-11 1.4377430398640161e-11 1.3384400939341470e-11 1.2386450279508595e-10 
4.5338093439739404e-11 1.4487487261978871e-11 1.3428934664264450e-11 1.2300466702963160e-10 
4.5025471742605041e-11 1.4597300129873620e-11 1.3464811884163433e-11 1.2212326677123513e-10 
4.4693871968542058e-11 1.4706347169277838e-11 1.3492109589485505e-11 1.2122149803877354e-10 
4.4343963958919154e-11 1.4814088810770644e-11 1.3510852040471404e-11 1.2030129285542881e-10 
4.3976301961993627e-11 1.4920094656254371e-11 1.3521117432429607e-11 1.1936371164831544e-10 
4.3591621025759057e-11 1.5023916263151387e-11 1.3522957586963574e-11 1.1841083638869101e-10 
4.3190615767520025e-11 1.5125142640541351e-11 1.3516477768542050e-11 1.1744427317265479e-10 
4.2774065198980098e-11 1.5223457592175866e-11 1.3501738550833787e-11 1.1646601472207080e-10 
4.2342764795127686e-11 1.5318582916081071e-11 1.3478826562818194e-11 1.1547799537634558e-10 
4.1897594251686348e-11 1.5410103541025854e-11 1.3447842608420823e-11 1.1448250237981733e-10 
4.1439415931098692e-11 1.5497914100610969e-11 1.3408846105973128e-11 1.1348152260807072e-10 
4.0969175888470066e-11 1.5581677341598863e-11 1.3361949597902560e-11 1.1247743596372416e-10 
4.0487829567622976e-11 1.5661200772771159e-11 1.3307240377222960e-11 1.1147248732179403e-10 
3.9996421343163334e-11 1.5736368538202948e-11 1.3244787823414698e-11 1.1046932700218648e-10 
3.9495937872189952e-11 1.5806905181259275e-11 1.3174717202757932e-11 1.0947004425991661e-10 
3.8987526832810248e-11 1.5872722179200686e-11 1.3097091287642531e-11 1.0847747210883782e-10 
3.8472274911339866e-11 1.5933671272703143e-11 1.3012030330408445e-11 1.0749390566287564e-10 
3.7951337412697744e-11 1.5989574675593624e-11 1.2919605289621146e-11 1.0652194282947673e-10 
3.7425889192401182e-11 1.6040390878514694e-11 1.2819953170297367e-11 1.0556396998603998e-10 
3.6897188643133872e-11 1.6085913035574430e-11 1.2713155426270162e-11 1.0462272258942566e-10 
3.6366413417536155e-11 1.6126102475622059e-11 1.2599315420344421e-11 1.0370027587189409e-10 
3.5834886391278186e-11 1.6160863593055822e-11 1.2478549661115848e-11 1.0279909892210535e-10 
3.5303896704568681e-11 1.6189991983505033e-11 1.2350975922818356e-11 1.0192156129950054e-10 
3.4774715823182598e-11 1.6213522451694758e-11 1.2216717494729788e-11 1.0106948621709763e-10 
3.4248761603507130e-11 1.6231236110030746e-11 1.2075903723624780e-11 1.0024535208338725e-10 
3.3727266145394862e-11 1.6243096904118608e-11 1.1928678321409285e-11 9.9450440282671059e-11 
3.3211697293922331e-11 1.6249042841788356e-11 1.1775182484435672e-11 9.8686926737702592e-11 
3.2703385460163421e-11 1.6248867010164684e-11 1.1615587701061279e-11 9.7956111805801950e-11 
3.2203697606541879e-11 1.6242584183756612e-11 1.1450063514716122e-11 9.7259299533344460e-11 
3.1714018754539252e-11 1.6230002103915094e-11 1.1278791265769231e-11 9.6597736629829089e-11 
3.1235711464615239e-11 1.6211131548380552e-11 1.1101981023620036e-11 9.5972180731633430e-11 
3.0770146317193755e-11 1.6185814431480977e-11 1.0919833865036062e-11 9.5383558834304043e-11 
3.0318601906327230e-11 1.6153924214407458e-11 1.0732616546719802e-11 9.4832095943529457e-11 
2.9882404045547184e-11 1.6115507011494498e-11 1.0540559986938282e-11 9.4318082515605194e-11 
2.9462834626423324e-11 1.6070376726842638e-11 1.0343948537312240e-11 9.3841663391479542e-11 
2.9061108313340421e-11 1.6018519741951659e-11 1.0143069198042265e-11 9.3402597008235683e-11 
2.8678354707851839e-11 1.5959849193307459e-11 9.9382732774201440e-12 9.3000353846245360e-11 
2.8315726240660648e-11 1.5894327117231881e-11 9.7298934862839704e-12 9.2634533823252662e-11 
2.7974195825537353e-11 1.5821890944623046e-11 9.5183108184752233e-12 9.2304124695347445e-11 
2.7654753874181858e-11 1.5742591771196126e-11 9.3039267311283118e-12 9.2008339753483633e-11 
2.7358230612625044e-11 1.5656361666238702e-11 9.0871829962822482e-12 9.1746075336001691e-11 
2.7085337545192325e-11 1.5563231451902591e-11 8.8685401960015784e-12 9.1515921070145435e-11 
2.6836736734129499e-11 1.5463266369538175e-11 8.6485098289151773e-12 9.1316689368135293e-11 
2.6612928476116168e-11 1.5356448985889967e-11 8.4276311163748815e-12 9.1146840105434911e-11 
2.6414274192048505e-11 1.5242940504803019e-11 8.2064749905575741e-12 9.1004748079020664e-11 
2.6241039190803248e-11 1.5122753895998141e-11 7.9856830924599891e-12 9.0888908750587564e-11 
2.6093308640829090e-11 1.4996076122704166e-11 7.7658982285102856e-12 9.0797592363662168e-11 
2.5971058788780554e-11 1.4863021632211871e-11 7.5478358558578317e-12 9.0729144930508554e-11 
2.5874108932644380e-11 1.4723764511261625e-11 7.3322402345030358e-12 9.0681929942039138e-11 
2.5802127771433484e-11 1.4578537978942572e-11 7.1199183842237707e-12 9.0654142182381969e-11 
2.5754720247634969e-11 1.4427554111143190e-11 6.9117257509180126e-12 9.0644326033511568e-11 
2.5731253532217675e-11 1.4271053509985332e-11 6.7085490179919049e-12 9.0650653914522097e-11 
2.5731061429313446e-11 1.4109376856141623e-11 6.5113362039869825e-12 9.0671653938729472e-11 
2.5753317138251236e-11 1.3942792086595458e-11 6.3210837786170243e-12 9.0705740512072607e-11 
2.5797099270027143e-11 1.3771662902448346e-11 6.1388120139928337e-12 9.0751377105447094e-11 
2.5861407360387267e-11 1.3596373112529696e-11 5.9655841450074756e-12 9.0807189694207924e-11 
2.5945156376490035e-11 1.3417303487695562e-11 5.8024746112335455e-12 9.0871776729337486e-11 
2.6047186796316631e-11 1.3234893989801978e-11 5.6505751938097200e-12 9.0943817274507006e-11 
2.6166288459236218e-11 1.3049594027514526e-11 5.5109522602810280e-12 9.1022034732185185e-11 
2.6301209670010191e-11 1.2861893538163119e-11 5.3846232289996444e-12 9.1105272955195324e-11 
2.6450658619616183e-11 1.2672280365730807e-11 5.2725497571045962e-12 9.1192344580998860e-11 
2.6613323683137437e-11 1.2481274671427985e-11 5.1755759445023764e-12 9.1282169562774060e-11 
2.6787875231896317e-11 1.2289430943840823e-11 5.0944219373415771e-12 9.1373668135169753e-11 
2.6972989562395476e-11 1.2097278721164729e-11 5.0296473183714109e-12 9.1465809986420648e-11 
2.7167338580990294e-11 1.1905431831279042e-11 4.9815962084019852e-12 9.1557617277825817e-11 
2.7369616520538025e-11 1.1714426264009000e-11 4.9504062480837844e-12 9.1648171114475747e-11 
2.7578516114190470e-11 1.1524927737792516e-11 4.9359932120229370e-12 9.1736474902022265e-11 
2.7792791799016742e-11 1.1337498975563130e-11 4.9380420052686584e-12 9.1821736545712615e-11 
2.8011168306615976e-11 1.1152751260524529e-11 4.9560287715526181e-12 9.1902907008599762e-11 
2.8232476621422944e-11 1.0971298138727902e-11 4.9892184287149496e-12 9.1979268520240725e-11 
2.8455498259192017e-11 1.0793730574882264e-11 5.0367320604191978e-12 9.2049792234254361e-11 
2.8679123210895606e-11 1.0620676308085762e-11 5.0975498570305915e-12 9.2113744720103706e-11 
2.8902254867139673e-11 1.0452679001890493e-11 5.1705578753486620e-12 9.2170218188010114e-11 
2.9123831291276007e-11 1.0290348136937727e-11 5.2546171049734558e-12 9.2218321695721773e-11 
2.9342839843191329e-11 1.0134236675356173e-11 5.3485333293324477e-12 9.2257264134268265e-11 
2.9558312652018811e-11 9.9848245235271076e-12 5.4511377733670894e-12 9.2286192017611267e-11 
2.9769321988278729e-11 9.8427036693845464e-12 5.5612827454619404e-12 9.2304250020442055e-11 
2.9974992619450584e-11 9.7082665836178486e-12 5.6778743881140100e-12 9.2310619383446001e-11 
3.0174480572848584e-11 9.5819747335285788e-12 5.7998712296213122e-12 9.2304371265404599e-11 
3.0367008322593840e-11 9.4642136624274935e-12 5.9262909220165295e-12 9.2284838300479411e-11 
3.0551839013576311e-11 9.3552759100042266e-12 6.0562312021127092e-12 9.2251192864632153e-11 
3.0728247785893853e-11 9.2555049993325561e-12 6.1888706748386247e-12 9.2202563010485149e-11 
3.0895599813562858e-11 9.1650935566230984e-12 6.3234110232807126e-12 9.2138357642537840e-11 
3.1053270145179852e-11 9.0842640426425841e-12 6.4591765333864643e-12 9.2057770623642918e-11 
3.1200690025527909e-11 9.0130913856067560e-12 6.5955252230251470e-12 9.1960141378483542e-11 
3.1337368006920714e-11 8.9517130311773910e-12 6.7318544339410413e-12 9.1844936309319947e-11 
3.1462771946349916e-11 8.9000539394556477e-12 6.8676659217799673e-12 9.1711355393945296e-11 
3.1576514985028173e-11 8.8581188461460043e-12 7.0024306734224560e-12 9.1559156830766411e-11 
3.1678151433195902e-11 8.8257498714572662e-12 7.1357641664118545e-12 9.1387646914879082e-11 
3.1767366007622988e-11 8.8028818960111421e-12 7.2672326566713973e-12 9.1196515708924989e-11 
3.1843853125024076e-11 8.7892057457155177e-12 7.3964971551318453e-12 9.0985538315202391e-11 
3.1907283671567788e-11 8.7845228693559078e-12 7.5232159215607119e-12 9.0754163260703938e-11 
3.1957491330843311e-11 8.7885083523589442e-12 7.6470958038642756e-12 9.0502588929573777e-11 
3.1994215605207129e-11 8.8008842728802031e-12 7.7678401323552648e-12 9.0230404225811760e-11 
3.2017331573539662e-11 8.8212176570735560e-12 7.8852216349174173e-12 8.9937756365360118e-11 
3.2026705510417674e-11 8.8491784493966392e-12 7.9989739234217003e-12 8.9624626862625384e-11 
3.2022280881005075e-11 8.8843483036999955e-12 8.1089116341637679e-12 8.9291364030123457e-11 
3.2003961385373442e-11 8.9263049526713892e-12 8.2148041056388749e-12 8.8937917578749373e-11 
3.1971791232479622e-11 8.9746058950964413e-12 8.3164604531064709e-12 8.8564946005191451e-11 
3.1925716000688029e-11 9.0287862014971878e-12 8.4137442199002381e-12 8.8172539296962638e-11 
3.1865834941431970e-11 9.0884325198337095e-12 8.5064280175309212e-12 8.7761476488068435e-11 
3.1792206457306086e-11 9.1530763516000039e-12 8.5944011239234483e-12 8.7332228398420477e-11 
3.1704952705698076e-11 9.2222798488623900e-12 8.6774936959858558e-12 8.6885543864804550e-11 
3.1604208719211136e-11 9.2955669691878336e-12 8.7555583394668394e-12 8.6422117092863714e-11 
3.1490147583623854e-11 9.3725514174357299e-12 8.8284779657020727e-12 8.5942768206443767e-11 
3.1362997649141211e-11 9.4527118226637764e-12 8.8961056064216879e-12 8.5448611340895689e-11 
3.1222905321201062e-11 9.5357172484952241e-12 8.9583481862758800e-12 8.4940220918493769e-11 
3.1070214353775134e-11 9.6210304203807739e-12 9.0150678620373482e-12 8.4419120840449611e-11 
3.0905098261445936e-11 9.7083469484606575e-12 9.0661616541687140e-12 8.3885909001202311e-11 
3.0727938388070471e-11 9.7971731403591075e-12 9.1115302179863067e-12 8.3342109692169216e-11 
3.0538991357866940e-11 9.8871195341204689e-12 9.1510832350161391e-12 8.2788682376809224e-11 
3.0338628586461139e-11 9.9778847078749317e-12 9.1847227030308916e-12 8.2226815335028660e-11 
3.0127191922637796e-11 1.0068929312440828e-11 9.2123692959805604e-12 8.1657847211843795e-11 
2.9905063753346255e-11 1.0160020063814613e-11 9.2339684439454079e-12 8.1082894079185105e-11 
2.9672662680423913e-11 1.0250611226932150e-11 9.2494525124956853e-12 8.0503352575229582e-11 
2.9430366192725942e-11 1.0340494315493184e-11 9.2587592900166958e-12 7.9920297163830246e-11 
2.9178622832941004e-11 1.0429236921454010e-11 9.2618613930160033e-12 7.9335031526678331e-11 
2.8917888724636157e-11 1.0516493585294969e-11 9.2586767966687119e-12 7.8748829174461970e-11 
2.8648601760507900e-11 1.0601933198595340e-11 9.2492378351153306e-12 7.8162775706714782e-11 
2.8371271009321871e-11 1.0685198398787153e-11 9.2335053446519551e-12 7.7578209026989106e-11 
2.8086367224561820e-11 1.0765966656153712e-11 9.2114622337879746e-12 7.6996144819831258e-11 
2.7794384714856154e-11 1.0843930041233521e-11 9.1831396403227435e-12 7.6417573629052781e-11 
2.7495899255994857e-11 1.0918785552636733e-11 9.1485526684062083e-12 7.5843696745155051e-11 
2.7191460042593741e-11 1.0990177214493868e-11 9.1077273426530590e-12 7.5275618086762239e-11 
2.6881516882940982e-11 1.1057874127817414e-11 9.0607299065299256e-12 7.4713825658849705e-11 
2.6566743679507372e-11 1.1121561554664820e-11 9.0075910331627921e-12 7.4159732718976282e-11 
2.6247657514686945e-11 1.1180986573547504e-11 8.9484181199302303e-12 7.3613684158234222e-11 
2.5924926471944492e-11 1.1235898707733189e-11 8.8832667286210014e-12 7.3076959366002674e-11 
2.5599091744669359e-11 1.1286082317589140e-11 8.8122573764800102e-12 7.2549762901383524e-11 
2.5270858586573177e-11 1.1331286946958820e-11 8.7354946489779867e-12 7.2033151773443211e-11 
2.4940850434817069e-11 1.1371287930038715e-11 8.6531213689410734e-12 7.1527547595050064e-11 
2.4609719397791278e-11 1.1405933646572442e-11 8.5652492971044818e-12 7.1033514649373692e-11 
2.4278173813681595e-11 1.1435056555769514e-11 8.4720455287698190e-12 7.0551560468267462e-11 
2.3946912643548701e-11 1.1458484064459003e-11 8.3736734709991077e-12 7.0082188816889544e-11 
2.3616679243643168e-11 1.1476087924324358e-11 8.2703142078296891e-12 6.9625791952935566e-11 
2.3288223696023174e-11 1.1487773999191237e-11 8.1621581351961063e-12 6.9182821082148102e-11 
2.2962277390527112e-11 1.1493442302561076e-11 8.0493941422363411e-12 6.8753613115884572e-11 
2.2639631503418569e-11 1.1493005241544854e-11 7.9322545631156817e-12 6.8338480766078701e-11 
2.2321088438120565e-11 1.1486435974323238e-11 7.8109482420503789e-12 6.7937689899620674e-11 
2.2007458222740112e-11 1.1473686423787258e-11 7.6857231289501318e-12 6.7551541667091547e-11 
2.1699579813912153e-11 1.1454765134834048e-11 7.5568031843523509e-12 6.7180391111910099e-11 
2.1398280578718722e-11 1.1429673851789879e-11 7.4244671659421717e-12 6.6824360547476472e-11 
2.1104433253400829e-11 1.1398465114397143e-11 7.2889492646445743e-12 6.6483865755656956e-11 
2.0818875332553023e-11 1.1361132683752672e-11 7.1505507292899579e-12 6.6159028476181799e-11 
2.0542443661991929e-11 1.1317842949139713e-11 7.0095208653267616e-12 6.5850043651056376e-11 
2.0276012079295878e-11 1.1268648279162073e-11 6.8661745323773103e-12 6.5557232431801679e-11 
2.0020432829943702e-11 1.1213634211718419e-11 6.7208016125432750e-12 6.5280788899528940e-11 
1.9776484639964974e-11 1.1152980524921314e-11 6.5737051739671441e-12 6.5020716285590309e-11 
1.9545012393066352e-11 1.1086791302590041e-11 6.4252070804889037e-12 6.4777392990719378e-11 
1.9326745182235273e-11 1.1015237867449296e-11 6.2756340566500369e-12 6.4550758667710114e-11 
1.9122437976134666e-11 1.0938517026137642e-11 6.1253122154562203e-12 6.4341067031571348e-11 
1.8932778683057982e-11 1.0856795801574312e-11 5.9745855117767462e-12 6.4148454052553995e-11 
1.8758324646785885e-11 1.0770308105803923e-11 5.8238232210077396e-12 6.3972716236312890e-11 
1.8599687737298042e-11 1.0679237993386589e-11 5.6733988489182422e-12 6.3814057487007658e-11 
1.8457334851358791e-11 1.0583832047199581e-11 5.5236731227658310e-12 6.3672413010173419e-11 
1.8331634721385934e-11 1.0484316001958703e-11 5.3750725612717284e-12 6.3547584019731997e-11 
1.8222924790236595e-11 1.0380934081408479e-11 5.2279833246836931e-12 6.3439587878237952e-11 
1.8131385097189852e-11 1.0273948362635452e-11 5.0828546843568718e-12 6.3348123180501500e-11 
1.8057124417275600e-11 1.0163612837292474e-11 4.9401381446034762e-12 6.3272888239852875e-11 
1.8000147625100903e-11 1.0050179998982501e-11 4.8002889252175745e-12 6.3213609304168338e-11 
1.7960353421753437e-11 9.9339255763760070e-12 4.6638165045977366e-12 6.3169876768826361e-11 
1.7937507922710215e-11 9.8151031048873032e-12 4.5312260353838717e-12 6.3141163848662797e-11 
1.7931310093008572e-11 9.6939971226441626e-12 4.4030616850515464e-12 6.3126911669182188e-11 
1.7941346416135741e-11 9.5708835599776401e-12 4.2798710697204489e-12 6.3126563716859165e-11 
1.7967082791942569e-11 9.4460277126650591e-12 4.1622359202490590e-12 6.3139356773392642e-11 
1.8007923648144123e-11 9.3197147727039187e-12 4.0507592159352786e-12 6.3164520019501755e-11 
1.8063196833745108e-11 9.1922159885022774e-12 3.9460380348293659e-12 6.3201257765242369e-11 
1.8132131078392367e-11 9.0638018676296047e-12 3.8486966071943101e-12 6.3248631063375056e-11 
1.8213914372862064e-11 8.9347471725330126e-12 3.7593208248443760e-12 6.3305647164063145e-11 
1.8307681036868514e-11 8.8053112268523450e-12 3.6785087751037796e-12 6.3371350918353766e-11 
1.8412512772003388e-11 8.6757933945024681e-12 3.6068206081027827e-12 6.3444632273548436e-11 
1.8527476945243171e-11 8.5464513672253987e-12 3.5447617952004026e-12 6.3524453980880408e-11 
1.8651593217051172e-11 8.4175669900808131e-12 3.4927689464054621e-12 6.3609613657801504e-11 
1.8783894167746785e-11 8.2893972089217348e-12 3.4512060504434241e-12 6.3698982896451203e-11 
1.8923392006245877e-11 8.1622434717057881e-12 3.4203350964506867e-12 6.3791391893590047e-11 
1.9069098726562002e-11 8.0363436950947800e-12 3.4002979265831514e-12 6.3885632202865952e-11 
1.9220039810462574e-11 7.9120041309052143e-12 3.3911214297462959e-12 6.3980476075929505e-11 
1.9375264755357565e-11 7.7894811686792915e-12 3.3927047616884302e-12 6.4074813221464307e-11 
1.9533831164798516e-11 7.6690846529379978e-12 3.4048217616274875e-12 6.4167429463513492e-11 
1.9694838823307678e-11 7.5510765835362707e-12 3.4271326473380153e-12 6.4257216713690982e-11 
1.9857389164421170e-11 7.4357513672917087e-12 3.4591858364621754e-12 6.4343025887784752e-11 
2.0020653848810072e-11 7.3234196624370774e-12 3.5004619436003444e-12 6.4423810117618218e-11 
2.0183815186646339e-11 7.2143124733582767e-12 3.5503385168091473e-12 6.4498572005915168e-11 
2.0346072198739093e-11 7.1088279187235374e-12 3.6081715297703599e-12 6.4566199740231457e-11 
2.0506729714661041e-11 7.0071820072817812e-12 3.6732816618148853e-12 6.4625978762211332e-11 
2.0665039144078668e-11 6.9097169778726949e-12 3.7449403644487775e-12 6.4676880296785707e-11 
2.0820366251509794e-11 6.8167387939685286e-12 3.8224600996894045e-12 6.4718152477663358e-11 
2.0972090542155384e-11 6.7284987319169012e-12 3.9051434488743449e-12 6.4749112884139068e-11 
2.1119614178436061e-11 6.6453932048656210e-12 3.9922943960106528e-12 6.4769018978422770e-11 
2.1262398026727027e-11 6.5675823394341538e-12 4.0832857749455939e-12 6.4777337878993748e-11 
2.1399939286024951e-11 6.4954614835243587e-12 4.1774609598993825e-12 6.4773581053991338e-11 
2.1531756763435116e-11 6.4292506123595972e-12 4.2742571999726025e-12 6.4757227343157066e-11 
2.1657439769875373e-11 6.3692215715972337e-12 4.3730832696917046e-12 6.4727998642721701e-11 
2.1776574865783281e-11 6.3155340112924146e-12 4.4734325901323235e-12 6.4685618384276204e-11 
2.1888783486650682e-11 6.2685274892237756e-12 4.5747814140090687e-12 6.4629827770085683e-11 
2.1993733667364429e-11 6.2282440896210151e-12 4.6767078187141379e-12 6.4560401826418314e-11 
2.2091160003744629e-11 6.1949383582346017e-12 4.7787412793537761e-12 6.4477435913289396e-11 
2.2180761656590471e-11 6.1686158608912776e-12 4.8804791747289373e-12 6.4380842059165382e-11 
2.2262278794407441e-11 6.1493841311391125e-12 4.9815502413363010e-12 6.4270587627923645e-11 
2.2335530697864690e-11 6.1373218677116561e-12 5.0815803143694161e-12 6.4146924817107156e-11 
2.2400319348462517e-11 6.1323623265579511e-12 5.1802400174618519e-12 6.4009962844942156e-11 
2.2456486219190280e-11 6.1343929232092486e-12 5.2772375843932393e-12 6.3859964653187906e-11 
2.2503871085063343e-11 6.1433549635517538e-12 5.3722469584152377e-12 6.3697119690317294e-11 
2.2542335349256319e-11 6.1590513610293796e-12 5.4650256203071282e-12 6.3521684904782594e-11 
2.2571827685751851e-11 6.1813035987044594e-12 5.5553005559978627e-12 6.3334112940842646e-11 
2.2592251119894301e-11 6.2098551264502172e-12 5.6428361320429599e-12 6.3134794973803166e-11 
2.2603517384292560e-11 6.2443749778279686e-12 5.7274410652288615e-12 6.2923882396885503e-11 
2.2605625467923346e-11 6.2846201484813784e-12 5.8088672085611490e-12 6.2702038503366119e-11 
2.2598524631633923e-11 6.3301175969535293e-12 5.8869765786836062e-12 6.2469553307578347e-11 
2.2582229404982712e-11 6.3805540844975212e-12 5.9615493272429800e-12 6.2226958263298222e-11 
2.2556719050470180e-11 6.4355054801864420e-12 6.0324636716353415e-12 6.1974616346904190e-11 
2.2522050536806695e-11 6.4945685486217287e-12 6.0995570551722447e-12 6.1713041245007618e-11 
2.2478224658529822e-11 6.5571990139858945e-12 6.1627287094313053e-12 6.1442608481808489e-11 
2.2425309748492876e-11 6.6230892979967416e-12 6.2218373237018343e-12 6.1163773139520514e-11 
2.2363393444833165e-11 6.6916852775800242e-12 6.2767754380968884e-12 6.0877131450604951e-11 
2.2292515109607560e-11 6.7625204559846748e-12 6.3274864193934979e-12 6.0582998431094454e-11 
2.2212749433621216e-11 6.8352122898792453e-12 6.3738908267727071e-12 6.0281579031904574e-11 
2.2124289489651545e-11 6.9093192137869818e-12 6.4159185161095072e-12 5.9973781976171912e-11 
2.2027163646854519e-11 6.9842846404168522e-12 6.4535149012360147e-12 5.9659592464953545e-11 
2.1921556327985408e-11 7.0598695861207996e-12 6.4866441402781696e-12 5.9339691569064920e-11 
2.1807583110487058e-11 7.1354577567954429e-12 6.5152754668094315e-12 5.9014330011767436e-11 
2.1685431648309494e-11 7.2108612898104416e-12 6.5394033060811948e-12 5.8683978058155224e-11 
2.1555273861544050e-11 7.2855422071711326e-12 6.5590250737004376e-12 5.8349087862461514e-11 
2.1417280910550174e-11 7.3592345391858172e-12 6.5741258247213258e-12 5.8009837086007356e-11 
2.1271682251751999e-11 7.4315545432890510e-12 6.5847321406281111e-12 5.7666927110750627e-11 
2.1118659781338420e-11 7.5022134291842533e-12 6.5908598659535865e-12 5.7320447619043096e-11 
2.0958463407456309e-11 7.5709257672065934e-12 6.5925513920119784e-12 5.6970883998820509e-11 
2.0791386706203818e-11 7.6373695842852897e-12 6.5898336443453183e-12 5.6618929534848227e-11 
2.0617611441078177e-11 7.7013564283316365e-12 6.5827472296562473e-12 5.6264449791323920e-11 
2.0437507843934789e-11 7.7626226419905242e-12 6.5713579328562779e-12 5.5908433408159288e-11 
2.0251335263045871e-11 7.8209251178306224e-12 6.5557066401915583e-12 5.5551098137589771e-11 
2.0059417346610842e-11 7.8761784499594621e-12 6.5358690108719764e-12 5.5192796877312505e-11 
1.9862117189415410e-11 7.9281050049301953e-12 6.5119079257863263e-12 5.4834284541328122e-11 
1.9659775710096075e-11 7.9766086473593033e-12 6.4838969833224973e-12 5.4475913038855085e-11 
1.9452735340748778e-11 8.0215433268047515e-12 6.4519082385663670e-12 5.4118175954452996e-11 
1.9241442098125950e-11 8.0628166346349374e-12 6.4160259367481164e-12 5.3761703186908508e-11 
1.9026304345624986e-11 8.1003055552396416e-12 6.3763037425748265e-12 5.3407154962942172e-11 
1.8807708721018594e-11 8.1339551991543765e-12 6.3328833176625625e-12 5.3054777608237865e-11 
1.8586194309412592e-11 8.1636919600645208e-12 6.2858229599518197e-12 5.2705713463521214e-11 
1.8362152349422323e-11 8.1894757326285455e-12 6.2351925968537940e-12 5.2360271787103908e-11 
1.8136135384737400e-11 8.2112575442570358e-12 6.1811052093757762e-12 5.2019242359053591e-11 
1.7908617189248480e-11 8.2290780258003073e-12 6.1236428889136480e-12 5.1683206893848803e-11 
1.7680127586954896e-11 8.2428243738188765e-12 6.0629170039810168e-12 5.1352851762924951e-11 
1.7451260346512769e-11 8.2526259966143250e-12 5.9989864190299904e-12 5.1029075975516682e-11 
1.7222536856975752e-11 8.2583491667020635e-12 5.9319883288315368e-12 5.0712270784425970e-11 
1.6994575819567923e-11 8.2601597584039847e-12 5.8619972383116608e-12 5.0403331213059817e-11 
1.6767949842912682e-11 8.2579311019123385e-12 5.7890974752844437e-12 5.0102942237699919e-11 
1.6543272046786703e-11 8.2518474507854766e-12 5.7134184047524729e-12 4.9811657641340362e-11 
1.6321180596304895e-11 8.2418407438498427e-12 5.6350374554315796e-12 4.9530258713530503e-11 
1.6102275186815755e-11 8.2280241003394287e-12 5.5540666088600265e-12 4.9259236542971899e-11 
1.5887246711717508e-11 8.2104328971918990e-12 5.4706050346604099e-12 4.8999308128124622e-11 
1.5676709456915979e-11 8.1890798080582239e-12 5.3847705531874745e-12 4.8750932809746096e-11 
1.5471351687425870e-11 8.1641102961320810e-12 5.2966434493734712e-12 4.8514843501158108e-11 
1.5271732843210046e-11 8.1354834380271301e-12 5.2063765425422288e-12 4.8291028917100846e-11 
1.5078608578204915e-11 8.1033481395692157e-12 5.1140605046258141e-12 4.8080406460540489e-11 
1.4892530566964313e-11 8.0676879613232406e-12 5.0198395280668079e-12 4.7883019853026619e-11 
1.4714110691023667e-11 8.0286591068799472e-12 4.9238248344552006e-12 4.7699087594114724e-11 
1.4543991173639834e-11 7.9862389366536362e-12 4.8261584905849455e-12 4.7529006455862406e-11 
1.4382724229719999e-11 7.9405748598885431e-12 4.7269873109974748e-12 4.7372791955150012e-11 
1.4230849416302526e-11 7.8916691098834257e-12 4.6264656835356514e-12 4.7230501649025845e-11 
1.4088873430585088e-11 7.8396283771896538e-12 4.5247445120309459e-12 4.7102165349720596e-11 
1.3957275151372676e-11 7.7845183175069807e-12 4.4220185868024615e-12 4.6987651259894557e-11 
1.3836448609624112e-11 7.7264132596308310e-12 4.3184606213214027e-12 4.6886679111719926e-11 
1.3726798356538497e-11 7.6653820051596644e-12 4.2142666236097728e-12 4.6799201234397996e-11 
1.3628590155102209e-11 7.6015045542853619e-12 4.1096767487095603e-12 4.6724712859617389e-11 
1.3542099020496076e-11 7.5348709045407525e-12 4.0049229418331440e-12 4.6662895727500348e-11 
1.3467510832822440e-11 7.4655408316918118e-12 3.9002678124824118e-12 4.6613295564714088e-11 
1.3404946320104790e-11 7.3936193541318481e-12 3.7959816525173242e-12 4.6575415879294495e-11 
1.3354437966762486e-11 7.3191835243359581e-12 3.6923819190468384e-12 4.6548609943472508e-11 
1.3315973671241308e-11 7.2423356465718904e-12 3.5898044498731599e-12 4.6532302648966421e-11 
1.3289476617878317e-11 7.1631749169056323e-12 3.4886033693237261e-12 4.6525870057792673e-11 
1.3274789338576836e-11 7.0818163156531431e-12 3.3891817871969782e-12 4.6528660746908048e-11 
1.3271664172643127e-11 6.9983801430549435e-12 3.2919828636835782e-12 4.6539826224957524e-11 
1.3279857273823601e-11 6.9129719962367484e-12 3.1974520264436885e-12 4.6558825658637288e-11 
1.3299004645891980e-11 6.8257471299748020e-12 3.1060888553392092e-12 4.6584812791207589e-11 
1.3328709627459806e-11 6.7368396021440032e-12 3.0184376669115716e-12 4.6617060436550648e-11 
1.3368544599076835e-11 6.6463967739794871e-12 2.9350457690969145e-12 4.6654894072982362e-11 
1.3418016420344444e-11 6.5546075183085845e-12 2.8565037888319550e-12 4.6697523543492051e-11 
1.3476603627264329e-11 6.4616224097917891e-12 2.7834256871443732e-12 4.6744258639377075e-11 
1.3543753093813910e-11 6.3676645824022937e-12 2.7164213837314841e-12 4.6794381165604870e-11 
1.3618896086079949e-11 6.2729414305751720e-12 2.6560943469656244e-12 4.6847275437098161e-11 
1.3701431194399067e-11 6.1776515764954324e-12 2.6030439909592888e-12 4.6902239213617190e-11 
1.3790754760386215e-11 6.0820701492446923e-12 2.5578058719898756e-12 4.6958701127960826e-11 
1.3886242367176757e-11 5.9864076289590431e-12 2.5208716081489925e-12 4.7016016011203163e-11 
1.3987279342312296e-11 5.8909718746295715e-12 2.4926248065594161e-12 4.7073675552755121e-11 
1.4093242707734880e-11 5.7959991855173037e-12 2.4733679809136285e-12 4.7131126078713331e-11 
1.4203510338880536e-11 5.7018387416684078e-12 2.4632586178954093e-12 4.7187911543617719e-11 
1.4317486742356029e-11 5.6087656819456899e-12 2.4623238741680621e-12 4.7243628435964880e-11 
1.4434554497904683e-11 5.5171557172808009e-12 2.4704617049761058e-12 4.7297763483090960e-11 
1.4554151154963763e-11 5.4272983550497813e-12 2.4874262776278792e-12 4.7350060014202361e-11 
1.4675658670045298e-11 5.3395627570765623e-12 2.5128491101314023e-12 4.7400013637806581e-11 
1.4798552670807072e-11 5.2543474020259643e-12 2.5462690415923727e-12 4.7447414674622834e-11 
1.4922269229636631e-11 5.1719387683631062e-12 2.5871210966552999e-12 4.7491931971628978e-11 
1.5046282618940254e-11 5.0927727848842904e-12 2.6347930216419428e-12 4.7533240969542583e-11 
1.5170097273792255e-11 5.0171978340064593e-12 2.6886255768452940e-12 4.7571160759630182e-11 
1.5293199918001704e-11 4.9455654993833754e-12 2.7479425556774179e-12 4.7605423892268397e-11 
1.5415112853406163e-11 4.8782232680941967e-12 2.8120563494269924e-12 4.7635776741659987e-11 
1.5535378521527663e-11 4.8155159621670535e-12 2.8803176757082357e-12 4.7661971730683907e-11 
1.5653586654361306e-11 4.7577640710713695e-12 2.9520778554525149e-12 4.7683954236914142e-11 
1.5769260686993910e-11 4.7052106864888394e-12 3.0267337053193437e-12 4.7701289506270351e-11 
1.5882036351867291e-11 4.6581607501092125e-12 3.1037132788636788e-12 4.7714017432862976e-11 
1.5991484348326811e-11 4.6167821703506840e-12 3.1824634420287695e-12 4.7721714785465046e-11 
1.6097259229796731e-11 4.5813732748572602e-12 3.2625131545879664e-12 4.7724246838368398e-11 
1.6199024464666536e-11 4.5519104008859185e-12 3.3433912794429639e-12 4.7721540980202054e-11 
1.6296381478208059e-11 4.5285686017128652e-12 3.4246763034921196e-12 4.7713223729802748e-11 
1.6389031749589227e-11 4.5113690506616454e-12 3.5060001226575674e-12 4.7699118054363398e-11 
1.6476687381186845e-11 4.5002569585278964e-12 3.5869929044385864e-12 4.7679029088784519e-11 
1.6559044638203110e-11 4.4951849518942176e-12 3.6673462906573278e-12 4.7652739084509026e-11 
1.6635834796770961e-11 4.4960393141672802e-12 3.7467691484029793e-12 4.7620009184930318e-11 
1.6706780786856830e-11 4.5025360378865474e-12 3.8250037591846889e-12 4.7580595679408719e-11 
1.6771662034908522e-11 4.5146705708649230e-12 3.9017928805041585e-12 4.7534322823166871e-11 
1.6830230023154823e-11 4.5319723410076354e-12 3.9769407258011650e-12 4.7480874108404650e-11 
1.6882271091311136e-11 4.5542945236789584e-12 4.0502546707634143e-12 4.7420018334694899e-11 
1.6927610820783702e-11 4.5812063988338163e-12 4.1215542852743902e-12 4.7351580755193059e-11 
1.6966052963840627e-11 4.6124779542601447e-12 4.1906760830200781e-12 4.7275270274525187e-11 
1.6997470496088353e-11 4.6476831051334958e-12 4.2574936550278703e-12 4.7191004257767036e-11 
1.7021685141297645e-11 4.6864174136690129e-12 4.3218594625052842e-12 4.7098471723230486e-11 
1.7038558121553721e-11 4.7283810499492305e-12 4.3836857953840239e-12 4.6997358784889122e-11 
1.7048009860607795e-11 4.7731680224668224e-12 4.4428260160748449e-12 4.6887809530441634e-11 
1.7049901540673909e-11 4.8203773366644266e-12 4.4992320942884940e-12 4.6769285964451892e-11 
1.7044228528043411e-11 4.8697283335269808e-12 4.5528109143049654e-12 4.6642020734882110e-11 
1.7030897686471419e-11 4.9207446248013685e-12 4.6034739945328114e-12 4.6505760174959393e-11 
1.7009823161599668e-11 4.9731586610122379e-12 4.6511667246450559e-12 4.6360269871112442e-11 
1.6981052433549925e-11 5.0266376456386865e-12 4.6958228501363052e-12 4.6205814650162445e-11 
1.6944530509375371e-11 5.0808500299642612e-12 4.7373997878328447e-12 4.6042219824258796e-11 
1.6900272735960058e-11 5.1355238543782659e-12 4.7758727363944637e-12 4.5869365158179462e-11 
1.6848349614363118e-11 5.1903755899498757e-12 4.8111717802025737e-12 4.5687636796520896e-11 
1.6788770105412904e-11 5.2451269955486820e-12 4.8432518850243678e-12 4.5496916083229868e-11 
1.6721613622402826e-11 5.2995284318784467e-12 4.8720987000736513e-12 4.5297442887933194e-11 
1.6646967020501108e-11 5.3534515862116602e-12 4.8977022370061830e-12 4.5089276615143666e-11 
1.6564938087518784e-11 5.4064786094101175e-12 4.9200089310634846e-12 4.4872866072570173e-11 
1.6475593378318805e-11 5.4586486653662701e-12 4.9390278245394217e-12 4.4648143796019100e-11 
1.6379142603594651e-11 5.5096085165740490e-12 4.9547138741333120e-12 4.4415739521148604e-11 
1.6275703948032119e-11 5.5593520357648668e-12 4.9670643191941842e-12 4.4175891553118398e-11 
1.6165435093749916e-11 5.6075352550897597e-12 4.9761015176441892e-12 4.3928847328813881e-11 
1.6048582276623628e-11 5.6542171034539581e-12 4.9817566347721385e-12 4.3675335037120596e-11 
1.5925293262814620e-11 5.6991237687642774e-12 4.9840791620551317e-12 4.3415476857650783e-11 
1.5795813221325178e-11 5.7422420357046416e-12 4.9830280644391825e-12 4.3149967580333686e-11 
1.5660398494042643e-11 5.7833943189629699e-12 4.9786236789467870e-12 4.2879429584356514e-11 
1.5519300790883444e-11 5.8224989122337351e-12 4.9708575390877016e-12 4.2604356331787353e-11 
1.5372754457989679e-11 5.8595074232614696e-12 4.9597420050142626e-12 4.2325138810242411e-11 
1.5221147864512912e-11 5.8943266673648637e-12 4.9452831492493561e-12 4.2042814057307829e-11 
1.5064711227889509e-11 5.9268085308321316e-12 4.9274907594463817e-12 4.1757754971570490e-11 
1.4903758028082772e-11 5.9569972592331602e-12 4.9063824260084638e-12 4.1470481892346502e-11 
1.4738712365793534e-11 5.9847251744747368e-12 4.8819615997377272e-12 4.1182161931602672e-11 
1.4569837367073986e-11 6.0099578336979103e-12 4.8542637826147045e-12 4.0893045719220625e-11 
1.4397550745233098e-11 6.0327822016879082e-12 4.8233084409276602e-12 4.0603877213742717e-11 
1.4222272691850255e-11 6.0529073520579106e-12 4.7891182800680519e-12 4.0315685330909281e-11 
1.4044325913082904e-11 6.0704839222529417e-12 4.7517351690984554e-12 4.0028695141502323e-11 
1.3864222920614381e-11 6.0853547179319392e-12 4.7111950078611092e-12 3.9744083062727841e-11 
1.3682322704174826e-11 6.0975363232418444e-12 4.6675450043593192e-12 3.9462128554002696e-11 
1.3499149794481347e-11 6.1069750846512096e-12 4.6208075888759897e-12 3.9183902231807813e-11 
1.3315077211138865e-11 6.1136275618153233e-12 4.5710605198706700e-12 3.8909666736466422e-11 
1.3130634084284943e-11 6.1174919431817937e-12 4.5183499835269534e-12 3.8640235172451275e-11 
1.2946340920941863e-11 6.1185211036221293e-12 4.4627402318700171e-12 3.8376397862983686e-11 
1.2762648399609666e-11 6.1166736215973090e-12 4.4043160245472584e-12 3.8118435187487964e-11 
1.2580083497606036e-11 6.1119640813082458e-12 4.3431409344816896e-12 3.7867022192909693e-11 
1.2399193259620060e-11 6.1043589364391876e-12 4.2793025451685843e-12 3.7622745064305405e-11 
1.2220516722286547e-11 6.0938191718918748e-12 4.2128895850530879e-12 3.7386138756638921e-11 
1.2044555510258323e-11 6.0803889748615756e-12 4.1440219743292138e-12 3.7157394199606675e-11 
1.1871926039300618e-11 6.0640370101725383e-12 4.0727857704405070e-12 3.6937228996838484e-11 
1.1703138321873419e-11 6.0447354782547378e-12 3.9993183052791771e-12 3.6725783448417978e-11 
1.1538763374256551e-11 6.0225594833893957e-12 3.9237273868084911e-12 3.6523505960736368e-11 
1.1379371155470804e-11 5.9974329404574481e-12 3.8461652646779795e-12 3.6330707986555498e-11 
1.1225513366298054e-11 5.9694469293389400e-12 3.7667699488869502e-12 3.6147547342541907e-11 
1.1077738571513322e-11 5.9385932807429647e-12 3.6857000304385380e-12 3.5974316855331924e-11 
1.0936597502037553e-11 5.9049056038658359e-12 3.6031355999033243e-12 3.5811226938184458e-11 
1.0802576031830298e-11 5.8684441488842181e-12 3.5192321678795091e-12 3.5658200891611485e-11 
1.0676240027296729e-11 5.8292248574388789e-12 3.4341986686189713e-12 3.5515640972585640e-11 
1.0557995607539913e-11 5.7873158209238866e-12 3.3482453874229556e-12 3.5383362517054012e-11 
1.0448321673282689e-11 5.7427909787579039e-12 3.2615787625831527e-12 3.5261409892936756e-11 
1.0347659624788725e-11 5.6956967543294668e-12 3.1744387361387778e-12 3.5149938035188883e-11 
1.0256322759168929e-11 5.6461224542505471e-12 3.0870927634252442e-12 3.5048661848990632e-11 
1.0174677138817493e-11 5.5941638775422070e-12 2.9997801069838221e-12 3.4957694882839536e-11 
1.0102951862531740e-11 5.5399102419209287e-12 2.9128005993208122e-12 3.4876842793667428e-11 
1.0041388253328244e-11 5.4834841189774595e-12 2.8264578285555042e-12 3.4806001216697183e-11 
9.9901192200922189e-12 5.4249957842952790e-12 2.7410806848641622e-12 3.4744928299095193e-11 
9.9492678032768235e-12 5.3645687386922509e-12 2.6570169951227713e-12 3.4693594898865440e-11 
9.9188018862965507e-12 5.3023060726905695e-12 2.5746412464665477e-12 3.4651562516420290e-11 
9.8987218872295252e-12 5.2384096057525959e-12 2.4943274300947630e-12 3.4618770459529701e-11 
9.8888822243332563e-12 5.1729907509526416e-12 2.4165245564777213e-12 3.4594819844512059e-11 
9.8891114159649817e-12 5.1062275924505931e-12 2.3416428486228595e-12 3.4579455573594690e-11 
9.8991629419291463e-12 5.0382670088737424e-12 2.2701609356905136e-12 3.4572344491702709e-11 
9.9187349779759023e-12 4.9693218147345144e-12 2.2025509522980474e-12 3.4573143848769925e-11 
9.9474583156678331e-12 4.8995561449752126e-12 2.1393085489016997e-12 3.4581463473163896e-11 
9.9849290356237070e-12 4.8291722656099344e-12 2.0809253712980544e-12 3.4596946007261725e-11 
1.0030680123721795e-11 4.7583631111667300e-12 2.0278865535765434e-12 3.4619141176602008e-11 
1.0084213553266780e-11 4.6873398369295620e-12 1.9806683437535530e-12 3.4647607371243453e-11 
1.0145000576227254e-11 4.6163190324067954e-12 1.9396868406063532e-12 3.4681913365110352e-11 
1.0212482366961583e-11 4.5454914715623350e-12 1.9053467291739601e-12 3.4721583678334192e-11 
1.0286070879824727e-11 4.4751093177508657e-12 1.8779521229538303e-12 3.4766071123996642e-11 
1.0365173126332205e-11 4.4053702276069158e-12 1.8577243939674772e-12 3.4814920981840016e-11 
1.0449170652492088e-11 4.3365083921178924e-12 1.8448045640292261e-12 3.4867491829238164e-11 
1.0537470154013619e-11 4.2687670220170729e-12 1.8391972085989945e-12 3.4923341226736161e-11 
1.0629429709304359e-11 4.2023255015355095e-12 1.8408205006407206e-12 3.4981787847934312e-11 
1.0724475929566574e-11 4.1374617031101868e-12 1.8494543260933422e-12 3.5042358136703384e-11 
1.0821978172258481e-11 4.0743554465195792e-12 1.8648193815963205e-12 3.5104349708084547e-11 
1.0921362299873898e-11 4.0132620474053099e-12 1.8865142535991552e-12 3.5167212144569341e-11 
1.1022048685250510e-11 3.9543699029353003e-12 1.9140801114673001e-12 3.5230334865895260e-11 
1.1123487150895524e-11 3.8978913690471027e-12 1.9470314142805701e-12 3.5293070174375531e-11 
1.1225126185665447e-11 3.8439976945028683e-12 1.9848347362498038e-12 3.5354811679274099e-11 
1.1326446717219272e-11 3.7928842785362197e-12 2.0269573461965054e-12 3.5414946581347429e-11 
1.1426936983293629e-11 3.7447381239829457e-12 2.0728579139291012e-12 3.5472862208590134e-11 
1.1526136188482071e-11 3.6997044315693123e-12 2.1220228032017846e-12 3.5527937949589828e-11 
1.1623584142016076e-11 3.6579183837231362e-12 2.1739400198262538e-12 3.5579637641588702e-11 
1.1718816857995956e-11 3.6195030787760931e-12 2.2281656562007075e-12 3.5627173136459909e-11 
1.1811478397153419e-11 3.5845796254650510e-12 2.2842449210911596e-12 3.5670266987911980e-11 
1.1901110197591982e-11 3.5531961896342739e-12 2.3417755403440041e-12 3.5708016286509693e-11 
1.1987419814046041e-11 3.5254443236849093e-12 2.4003825023156260e-12 3.5740214363747710e-11 
1.2069998708903353e-11 3.5013263355618192e-12 2.4597210791512517e-12 3.5766063754921072e-11 
1.2148583487575092e-11 3.4809041256613578e-12 2.5194668167166519e-12 3.5785296246201590e-11 
1.2222848438784464e-11 3.4641238350644182e-12 2.5793700121266808e-12 3.5797347177760915e-11 
1.2292499356366457e-11 3.4510058682246358e-12 2.6391383067143388e-12 3.5801716853237904e-11 
1.2357343036270150e-11 3.4414737129205523e-12 2.6985556664738307e-12 3.5798240832872572e-11 
1.2417085009673630e-11 3.4354869759346194e-12 2.7573972344178620e-12 3.5786200976083007e-11 
1.2471582145071167e-11 3.4329259695870679e-12 2.8154576928550038e-12 3.5765665848649111e-11 
1.2520578421437877e-11 3.4336925874169911e-12 2.8725782808771515e-12 3.5736029356113357e-11 
1.2563949579297122e-11 3.4376539728360990e-12 2.9285854179364579e-12 3.5697169745524959e-11 
1.2601521965250259e-11 3.4447221827822686e-12 2.9833324435836228e-12 3.5648812564861484e-11 
1.2633203053275088e-11 3.4547314354085035e-12 3.0366826392384924e-12 3.5590913781937116e-11 
1.2658852677611500e-11 3.4674408323944342e-12 3.0884963596377906e-12 3.5523284713854199e-11 
1.2678343587912646e-11 3.4828378070109095e-12 3.1386935202801432e-12 3.5445574767772774e-11 
1.2691698973240207e-11 3.5006425842081756e-12 3.1871418547454782e-12 3.5358190751086694e-11 
1.2698769709531128e-11 3.5206944469759918e-12 3.2337546181637718e-12 3.5260757944313588e-11 
1.2699547641185039e-11 3.5428496612597350e-12 3.2784333034047183e-12 3.5153450098972326e-11 
1.2694029477893519e-11 3.5669589874708336e-12 3.3210813748309553e-12 3.5036384729893719e-11 
1.2682171553133131e-11 3.5927107147919074e-12 3.3616567065282687e-12 3.4909524765795186e-11 
1.2664020039275092e-11 3.6201400385730701e-12 3.4000504489764699e-12 3.4773177514172714e-11 
1.2639590164372380e-11 3.6488032709457905e-12 3.4362158729478123e-12 3.4627549570505423e-11 
1.2608878479039120e-11 3.6787311775251933e-12 3.4700793033760445e-12 3.4472638556675003e-11 
1.2571958229947306e-11 3.7096832271095229e-12 3.5015977859639974e-12 3.4308865381373366e-11 
1.2528920703173512e-11 3.7415015208466468e-12 3.5307165051499992e-12 3.4136599374781098e-11 
1.2479819234490500e-11 3.7739502793716223e-12 3.5573911440435749e-12 3.3956037687762595e-11 
1.2424752494574935e-11 3.8070475119417369e-12 3.5815447028776470e-12 3.3767559950599207e-11 
1.2363823448291588e-11 3.8404179302267995e-12 3.6031828866678883e-12 3.3571593439594295e-11 
1.2297123795216322e-11 3.8740819245335504e-12 3.6222332915102846e-12 3.3368408600816992e-11 
1.2224804611264677e-11 3.9077580776740738e-12 3.6386934480337223e-12 3.3158592652733372e-11 
1.2146983122282182e-11 3.9414401119022072e-12 3.6525232791668619e-12 3.2942378957401040e-11 
1.2063862515404559e-11 3.9748172199978650e-12 3.6637152362412061e-12 3.2720672000701008e-11 
1.1975487662664335e-11 4.0078986130677802e-12 3.6722346638310062e-12 3.2493257144001833e-11 
1.1882158334529017e-11 4.0404561858229189e-12 3.6780751428593384e-12 3.2261401569837145e-11 
1.1783920422847260e-11 4.0724468229740689e-12 3.6812321994663151e-12 3.2024823983691303e-11 
1.1681108662845707e-11 4.1036561126884260e-12 3.6816700567491848e-12 3.1784831171706018e-11 
1.1573775497805644e-11 4.1340371975013729e-12 3.6794406042083168e-12 3.1541219791885657e-11 
1.1462245345145420e-11 4.1634597633194112e-12 3.6745047568925451e-12 3.1295076149158150e-11 
1.1346657415900144e-11 4.1917460217388206e-12 3.6668990250757746e-12 3.1046613715185994e-11 
1.1227269878454563e-11 4.2189184664458186e-12 3.6566116369719795e-12 3.0796399848955582e-11 
1.1104301526115786e-11 4.2446868379528058e-12 3.6436890721297698e-12 3.0544990355337950e-11 
1.0978009995856259e-11 4.2691057502294369e-12 3.6281372494416498e-12 3.0292937979733871e-11 
1.0848650363190430e-11 4.2920337146601058e-12 3.6099960832253971e-12 3.0040708050988824e-11 
1.0716475585907509e-11 4.3133521186910632e-12 3.5892848495350411e-12 2.9788863684941036e-11 
1.0581758107947339e-11 4.3330152453029229e-12 3.5660449113282143e-12 2.9537898057881657e-11 
1.0444770418409778e-11 4.3509943966976271e-12 3.5403224592478330e-12 2.9288219917428824e-11 
1.0305845763605574e-11 4.3670706201462858e-12 3.5121759567349936e-12 2.9040533313012218e-11 
1.0165213930870903e-11 4.3812725420932679e-12 3.4816473540179663e-12 2.8795112902905846e-11 
1.0023249911941790e-11 4.3935790029342966e-12 3.4487884833258986e-12 2.8552547775815496e-11 
9.8802362944973973e-12 4.4038154976348333e-12 3.4136794090774785e-12 2.8313229243290094e-11 
9.7365146883881658e-12 4.4120533719654010e-12 3.3763667052823728e-12 2.8077671373497467e-11 
9.5924278809907434e-12 4.4181435904450611e-12 3.3369369004788850e-12 2.7846274479389054e-11 
9.4483080138188319e-12 4.4221264181711408e-12 3.2954698129082231e-12 2.7619386872871431e-11 
9.3045584457935208e-12 4.4239725093311555e-12 3.2520242697791229e-12 2.7397628509893563e-11 
9.1614742787872846e-12 4.4235964748137941e-12 3.2066952069024350e-12 2.7181176105730608e-11 
9.0194907610746010e-12 4.4210614838191450e-12 3.1595774652714467e-12 2.6970528563765792e-11 
8.8789856243870763e-12 4.4162860131345037e-12 3.1107591945843220e-12 2.6766116958524478e-11 
8.7403367277097500e-12 4.4093065371677674e-12 3.0603416031986460e-12 2.6568180964672540e-11 
8.6039722968669164e-12 4.4001311615322827e-12 3.0084080395234346e-12 2.6377177259269985e-11 
8.4702900388949632e-12 4.3887840374025035e-12 2.9550838125129325e-12 2.6193380333974261e-11 
8.3396910930462381e-12 4.3752269833004703e-12 2.9004643628938523e-12 2.6017081779350105e-11 
8.2126110553651580e-12 4.3595868328512952e-12 2.8446540448244778e-12 2.5848654048114099e-11 
8.0894445327910927e-12 4.3417634577871549e-12 2.7877931039197528e-12 2.5688282190705318e-11 
7.9706106663634659e-12 4.3218993707119462e-12 2.7299774830669135e-12 2.5536235858530161e-11 
7.8565188889802186e-12 4.2999853773094353e-12 2.6713366936697721e-12 2.5392752634430942e-11 
7.7475748736538256e-12 4.2760934922826761e-12 2.6119998217720376e-12 2.5258025843567732e-11 
7.6441513125609309e-12 4.2502628610141859e-12 2.5520853493345655e-12 2.5132171970884772e-11 
7.5466346922239982e-12 4.2225605471725465e-12 2.4917440106459420e-12 2.5015395052743019e-11 
7.4553575885209946e-12 4.1930489456216195e-12 2.4311157888952605e-12 2.4907768655376051e-11 
7.3706669838001896e-12 4.1618054432930647e-12 2.3703317882920378e-12 2.4809447938576044e-11 
7.2928433691184863e-12 4.1289069508302772e-12 2.3095625758602165e-12 2.4720329157283801e-11 
7.2221609896747872e-12 4.0943936301290210e-12 2.2489564382991596e-12 2.4640483740014222e-11 
7.1588259159982354e-12 4.0583942271982321e-12 2.1886742666905303e-12 2.4569847847822311e-11 
7.1030379556102112e-12 4.0209616140441475e-12 2.1288786394126267e-12 2.4508422392462525e-11 
7.0548983641452219e-12 3.9821839225071403e-12 2.0697670819563077e-12 2.4455884001493760e-11 
7.0145279253113980e-12 3.9421564593526297e-12 2.0115214934329549e-12 2.4412299454558557e-11 
6.9819537066745970e-12 3.9009694924353434e-12 1.9543305225147885e-12 2.4377379101202559e-11 
6.9571425220986077e-12 3.8587034959259882e-12 1.8983933221929511e-12 2.4350839077203149e-11 
6.9400495383196187e-12 3.8154804525326054e-12 1.8439356107340702e-12 2.4332495478922547e-11 
6.9305284830489111e-12 3.7713601549995413e-12 1.7911739282393429e-12 2.4321957574864584e-11 
6.9284102848299750e-12 3.7264697809088668e-12 1.7403393258798209e-12 2.4318890119185629e-11 
6.9334782088518005e-12 3.6809038197548788e-12 1.6916773560548011e-12 2.4322906578762180e-11 
6.9454658072737924e-12 3.6347496350335641e-12 1.6454381157437502e-12 2.4333597794268344e-11 
6.9640682953180653e-12 3.5881171060986441e-12 1.6018680253437796e-12 2.4350487591149612e-11 
6.9889355634039393e-12 3.5410804929446558e-12 1.5612299393928762e-12 2.4373074871153908e-11 
7.0196945233612431e-12 3.4937706227574240e-12 1.5237635848873030e-12 2.4400888847845358e-11 
7.0559507742028641e-12 3.4462632334236258e-12 1.4897283919998038e-12 2.4433383498475388e-11 
7.0972819851784645e-12 3.3986781571038743e-12 1.4593478235510338e-12 2.4470068595047687e-11 
7.1432533549654737e-12 3.3511025773865760e-12 1.4328400324040506e-12 2.4510346132228505e-11 
7.1934147885114033e-12 3.3036449328214227e-12 1.4103890220020002e-12 2.4553651819738785e-11 
7.2473187423502458e-12 3.2563955508519144e-12 1.3921457942007172e-12 2.4599438526343647e-11 
7.3045064587302244e-12 3.2094744990255378e-12 1.3782203121022363e-12 2.4647110910343916e-11 
7.3645255126860597e-12 3.1629778728398428e-12 1.3686750365442051e-12 2.4696095288272877e-11 
7.4269350689722196e-12 3.1170103955185048e-12 1.3635224566256305e-12 2.4745809013348798e-11 
7.4912957214519709e-12 3.0716548266045984e-12 1.3627099811084725e-12 2.4795732216709914e-11 
7.5571746899401477e-12 3.0270380928848494e-12 1.3661597289251846e-12 2.4845236429184124e-11 
7.6241576075558194e-12 2.9832605018316584e-12 1.3737138186703457e-12 2.4893824546311165e-11 
7.6918546340472411e-12 2.9404241784657289e-12 1.3851987652414198e-12 2.4940977291130328e-11 
7.7598755439898576e-12 2.8986019774424674e-12 1.4003796851012802e-12 2.4986199887045627e-11 
7.8278513641421219e-12 2.8579507865128775e-12 1.4190110791628337e-12 2.5028961595843800e-11 
7.8954496743035358e-12 2.8185395553273432e-12 1.4408039239174053e-12 2.5068878835224090e-11 
7.9622969770345246e-12 2.7804895757854130e-12 1.4654836506267226e-12 2.5105378101484429e-11 
8.0281413465447035e-12 2.7438944265951504e-12 1.4927449401240734e-12 2.5138271355504941e-11 
8.0926322965440060e-12 2.7088821051514798e-12 1.5223086161677928e-12 2.5166907308247505e-11 
8.1555387033727537e-12 2.6755314683034722e-12 1.5538751465910811e-12 2.5191153896930003e-11 
8.2165693595054382e-12 2.6439320605376909e-12 1.5871568279857788e-12 2.5210571483737871e-11 
8.2754974498832187e-12 2.6142350765595933e-12 1.6218902061672274e-12 2.5224875644336330e-11 
8.3321114315173384e-12 2.5864520371481491e-12 1.6578113619138169e-12 2.5233898375305170e-11 
8.3861764326699014e-12 2.5607126615036365e-12 1.6946939034923193e-12 2.5237239665982554e-11 
8.4375341884916335e-12 2.5370915712032755e-12 1.7322822947389918e-12 2.5234885980791153e-11 
8.4859762904434354e-12 2.5156804217551670e-12 1.7703792973815741e-12 2.5226487244183317e-11 
8.5313623590489373e-12 2.4965007343466960e-12 1.8087889414148722e-12 2.5211956199930217e-11 
8.5735573907649334e-12 2.4796682808097720e-12 1.8473193742659510e-12 2.5191270045979305e-11 
8.6124169912377720e-12 2.4651587602916043e-12 1.8857818597196379e-12 2.5164279877946191e-11 
8.6478058099961341e-12 2.4530422699919573e-12 1.9240576268734652e-12 2.5130873606344907e-11 
8.6796505128935901e-12 2.4433251089407956e-12 1.9619490918385021e-12 2.5091057771925507e-11 
8.7078635205580531e-12 2.4360226043426031e-12 1.9993536519238044e-12 2.5044910904950294e-11 
8.7323339828023384e-12 2.4311080758148915e-12 2.0361257160482640e-12 2.4992283158192287e-11 
8.7530115477743742e-12 2.4285764255288145e-12 2.0721565229948281e-12 2.4933356347347269e-11 
8.7698108526512995e-12 2.4283377547622880e-12 2.1073373206419120e-12 2.4868114444156243e-11 
8.7827039602403728e-12 2.4304485833360467e-12 2.1415491291703928e-12 2.4796632151104613e-11 
8.7916523201616858e-12 2.4347412627437672e-12 2.1747051301652669e-12 2.4718998871441577e-11 
8.7966311133242496e-12 2.4411985887442757e-12 2.2067307401057581e-12 2.4635313650154243e-11 
8.7976266003698123e-12 2.4497200082806133e-12 2.2375334073630985e-12 2.4545843910490143e-11 
8.7946084505385258e-12 2.4601171678032898e-12 2.2670504181242905e-12 2.4450607525685104e-11 
8.7875624045451227e-12 2.4724248916212825e-12 2.2951975502921486e-12 2.4349677357921513e-11 
8.7765254644351565e-12 2.4863911920276871e-12 2.3219316612679699e-12 2.4243401397948244e-11 
8.7614698125879919e-12 2.5019406727975259e-12 2.3471972504131561e-12 2.4131820680718662e-11 
8.7424290007720828e-12 2.5189142314446678e-12 2.3709361387241326e-12 2.4015047434747423e-11 
8.7194523238484641e-12 2.5372257908761810e-12 2.3931068092942707e-12 2.3893474263884461e-11 
8.6925559677518937e-12 2.5566266411737557e-12 2.4136832462092931e-12 2.3767234529204095e-11 
8.6617573648297446e-12 2.5770654959481736e-12 2.4326204771553391e-12 2.3636342885882503e-11 
8.6271518470306889e-12 2.5983881487576567e-12 2.4498797728913481e-12 2.3501283020331130e-11 
8.5887482559439284e-12 2.6203802918117904e-12 2.4654364932346360e-12 2.3362078075868594e-11 
8.5466033030383534e-12 2.6429784196447952e-12 2.4793041765252465e-12 2.3218932471531503e-11 
8.5008310831300727e-12 2.6659856340387285e-12 2.4914402985666413e-12 2.3072201091316111e-11 
8.4514716866536253e-12 2.6892346616591112e-12 2.5018270399639743e-12 2.2922116011477509e-11 
8.3985773297857875e-12 2.7126369791529830e-12 2.5104710271250222e-12 2.2768687320037928e-11 
8.3422563333002081e-12 2.7360295233352798e-12 2.5173832833190287e-12 2.2612306284611985e-11 
8.2826109865374895e-12 2.7593470534698388e-12 2.5225241662676021e-12 2.2453184444609143e-11 
8.2197391118710917e-12 2.7823834365734693e-12 2.5259432101377877e-12 2.2291600921211161e-11 
8.1537097948809345e-12 2.8051055373768105e-12 2.5276215402591851e-12 2.2127685335994261e-11 
8.0846798529076802e-12 2.8273541982664569e-12 2.5275845774307517e-12 2.1961879122924254e-11 
8.0127227942982309e-12 2.8489998126475200e-12 2.5258274924701976e-12 2.1794250760940181e-11 
7.9380047049978872e-12 2.8700642030127958e-12 2.5223772207956603e-12 2.1625177063632709e-11 
7.8606348411051223e-12 2.8902807735245522e-12 2.5172466579242223e-12 2.1454939224932777e-11 
7.7807214937136899e-12 2.9097404688658365e-12 2.5104730426708454e-12 2.1283659077667205e-11 
7.6984723112426141e-12 2.9282680645732201e-12 2.5020655185559123e-12 2.1111987699466678e-11 
7.6139626340163776e-12 2.9458281749171296e-12 2.4920538094530453e-12 2.0939698485164481e-11 
7.5274006967848241e-12 2.9623476377997129e-12 2.4804742334417443e-12 2.0767371479264493e-11 
7.4389831089929623e-12 2.9777850774602249e-12 2.4673430996359824e-12 2.0595526472561719e-11 
7.3487934347657636e-12 2.9920526135590673e-12 2.4527071118702533e-12 2.0423981843667766e-11 
7.2570762447652770e-12 3.0051912335398736e-12 2.4365865566503975e-12 2.0253472177381366e-11 
7.1640116618758773e-12 3.0170607535515182e-12 2.4190298531203651e-12 2.0084203279884964e-11 
7.0697587530091846e-12 3.0276812849764883e-12 2.4000674890179088e-12 1.9916345496445289e-11 
6.9745624532046931e-12 3.0370356883249189e-12 2.3797320293432293e-12 1.9750445672766889e-11 
6.8786197982715539e-12 3.0450968435991425e-12 2.3580681316217129e-12 1.9586823189445591e-11 
6.7821586651611643e-12 3.0518134010807563e-12 2.3351056186106789e-12 1.9425771497102793e-11 
6.6853845162037369e-12 3.0572378369795228e-12 2.3108986043357235e-12 1.9267627565393942e-11 
6.5885390075790391e-12 3.0612750436026239e-12 2.2854725369921271e-12 1.9112749562607271e-11 
6.4918380600041982e-12 3.0640246194426791e-12 2.2588687519278536e-12 1.8961419213758240e-11 
6.3955719703176608e-12 3.0654087764209356e-12 2.2311482957751686e-12 1.8814097928492628e-11 
6.2999664580261919e-12 3.0654467226577421e-12 2.2023403921747841e-12 1.8671090565059750e-11 
6.2052574706613645e-12 3.0641645862704796e-12 2.1724942615211895e-12 1.8532645522419818e-11 
6.1117258213900900e-12 3.0615195529096492e-12 2.1416480290450799e-12 1.8398995492840614e-11 
6.0196586953384074e-12 3.0576126870545211e-12 2.1098393284585514e-12 1.8270656813864458e-11 
5.9292711590457314e-12 3.0523246741586018e-12 2.0771333371390996e-12 1.8147728150386392e-11 
5.8408602932014227e-12 3.0458063201692921e-12 2.0435743988844808e-12 1.8030465362864336e-11 
5.7546998161149000e-12 3.0379881044259427e-12 2.0092033167885093e-12 1.7919187008470155e-11 
5.6710421496805561e-12 3.0289214199402456e-12 1.9740743283856021e-12 1.7814024047537961e-11 
5.5901588604629904e-12 3.0185965878601068e-12 1.9382459655103468e-12 1.7715162998446009e-11 
5.5123215816275292e-12 3.0070556877830245e-12 1.9017626964721923e-12 1.7622786734407155e-11 
5.4377677071366082e-12 2.9943032842796838e-12 1.8646812018619145e-12 1.7537040178355248e-11 
5.3667354276722409e-12 2.9804016492552905e-12 1.8270626434123344e-12 1.7457831648381942e-11 
5.2994972187723625e-12 2.9653248713491537e-12 1.7889609223677013e-12 1.7385470987876334e-11 
5.2362186337739485e-12 2.9490956518627440e-12 1.7504529074766771e-12 1.7319698241531942e-11 
5.1771472508868762e-12 2.9317838269439993e-12 1.7115752605085230e-12 1.7260716995904604e-11 
5.1224397206120164e-12 2.9133585448083495e-12 1.6724358369129127e-12 1.7208291581713583e-11 
5.0722824870871687e-12 2.8938843007336654e-12 1.6330755447888021e-12 1.7162464893961119e-11 
5.0267804467659584e-12 2.8733589624807709e-12 1.5936105577695775e-12 1.7122964264521148e-11 
4.9860845817979443e-12 2.8518192470011325e-12 1.5540917374455310e-12 1.7089771781424868e-11 
4.9502443905804616e-12 2.8292794167353161e-12 1.5146237046731320e-12 1.7062528385735328e-11 
4.9193517770975821e-12 2.8057883882573689e-12 1.4752927531061301e-12 1.7041153519265476e-11 
4.8934000822601717e-12 2.7813390136241096e-12 1.4362157510321553e-12 1.7025249076320329e-11 
4.8724090799566978e-12 2.7560121136385871e-12 1.3974877692756691e-12 1.7014641194062260e-11 
4.8563377637237614e-12 2.7297937042387254e-12 1.3592532934568644e-12 1.7008991646824217e-11 
4.8451124995372126e-12 2.7027418251848907e-12 1.3216142489912663e-12 1.7007964785220760e-11 
4.8386522378191236e-12 2.6748795747658939e-12 1.2847083408466487e-12 1.7011267576021937e-11 
4.8368140957156324e-12 2.6462362527791840e-12 1.2487035598649499e-12 1.7018442955417352e-11 
4.8394646670702936e-12 2.6168753265023888e-12 1.2137326222910502e-12 1.7029228089179730e-11 
4.8464152475838280e-12 2.5868194117199357e-12 1.1799763448605866e-12 1.7043206450797849e-11 
4.8574821781450462e-12 2.5561058398846003e-12 1.1476010649862588e-12 1.7059986318074525e-11 
4.8724562232141084e-12 2.5247852889669167e-12 1.1167790807921102e-12 1.7079252623699716e-11 
4.8910891162357538e-12 2.4929145014548874e-12 1.0877237150722640e-12 1.7100558630614326e-11 
4.9131694360832248e-12 2.4605409274294303e-12 1.0606052216097428e-12 1.7123648620159232e-11 
4.9384115775940217e-12 2.4277486010551368e-12 1.0356202859796630e-12 1.7148066646211155e-11 
4.9665795320367113e-12 2.3945648060420101e-12 1.0129588307413371e-12 1.7173505652462206e-11 
4.9973939674656030e-12 2.3610710241680970e-12 9.9280719553748932e-13 1.7199586947849965e-11 
5.0305904711533599e-12 2.3273263289050949e-12 9.7533092384382221e-13 1.7225991933872256e-11 
5.0659059878180403e-12 2.2934249110737994e-12 9.6067551249083734e-13 1.7252418169334236e-11 
5.1030768828153199e-12 2.2594102982623897e-12 9.4896311142246074e-13 1.7278560119801318e-11 
5.1418290589107284e-12 2.2253910733509418e-12 9.4028121822733677e-13 1.7304100740336816e-11 
5.1819289836898285e-12 2.1914435332149946e-12 9.3468236364788714e-13 1.7328847916567704e-11 
5.2231086759436850e-12 2.1576542381434728e-12 9.3217833500857806e-13 1.7352472505383775e-11 
5.2651345836198052e-12 2.1241372083565011e-12 9.3274269156175292e-13 1.7374793805683844e-11 
5.3077576709377050e-12 2.0909652150109306e-12 9.3629993758607376e-13 1.7395567827962349e-11 
5.3507703829686324e-12 2.0582837974616640e-12 9.4274603508927493e-13 1.7414576367071691e-11 
5.3939505551209511e-12 2.0261309037855356e-12 9.5194024863795849e-13 1.7431713290697764e-11 
5.4370678471295612e-12 1.9946823229440445e-12 9.6370158652043532e-13 1.7446669210603694e-11 
5.4799709420831168e-12 1.9640512761998839e-12 9.7783482827819658e-13 1.7459448371683247e-11 
5.5224286422406278e-12 1.9342569772062484e-12 9.9414023224451260e-13 1.7469813154267922e-11 
5.5642803103250942e-12 1.9055330320079993e-12 1.0123947019155130e-12 1.7477663933290959e-11 
5.6053432569736551e-12 1.8778889250868333e-12 1.0323831092585818e-12 1.7482841290008110e-11 
5.6454670877987298e-12 1.8514982762083689e-12 1.0538856828136339e-12 1.7485295451441804e-11 
5.6845094449027778e-12 1.8264654720619867e-12 1.0766745825252858e-12 1.7484947790878270e-11 
5.7222928889301548e-12 1.8028809610153984e-12 1.1005600398651765e-12 1.7481638770825708e-11 
5.7587190764002102e-12 1.7808101659387015e-12 1.1253406395197849e-12 1.7475432688867636e-11 
5.7936348769675014e-12 1.7604369831721117e-12 1.1508284132140208e-12 1.7466123536226957e-11 
5.8269672735896140e-12 1.7417458162058765e-12 1.1768537100405783e-12 1.7453840417220684e-11 
5.8585365251611982e-12 1.7248578795832718e-12 1.2032624462789085e-12 1.7438268357449476e-11 
5.8883052249410869e-12 1.7098104115784782e-12 1.2298831852932585e-12 1.7419662155721153e-11 
5.9161185673831400e-12 1.6966842422340161e-12 1.2566116274351955e-12 1.7397708792675698e-11 
5.9419380583672495e-12 1.6855004212846200e-12 1.2833093563159668e-12 1.7372575351662871e-11 
5.9656456474418721e-12 1.6762597262089483e-12 1.3098550405960863e-12 1.7344125925391684e-11 
5.9871983278711544e-12 1.6690337225145068e-12 1.3361417801239788e-12 1.7312497172917958e-11 
6.0064749967782054e-12 1.6637347499238531e-12 1.3621075692143294e-12 1.7277374483182417e-11 
6.0235008890551901e-12 1.6604559830014450e-12 1.3876126050794733e-12 1.7239175422567735e-11 
6.0381214919685292e-12 1.6589607298253335e-12 1.4126308346871615e-12 1.7197483919777473e-11 
6.0503484765848638e-12 1.6594247770596857e-12 1.4370576540925661e-12 1.7152506025312569e-11 
6.0601443442096199e-12 1.6616373251965372e-12 1.4608442177838129e-12 1.7104374732638666e-11 
6.0674202012027910e-12 1.6655509340238363e-12 1.4839341036751138e-12 1.7052747154741195e-11 
6.0722038855434013e-12 1.6711422660960726e-12 1.5062712858304637e-12 1.6997985342292355e-11 
6.0744107048362195e-12 1.6782563653534000e-12 1.5278035631197591e-12 1.6939838234734217e-11 
6.0740779560158890e-12 1.6867899356296353e-12 1.5484978739070340e-12 1.6878659910056687e-11 
6.0711037441249921e-12 1.6966936227592022e-12 1.5683351331633709e-12 1.6813994961926328e-11 
6.0655953544016010e-12 1.7078439095114168e-12 1.5872467394084554e-12 1.6746389920428260e-11 
6.0574620921860504e-12 1.7200641644594691e-12 1.6052304193841453e-12 1.6675535804059136e-11 
6.0467474014727013e-12 1.7332729544596696e-12 1.6222467815056812e-12 1.6601737660783346e-11 
6.0334141540236252e-12 1.7473925030028554e-12 1.6382792343932398e-12 1.6524875210457474e-11 
6.0175067531384073e-12 1.7623215833861285e-12 1.6533056233030952e-12 1.6445052835951918e-11 
5.9990512151132694e-12 1.7778643179616845e-12 1.6673060783339937e-12 1.6362497678915272e-11 
5.9780284326694805e-12 1.7939832088679764e-12 1.6802687383362278e-12 1.6277026920871044e-11 
5.9545294183061671e-12 1.8106006009468457e-12 1.6921811979991344e-12 1.6189029803250497e-11 
5.9285436973514963e-12 1.8274994163339629e-12 1.7030422454635140e-12 1.6098450989471324e-11 
5.9001039558600816e-12 1.8446944595696255e-12 1.7128232832218997e-12 1.6005414665211902e-11 
5.8692689686822557e-12 1.8620788458842944e-12 1.7215300046941412e-12 1.5910091488756342e-11 
5.8360946737811165e-12 1.8795208535321175e-12 1.7291476696595049e-12 1.5812696767253578e-11 
5.8006060043784984e-12 1.8969943901115216e-12 1.7356781445974060e-12 1.5713094660704045e-11 
5.7629445517134197e-12 1.9143951460812396e-12 1.7411042185088687e-12 1.5612001132003815e-11 
5.7230428499782213e-12 1.9316151198119081e-12 1.7454548921623660e-12 1.5508935562573133e-11 
5.6810793454190862e-12 1.9486754983503849e-12 1.7486895218247509e-12 1.5404535812828180e-11 
5.6370804698381142e-12 1.9654141084838404e-12 1.7508311552196591e-12 1.5298820774119586e-11 
5.5911179520362886e-12 1.9818577531663316e-12 1.7518778737273679e-12 1.5191933356186827e-11 
5.5433068980529860e-12 1.9979006663203548e-12 1.7518229758518876e-12 1.5084198178759099e-11 
5.4937340866471326e-12 2.0134695008143811e-12 1.7506706031752085e-12 1.4975933144330045e-11 
5.4424349877698232e-12 2.0285952634609934e-12 1.7484384785380101e-12 1.4866984617394193e-11 
5.3895692097633375e-12 2.0431819143352428e-12 1.7451024988595677e-12 1.4758016183659126e-11 
5.3351882260388312e-12 2.0571851754153360e-12 1.7406842157798059e-12 1.4648844470589291e-11 
5.2794663040398788e-12 2.0705935009343344e-12 1.7351846358444995e-12 1.4540103676356998e-11 
5.2224506115982315e-12 2.0833291716541591e-12 1.7286175090788623e-12 1.4431769143918016e-11 
5.1642811237089093e-12 2.0953829435258702e-12 1.7209677120775120e-12 1.4324120471823345e-11 
5.1050678861958259e-12 2.1067137852187334e-12 1.7122798218713230e-12 1.4217408714249694e-11 
5.0449186315986099e-12 2.1173309996783540e-12 1.7025267236102394e-12 1.4111796954865207e-11 
4.9839966463326360e-12 2.1271111829330640e-12 1.6917495484037336e-12 1.4007681443823951e-11 
4.9223730395207032e-12 2.1361105245364054e-12 1.6799181176785809e-12 1.3905005179021885e-11 
4.8602253236210656e-12 2.1443405076364410e-12 1.6670721046772587e-12 1.3804186043443372e-11 
4.7976972869763952e-12 2.1516162236275954e-12 1.6532302813497092e-12 1.3705573779613238e-11 
4.7348819096526452e-12 2.1580686494027000e-12 1.6383958484909849e-12 1.3608958271350053e-11 
4.6719661924579604e-12 2.1636022090336539e-12 1.6225999661248502e-12 1.3514899872361647e-11 
4.6090762715436442e-12 2.1682220551371476e-12 1.6058242319209557e-12 1.3423404927729264e-11 
4.5463577957366473e-12 2.1718795785639343e-12 1.5881268680585431e-12 1.3334637206392763e-11 
4.4839633427134150e-12 2.1746093316349803e-12 1.5695129546593617e-12 1.3248676895757345e-11 
4.4220740524079448e-12 2.1763458943313843e-12 1.5499908739548844e-12 1.3165918574405639e-11 
4.3607927288382251e-12 2.1771011494273345e-12 1.5296149845177785e-12 1.3086156433877094e-11 
4.3003270291141876e-12 2.1768637733500589e-12 1.5083889716817169e-12 1.3009793838188282e-11 
4.2407700291799221e-12 2.1756062588509668e-12 1.4863445751130896e-12 1.2936612342607051e-11 
4.1823562701526160e-12 2.1733239241849837e-12 1.4635225079891136e-12 1.2866969012635924e-11 
4.1251749714926043e-12 2.1700149623819975e-12 1.4399502500825899e-12 1.2800644411361365e-11 
4.0694640185258773e-12 2.1656900121853562e-12 1.4156579122922127e-12 1.2737952226567846e-11 
4.0153066324604496e-12 2.1602693043266377e-12 1.3906926726941891e-12 1.2678686419996378e-11 
3.9628763226551793e-12 2.1538355692152278e-12 1.3650859526199258e-12 1.2622916815385518e-11 
3.9123588209899179e-12 2.1463658447898558e-12 1.3388831352212992e-12 1.2570750745995333e-11 
3.8638785889013905e-12 2.1378231787593102e-12 1.3121434965646611e-12 1.2522076287024750e-11 
3.8175812899214649e-12 2.1282749196354439e-12 1.2848928968869145e-12 1.2476861804811365e-11 
3.7736129086573646e-12 2.1176920149341021e-12 1.2571986775475345e-12 1.2435045174059340e-11 
3.7321303376093659e-12 2.1060818542562612e-12 1.2291001979350191e-12 1.2396721496427460e-11 
3.6931991513420399e-12 2.0934463621161305e-12 1.2006692812772206e-12 1.2361604819153624e-11 
3.6569770833812928e-12 2.0798365662802027e-12 1.1719660656027600e-12 1.2329693384601585e-11 
3.6235657838866902e-12 2.0652172131725095e-12 1.1430536086021213e-12 1.2300972865611425e-11 
3.5930252536962414e-12 2.0496544412506538e-12 1.1140161016538989e-12 1.2275189452178781e-11 
3.5654908843277301e-12 2.0331529235594998e-12 1.0849005376043106e-12 1.2252477341088121e-11 
3.5409684716614186e-12 2.0157424772604345e-12 1.0558087224742167e-12 1.2232460113522013e-11 
3.5195611668997958e-12 1.9974508815217648e-12 1.0268127609805443e-12 1.2215269239631925e-11 
3.5012714720634043e-12 1.9782966966932036e-12 9.9800795328597613e-13 1.2200678322674796e-11 
3.4861266442592554e-12 1.9583498889368208e-12 9.6947919479127596e-13 1.2188613630903920e-11 
3.4741320545211695e-12 1.9376082785666825e-12 9.4134612890096338e-13 1.2178941181487882e-11 
3.4652598854437066e-12 1.9161588688676908e-12 9.1368734628701807e-13 1.2171499719739205e-11 
3.4594929958451085e-12 1.8939865579773586e-12 8.8663861311941273e-13 1.2166242411456662e-11 
3.4567627773332369e-12 1.8711927634913362e-12 8.6031388891710601e-13 1.2162955845204963e-11 
3.4570234268622006e-12 1.8477948482476220e-12 8.3483586740976096e-13 1.2161611646967935e-11 
3.4601871952520883e-12 1.8238662173648841e-12 8.1034342519439948e-13 1.2162059879167762e-11 
3.4661543009205444e-12 1.7994535917591532e-12 7.8696191295592192e-13 1.2164177343439531e-11 
3.4748233090594136e-12 1.7746080118853855e-12 7.6483932400896807e-13 1.2167882574768982e-11 
3.4860597642119549e-12 1.7493981575600739e-12 7.4411253112266608e-13 1.2172968622308062e-11 
3.4997447743388203e-12 1.7238863645754601e-12 7.2493495939148783e-13 1.2179384073188367e-11 
3.5157211542782990e-12 1.6981353681315068e-12 7.0744388951355561e-13 1.2186935700921328e-11 
3.5338464729057151e-12 1.6722072660947551e-12 6.9177767006620003e-13 1.2195547947039772e-11 
3.5539631616840071e-12 1.6461812930614993e-12 6.7806381792220912e-13 1.2205064869537864e-11 
3.5759060391632853e-12 1.6201320868290613e-12 6.6641563875509311e-13 1.2215355491147036e-11 
3.5995085087553988e-12 1.5941316547526970e-12 6.5692433150396067e-13 1.2226307719077847e-11 
3.6246093247516138e-12 1.5682284971589151e-12 6.4967294744301608e-13 1.2237805596244181e-11 
3.6510331337431410e-12 1.5425397144277461e-12 6.4469279836371584e-13 1.2249682338379620e-11 
3.6786078763238369e-12 1.5171088775747698e-12 6.4199942946662855e-13 1.2261827411984603e-11 
3.7071690967140785e-12 1.4920321107340832e-12 6.4157902514438737e-13 1.2274085929243967e-11 
3.7365496512255110e-12 1.4673819551352019e-12 6.4337853125650142e-13 1.2286365006316962e-11 
3.7665797343363231e-12 1.4432451743087658e-12 6.4732565510875222e-13 1.2298469108039359e-11 
3.7971040324971801e-12 1.4197026079488807e-12 6.5332734694178270e-13 1.2310308878027082e-11 
3.8279574841630285e-12 1.3968238068644529e-12 6.6125349948426928e-13 1.2321706751106295e-11 
3.8589965683226209e-12 1.3746761146282660e-12 6.7096532506218379e-13 1.2332577068946999e-11 
3.8900728587460486e-12 1.3533626680389653e-12 6.8230416717756713e-13 1.2342774905526139e-11 
3.9210320542924154e-12 1.3329367866884489e-12 6.9512647900864182e-13 1.2352120780300932e-11 
3.9517460402157981e-12 1.3134835462868551e-12 7.0926798290203217e-13 1.2360553577883545e-11 
3.9820816728811810e-12 1.2950725257176308e-12 7.2457133784134264e-13 1.2367888113025911e-11 
4.0119137936904866e-12 1.2777575431623090e-12 7.4088699746525392e-13 1.2374007509435329e-11 
4.0411401222493267e-12 1.2616286104669659e-12 7.5807265059326130e-13 1.2378871502168276e-11 
4.0695950124100493e-12 1.2466681801637979e-12 7.7598315545729076e-13 1.2382176510082420e-11 
4.0972150476968397e-12 1.2330361651677041e-12 7.9449364578738146e-13 1.2383955464724048e-11 
4.1238917519104410e-12 1.2206946373108066e-12 8.1348345205750066e-13 1.2384090872820182e-11 
4.1495082592398631e-12 1.2096685027005748e-12 8.3283037415413897e-13 1.2382386584671102e-11 
4.1740033236211457e-12 1.2000974761422943e-12 8.5244648698181291e-13 1.2378839000771781e-11 
4.1972781266126377e-12 1.1918515336270540e-12 8.7223465123044648e-13 1.2373356218905622e-11 
4.2192270363090379e-12 1.1850553084119398e-12 8.9208472686301953e-13 1.2365673331354548e-11 
4.2398375910091644e-12 1.1796865074486176e-12 9.1193522489104715e-13 1.2356048612178167e-11 
4.2589595487813243e-12 1.1756948389667750e-12 9.3173496067464882e-13 1.2343934415397259e-11 
4.2766338455691690e-12 1.1731516273031128e-12 9.5136591550982922e-13 1.2329817322082177e-11 
4.2927261252613848e-12 1.1719268380874451e-12 9.7080560872304917e-13 1.2313283194836486e-11 
4.3072079105991343e-12 1.1721055172795966e-12 9.8996976239562150e-13 1.2294376774911266e-11 
4.3200471624451697e-12 1.1735394448849471e-12 1.0088337747470580e-12 1.2273130152876849e-11 
4.3311866204676055e-12 1.1762969095231557e-12 1.0273250963458941e-12 1.2249379420998022e-11 
4.3406135713476414e-12 1.1802447830980313e-12 1.0454018367483988e-12 1.2223287314330130e-11 
4.3482740863513450e-12 1.1853520435977466e-12 1.0630235864405766e-12 1.2194718978671704e-11 
4.3541451152208705e-12 1.1915638887052569e-12 1.0801629957218540e-12 1.2163745547980452e-11 
4.3582048995967221e-12 1.1988230720283497e-12 1.0967679861055841e-12 1.2130315846270329e-11 
4.3604524785156657e-12 1.2070504483563467e-12 1.1128013367219898e-12 1.2094530085744705e-11 
4.3608665902990433e-12 1.2161658825696880e-12 1.1282443216158267e-12 1.2056391233595155e-11 
4.3594372497651000e-12 1.2261008845093700e-12 1.1430663547396488e-12 1.2015888764304750e-11 
4.3561812988356319e-12 1.2368264799573876e-12 1.1572360138945176e-12 1.1973246476018123e-11 
4.3510639269446654e-12 1.2481676155653849e-12 1.1707166097515082e-12 1.1928300685908433e-11 
4.3441028452726608e-12 1.2601582266086568e-12 1.1835046072668081e-12 1.1881234625305221e-11 
4.3353180728312672e-12 1.2726655976599591e-12 1.1955566516533720e-12 1.1832127018619893e-11 
4.3247057597732642e-12 1.2856078404236006e-12 1.2068574536774795e-12 1.1781025687981812e-11 
4.3122741746416419e-12 1.2989656944906284e-12 1.2174051455758493e-12 1.1727967855987801e-11 
4.2980787808465625e-12 1.3125928633437751e-12 1.2271503783996413e-12 1.1673264598549984e-11 
4.2820769779500990e-12 1.3265059599242642e-12 1.2361049983017102e-12 1.1616625191421011e-11 
4.2643700320494141e-12 1.3405586569056195e-12 1.2442319469466332e-12 1.1558536432723115e-11 
4.2449247532111272e-12 1.3547267774192523e-12 1.2515396820146882e-12 1.1498874366501008e-11 
4.2238044153389311e-12 1.3689354018913624e-12 1.2579850091101431e-12 1.1437797972477686e-11 
4.2010364979894039e-12 1.3830991395019990e-12 1.2635788541287794e-12 1.1375525760601805e-11 
4.1766458128119222e-12 1.3972612117047781e-12 1.2683090706396450e-12 1.1311958043499937e-11 
4.1507011171682393e-12 1.4112021977462682e-12 1.2721610871000062e-12 1.1247465782511070e-11 
4.1231978122168183e-12 1.4249735057236344e-12 1.2751391459433890e-12 1.1181885359161746e-11 
4.0942295960765388e-12 1.4384884760607497e-12 1.2772232895756197e-12 1.1115580792436631e-11 
4.0637918897307699e-12 1.4516962389593780e-12 1.2784259043646970e-12 1.1048415992374060e-11 
4.0319955421793486e-12 1.4645953031032462e-12 1.2787196439057852e-12 1.0980802312951828e-11 
3.9988359601205750e-12 1.4770275193128051e-12 1.2781386359664627e-12 1.0912514919362476e-11 
3.9644296178473148e-12 1.4890532293629884e-12 1.2766617424179978e-12 1.0844029183864488e-11 
3.9287719328665893e-12 1.5005368295632464e-12 1.2742939781498249e-12 1.0775082130220055e-11 
3.8919856869913964e-12 1.5115278154406750e-12 1.2710353218945343e-12 1.0706133769438467e-11 
3.8540705102875732e-12 1.5219562608523556e-12 1.2668859383974535e-12 1.0636979547432465e-11 
3.8151534812915736e-12 1.5317661818952440e-12 1.2618773571380918e-12 1.0567994573082785e-11 
3.7752652894663727e-12 1.5409352815157207e-12 1.2559880471532810e-12 1.0499086711659853e-11 
3.7345024870827832e-12 1.5494507426074488e-12 1.2492682835028377e-12 1.0430451439759299e-11 
3.6929498237900034e-12 1.5572315951694057e-12 1.2416848509848696e-12 1.0362294881516457e-11 
3.6506547614502936e-12 1.5643491729960146e-12 1.2332780179731070e-12 1.0294447651935306e-11 
3.6077222220001810e-12 1.5706518843709723e-12 1.2240534724806821e-12 1.0227170308711712e-11 
3.5642420548547163e-12 1.5762265673865051e-12 1.2140370754699816e-12 1.0160572575095751e-11 
3.5202933075045299e-12 1.5809894636141980e-12 1.2032332334090167e-12 1.0094737375812307e-11 
3.4759593362225000e-12 1.5849394496672319e-12 1.1916709946151848e-12 1.0029658932044206e-11 
3.4313604598528079e-12 1.5881097093632504e-12 1.1793545913088824e-12 9.9655878804985350e-12 
3.3865933712323873e-12 1.5904058728219605e-12 1.1663328190079472e-12 9.9025683335058366e-12 
3.3417556049734182e-12 1.5919070844846122e-12 1.1526002312268958e-12 9.8406878512957216e-12 
3.2969725828789088e-12 1.5925532337304596e-12 1.1381962397823884e-12 9.7800654860534131e-12 
3.2523253763838222e-12 1.5923493887383801e-12 1.1231464403423472e-12 9.7206829641010964e-12 
3.2079684346083559e-12 1.5912806351077652e-12 1.1074573852113681e-12 9.6628186346925032e-12 
3.1639849561320256e-12 1.5893775597865142e-12 1.0911865442812345e-12 9.6063886391053874e-12 
3.1205214517924161e-12 1.5866151936263826e-12 1.0743315718672019e-12 9.5516112669437785e-12 
3.0776651133706251e-12 1.5830206073907832e-12 1.0569486953610097e-12 9.4984659300329773e-12 
3.0355832717727308e-12 1.5786107468056441e-12 1.0390592543548963e-12 9.4471022623405215e-12 
2.9944139521936012e-12 1.5733561506763687e-12 1.0206881236842134e-12 9.3977201408528867e-12 
2.9542440112586051e-12 1.5673230547391447e-12 1.0018786132673952e-12 9.3501310135163752e-12 
2.9152387012665659e-12 1.5604649426563190e-12 9.8266511718876071e-13 9.3046758901738237e-12 
2.8774853614892683e-12 1.5528302483460573e-12 9.6307733121377636e-13 9.2612329919737371e-12 
2.8411690051539915e-12 1.5444499555575346e-12 9.4315374618136535e-13 9.2200785867426309e-12 
2.8063742911159844e-12 1.5353283510483886e-12 9.2293092739708431e-13 9.1810303245092382e-12 
2.7732589892420941e-12 1.5254756409785772e-12 9.0246022728450433e-13 9.1443884974715677e-12 
2.7419073819189491e-12 1.5149170713556164e-12 8.8177160676716984e-13 9.1100413806645751e-12 
2.7124767154905119e-12 1.5037251086751272e-12 8.6091295543137453e-13 9.0781273875321158e-12 
2.6850656260357346e-12 1.4918472006586966e-12 8.3992741369005123e-13 9.0486810317911261e-12 
